OID_,STREET_NAM,ROADINVENT,FUNCTIONAL,JURISDICTI,Divided,InstallDat,ExisFacil,Shape_Length,shape_wkt
1,Veterans Of Foreign Wars Parkway,6212500.000000000000000,2,3,1,2013,BL,0.001884610126404,"MULTILINESTRING M ((-71.168281688999969 42.290672467000036 NAN, -71.168396929999972 42.290591773000074 NAN, -71.168799613999965 42.290323969000042 NAN, -71.169262831999959 42.290001756000038 NAN, -71.169820128999959 42.28958472100004 NAN))"
2,Veterans Of Foreign Wars Parkway,4847800.000000000000000,2,3,1,2013,BL,0.000912323553528,"MULTILINESTRING M ((-71.168107839999948 42.290489215000036 NAN, -71.167767896999976 42.290693619000081 NAN, -71.167317057999981 42.29094391700005 NAN))"
3,Veterans Of Foreign Wars Parkway,4838800.000000000000000,2,3,1,2013,BL,0.000915277193314,"MULTILINESTRING M ((-71.166557851999983 42.291311413000074 NAN, -71.165736196999944 42.291714669000044 NAN))"
4,Lake Street,4547801.000000000000000,6,2,,2010,SLM,0.001258480816121,"MULTILINESTRING M ((-71.166118083999947 42.340679268000031 NAN, -71.166108807999933 42.34082267000008 NAN, -71.166099783999982 42.341130433000046 NAN, -71.166052816999979 42.341479156000048 NAN, -71.165999649999947 42.341601668000067 NAN, -71.165901050999935 42.341780313000072 NAN, -71.165840410999976 42.341880854000067 NAN))"
5,Commonwealth Avenue,5141000.000000000000000,3,2,1,2013,SLM,0.002589769657624,"MULTILINESTRING M ((-71.166117176999933 42.339955042000042 NAN, -71.165535563999981 42.340004554000075 NAN, -71.16477157099996 42.340048470000056 NAN, -71.16409019699995 42.340067297000076 NAN, -71.163531038999963 42.340064538000036 NAN))"
6,Commonwealth Avenue,5673800.000000000000000,3,2,1,2013,SLM,0.002603241205295,"MULTILINESTRING M ((-71.163531038999963 42.340064538000036 NAN, -71.162542110999937 42.34004701300006 NAN, -71.161551297999949 42.340028909000068 NAN, -71.160928759999933 42.340000639000039 NAN))"
7,Lake Street,4540000.000000000000000,6,2,,2010,SLM,0.000950212552710,"MULTILINESTRING M ((-71.165840410999976 42.341880854000067 NAN, -71.165688994999982 42.342115055000079 NAN, -71.165325544999973 42.342679488000044 NAN))"
8,Lake Street,4535900.000000000000000,6,2,,2010,SLM,0.001984797099978,"MULTILINESTRING M ((-71.165325544999973 42.342679488000044 NAN, -71.164826568999956 42.343303739000078 NAN, -71.164426506999973 42.343689694000034 NAN, -71.164207519999934 42.343934948000026 NAN, -71.164033278999966 42.34418032800005 NAN))"
9,Faneuil Street,5454700.000000000000000,3,2,,2010,BL,0.000456987824553,"MULTILINESTRING M ((-71.168628609999985 42.351067359000069 NAN, -71.169085434999943 42.351079557000048 NAN))"
10,Washington Street,4505600.000000000000000,3,2,,2010,BL,0.000669542440503,"MULTILINESTRING M ((-71.163093170999957 42.349049824000076 NAN, -71.162763097999971 42.349031976000049 NAN, -71.16242531599994 42.349003416000073 NAN))"
11,Faneuil Street,4485300.000000000000000,6,2,,2017,SLM,0.000717746668358,"MULTILINESTRING M ((-71.164329692999956 42.352216827000063 NAN, -71.163946381999949 42.352293917000054 NAN, -71.163623336999933 42.352343053000027 NAN))"
12,Veterans Of Foreign Wars Parkway,5107800.000000000000000,2,3,1,2013,BL,0.001007735102847,"MULTILINESTRING M ((-71.156930112999987 42.295632175000037 NAN, -71.156591108999976 42.295651702000043 NAN, -71.15625911799998 42.295653272000038 NAN, -71.155923808999944 42.295629165000037 NAN))"
13,Beacon Street,4600100.000000000000000,3,2,,2009,BFBL,0.000692386657260,"MULTILINESTRING M ((-71.157882075999964 42.331651534000059 NAN, -71.157707807999941 42.331623447000027 NAN, -71.157490672999984 42.331599166000046 NAN, -71.157314948999954 42.331594702000075 NAN, -71.157193400999972 42.331598281000026 NAN))"
14,Centre Street,5137800.000000000000000,5,2,,2023,SBL,0.000517755306496,"MULTILINESTRING M ((-71.156966538999939 42.283735063000051 NAN, -71.156915946999959 42.283911597000042 NAN, -71.156841284999985 42.28423726300008 NAN))"
15,Commonwealth Avenue,6227100.000000000000000,3,2,1,2013,BL,0.002002002395599,"MULTILINESTRING M ((-71.157788665999988 42.339716854000073 NAN, -71.158400723999989 42.339847408000026 NAN, -71.158964392999962 42.339961618000075 NAN, -71.159758490999934 42.340066942000078 NAN))"
16,Washington Street,4506300.000000000000000,3,2,,2010,BL,0.000506892699878,"MULTILINESTRING M ((-71.15915711699995 42.348924001000057 NAN, -71.158996421999973 42.348937593000073 NAN, -71.158830556999987 42.348959047000051 NAN, -71.158654241999955 42.348986092000075 NAN))"
17,Faneuil Street,4481600.000000000000000,6,2,,2017,BL,0.000533586673197,"MULTILINESTRING M ((-71.160178549999955 42.352695290000042 NAN, -71.160054873999968 42.352770884000051 NAN, -71.15986658099996 42.352870486000029 NAN, -71.159730950999972 42.352982058000066 NAN))"
18,Faneuil Street,5648900.000000000000000,6,2,,2017,BL,0.000647760520164,"MULTILINESTRING M ((-71.15805985999998 42.354082766000033 NAN, -71.157467854999936 42.354345680000051 NAN))"
19,Baker Street,5437300.000000000000000,6,2,,2014,BL,0.001081038188247,"MULTILINESTRING M ((-71.177991143999975 42.294253026000035 NAN, -71.177581105999934 42.294073930000025 NAN, -71.177006811999945 42.29380629700006 NAN))"
20,Veterans Of Foreign Wars Parkway,4984800.000000000000000,2,3,1,2013,BL,0.000802111685419,"MULTILINESTRING M ((-71.172096421999981 42.276808928000037 NAN, -71.171822863999978 42.27756295000006 NAN))"
21,Veterans Of Foreign Wars Parkway,4933300.000000000000000,2,3,1,2013,BL,0.004563976173494,
22,Veterans Of Foreign Wars Parkway,6222500.000000000000000,2,3,1,2013,BL,0.002756162467331,"MULTILINESTRING M ((-71.17156922099997 42.287981014000025 NAN, -71.171717337999951 42.287768177000032 NAN, -71.171889193999959 42.287450053000043 NAN, -71.172067417999983 42.287085999000055 NAN, -71.172176098999955 42.286798762000046 NAN, -71.172295836999979 42.286378060000061 NAN, -71.172345501999985 42.286134297000046 NAN, -71.172388640999941 42.285816069000077 NAN, -71.172417704999987 42.285544013000049 NAN, -71.172432264999941 42.285402851000072 NAN))"
23,Baker Street,5688000.000000000000000,6,2,,2014,BL,0.000383047869584,"MULTILINESTRING M ((-71.173775766999938 42.290997379000032 NAN, -71.173808949999966 42.291039411000042 NAN, -71.174022283999989 42.291290521000064 NAN))"
24,Commonwealth Avenue,5717400.000000000000000,3,2,1,2013,SLM,0.000365556368990,"MULTILINESTRING M ((-71.155130992999943 42.33849297200004 NAN, -71.155015863999949 42.338438475000032 NAN, -71.154799791999949 42.338338261000047 NAN))"
25,Chestnut Hill Avenue,5701700.000000000000000,5,2,,2010,SLM,0.001221149939837,"MULTILINESTRING M ((-71.152319675999934 42.337209438000059 NAN, -71.152985870999942 42.337790850000033 NAN, -71.153228974999934 42.33802412700004 NAN))"
26,Chestnut Hill Avenue,4534000.000000000000000,5,2,,2013,BL,0.000614608154403,"MULTILINESTRING M ((-71.153471479999951 42.343217737000032 NAN, -71.153428432999988 42.343316139000081 NAN, -71.153408918999958 42.34348359300003 NAN, -71.153413356999977 42.343643237000038 NAN, -71.153436294999949 42.343820670000071 NAN))"
27,Western Avenue,5126300.000000000000000,5,2,,2024,SBL,0.000705591470672,"MULTILINESTRING M ((-71.132209309999951 42.363254570000038 NAN, -71.131789474999948 42.363169390000053 NAN, -71.131521871999951 42.363097072000073 NAN))"
28,Washington Street,5304500.000000000000000,3,2,,2010,SLM,0.000418146380145,"MULTILINESTRING M ((-71.154438431999949 42.349146462000078 NAN, -71.154180149999945 42.349146031000032 NAN, -71.154020285999934 42.349146112000028 NAN))"
29,Market Street,5789600.000000000000000,5,2,,2013,BL,0.000178301589504,"MULTILINESTRING M ((-71.153071112999953 42.349902507000024 NAN, -71.152964556999962 42.35004546600004 NAN))"
30,Washington Street,4504200.000000000000000,3,2,,2010,SLM,0.000837788439875,"MULTILINESTRING M ((-71.153452388999938 42.34912789200007 NAN, -71.152615751999974 42.349083983000071 NAN))"
31,Washington Street,5304400.000000000000000,3,2,,2010,BL,0.000524993366789,"MULTILINESTRING M ((-71.152615751999974 42.349083983000071 NAN, -71.152091424999981 42.349057540000047 NAN))"
32,Washington Street,5824200.000000000000000,3,2,,2010,SLM,0.000496537611187,"MULTILINESTRING M ((-71.151106710999954 42.349017966000076 NAN, -71.150878586999966 42.34901762800007 NAN, -71.150610221999955 42.349022723000076 NAN))"
33,Market Street,5273900.000000000000000,5,2,,2013,BL,0.000225021219896,"MULTILINESTRING M ((-71.150087566999957 42.354620204000071 NAN, -71.149965173999988 42.354809028000034 NAN))"
34,Belgrade Avenue,4899500.000000000000000,3,2,,2009,BL,0.000837062216516,"MULTILINESTRING M ((-71.147775546999981 42.286003578000077 NAN, -71.147054938999986 42.286025562000077 NAN, -71.146938820999935 42.286026033000041 NAN))"
35,Veterans Of Foreign Wars Parkway,6287101.000000000000000,2,3,1,2013,BL,0.000881855760868,"MULTILINESTRING M ((-71.146734154999933 42.296457805000045 NAN, -71.146395398999971 42.296453500000041 NAN, -71.146162484999934 42.296428587000037 NAN, -71.146007419999933 42.296370177000028 NAN, -71.145890477999956 42.296287652000046 NAN))"
36,Veterans Of Foreign Wars Parkway,5212800.000000000000000,2,3,1,2013,BL,0.012996914165709,
37,Western Avenue,4438100.000000000000000,5,2,,2024,SBL,0.000637544721704,"MULTILINESTRING M ((-71.145144089999974 42.36160604500003 NAN, -71.144517124999936 42.361721709000051 NAN))"
38,Perkins Street,6276500.000000000000000,5,3,1,2008,BL,0.000899356392835,"MULTILINESTRING M ((-71.12395622799994 42.319317884000043 NAN, -71.124187043999939 42.319231984000055 NAN, -71.124713969999959 42.31901201200003 NAN, -71.124791000999949 42.318983679000041 NAN))"
39,Centre Street,4828700.000000000000000,5,2,,2019,BFBL,0.000796555076852,"MULTILINESTRING M ((-71.138509511999985 42.292341037000028 NAN, -71.13789632199996 42.292849464000028 NAN))"
40,Everett Street,5719400.000000000000000,6,2,,2017,BLSL,0.000119109970705,"MULTILINESTRING M ((-71.138841136999986 42.354506649000029 NAN, -71.138801771999965 42.354619066000055 NAN))"
41,Western Avenue,5126200.000000000000000,5,2,,2024,SBL,0.001027254799213,"MULTILINESTRING M ((-71.139649390999978 42.362620855000046 NAN, -71.139241872999946 42.362687658000027 NAN, -71.138634627999977 42.362780476000069 NAN))"
42,Centre Street,5148000.000000000000000,5,2,,2010,SLM,0.000467090620598,"MULTILINESTRING M ((-71.136704554999937 42.293838844000049 NAN, -71.136339092999947 42.294129724000072 NAN))"
43,Cambridge Street,4468100.000000000000000,3,2,,2015,BL,0.000743814260915,"MULTILINESTRING M ((-71.135079338999958 42.354551750000041 NAN, -71.134496810999963 42.354798044000063 NAN, -71.134395827999981 42.354844983000078 NAN))"
44,Brighton Avenue,6244500.000000000000000,3,2,1,2013,SLM,0.003655241143250,"MULTILINESTRING M ((-71.132106748999945 42.353069743000049 NAN, -71.135735709999949 42.35350727000008 NAN))"
45,Brighton Avenue,5261700.000000000000000,3,2,1,2019,SLM,0.001099456658973,"MULTILINESTRING M ((-71.133172684999977 42.353086090000033 NAN, -71.132081847999984 42.352948687000037 NAN))"
46,Franklin Street,4447700.000000000000000,0,2,,2010,SLM,0.000348317975856,"MULTILINESTRING M ((-71.133161891999976 42.359396511000057 NAN, -71.133112299999937 42.359607917000062 NAN, -71.133068523999953 42.359731570000065 NAN))"
47,Franklin Street,4442100.000000000000000,0,2,,2010,SLM,0.001077435722784,"MULTILINESTRING M ((-71.132398639999963 42.360476106000078 NAN, -71.132366254999965 42.360500196000032 NAN, -71.131983940999987 42.360814636000043 NAN, -71.131573694999986 42.361168937000059 NAN))"
48,Western Avenue,5126600.000000000000000,5,2,,2015,BLSL,0.000781394093357,"MULTILINESTRING M ((-71.135332079999955 42.36318404900004 NAN, -71.134762201999933 42.363263268000026 NAN, -71.134558310999978 42.363292923000074 NAN))"
49,River Street,5076100.000000000000000,5,2,,2012,BLSL,0.000378756399537,"MULTILINESTRING M ((-71.128591408999966 42.25456024500005 NAN, -71.128701895999939 42.254382793000048 NAN, -71.12880211199996 42.25424582100004 NAN))"
50,Cummins Highway,5154600.000000000000000,3,2,,2012,BL,0.001584606650917,"MULTILINESTRING M ((-71.122013307999964 42.281554185000061 NAN, -71.121795329999941 42.28140877800007 NAN, -71.121070731999964 42.280934295000066 NAN, -71.120675989999938 42.280705104000049 NAN))"
51,Washington Street,5705200.000000000000000,3,2,,2009,BL-PEAKBUS,0.000819383629763,"MULTILINESTRING M ((-71.123072355999966 42.291208254000026 NAN, -71.122464062999939 42.291757225000026 NAN))"
52,Centre Street,5731300.000000000000000,2,3,1,2011,BL,0.001424700453700,"MULTILINESTRING M ((-71.124203786999942 42.306042250000075 NAN, -71.124063543999966 42.306290946000047 NAN, -71.123921466999946 42.306504303000054 NAN, -71.123664779999956 42.306838262000042 NAN, -71.123468264999985 42.307091390000039 NAN, -71.123390038999958 42.307208927000033 NAN))"
53,Centre Street,6235300.000000000000000,2,3,1,2011,BL,0.002517662806090,"MULTILINESTRING M ((-71.12263171099994 42.308401392000064 NAN, -71.122915917999933 42.307998877000045 NAN, -71.12329436999994 42.307492014000047 NAN, -71.123578355999939 42.307125511000038 NAN, -71.123927576999961 42.306688321000081 NAN, -71.124146144999941 42.306390814000054 NAN))"
54,South Huntington Avenue,4631500.000000000000000,5,2,,2023,SBL,0.000647033078112,"MULTILINESTRING M ((-71.112258560999976 42.323914409000054 NAN, -71.112262999999984 42.323993763000033 NAN, -71.112270980999938 42.324331404000077 NAN, -71.112259524999956 42.324560938000047 NAN))"
55,Huntington Avenue,5627300.000000000000000,3,2,1,2013,SLM,0.000760235279255,"MULTILINESTRING M ((-71.113507407999975 42.331779874000063 NAN, -71.112748694999937 42.331827960000055 NAN))"
56,South Huntington Avenue,5128000.000000000000000,5,2,,2010,SLM,0.001273773581452,"MULTILINESTRING M ((-71.111593200999948 42.330795497000054 NAN, -71.111827500999937 42.331392713000071 NAN, -71.112045358999978 42.331986234000055 NAN))"
57,Commonwealth Avenue,5118700.000000000000000,3,2,1,2019,SBL,0.000892046613656,"MULTILINESTRING M ((-71.115798412999936 42.351025509000067 NAN, -71.114913115999968 42.350915981000071 NAN))"
58,Commonwealth Avenue,5118600.000000000000000,3,2,1,2019,SBL,0.001135398540476,"MULTILINESTRING M ((-71.114913115999968 42.350915981000071 NAN, -71.113784929999952 42.350788207000051 NAN))"
59,River Street,5737500.000000000000000,5,2,,2012,SLM,0.000194317479406,"MULTILINESTRING M ((-71.128181189999964 42.254959554000038 NAN, -71.128066476999948 42.255018267000025 NAN, -71.128005949999988 42.255043176000072 NAN))"
60,Washington Street,4870700.000000000000000,3,2,,2009,BL-PEAKBUS,0.000481257690776,"MULTILINESTRING M ((-71.126312618999975 42.288157820000038 NAN, -71.125965268999948 42.288490922000051 NAN))"
61,Centre Street,6238600.000000000000000,2,3,1,2011,BL,0.000381720054275,"MULTILINESTRING M ((-71.130068544999972 42.298192561000064 NAN, -71.130090572999961 42.298184192000065 NAN, -71.130367665999984 42.298011212000063 NAN, -71.130396169999983 42.297997799000029 NAN))"
62,Centre Street,4790100.000000000000000,2,3,1,2011,BL,0.000400234793101,"MULTILINESTRING M ((-71.130276840999954 42.297891630000038 NAN, -71.130101065999952 42.297977158000037 NAN, -71.129976101999944 42.298057780000079 NAN, -71.12992855899995 42.298087451000072 NAN))"
63,Walter Street,6240300.000000000000000,6,2,,2016,BL,0.000175054826556,"MULTILINESTRING M ((-71.12992855899995 42.298087451000072 NAN, -71.130068544999972 42.298192561000064 NAN))"
64,Walter Street,4806700.000000000000000,6,2,,2016,BLSL,0.002022409414775,"MULTILINESTRING M ((-71.129326341999956 42.296506045000058 NAN, -71.129332249999948 42.296371023000063 NAN, -71.129358303999936 42.29622424300004 NAN, -71.129430055999933 42.29604047600003 NAN, -71.129534580999973 42.295891141000027 NAN, -71.130205726999975 42.295175314000062 NAN, -71.130442212999981 42.29488122500004 NAN))"
65,Walter Street,5222300.000000000000000,6,2,,2016,BLSL,0.001181962250443,"MULTILINESTRING M ((-71.129326341999956 42.296506045000058 NAN, -71.129350681999938 42.296652425000048 NAN, -71.129430523999986 42.29680292200004 NAN, -71.129449367999939 42.296843316000036 NAN, -71.129555158999949 42.297070035000047 NAN, -71.129729939999947 42.297380640000029 NAN, -71.129819579999946 42.297572805000073 NAN))"
66,Centre Street,6277300.000000000000000,2,3,1,2011,BL,0.000695888848314,"MULTILINESTRING M ((-71.125399653999978 42.302887119000047 NAN, -71.125661366999964 42.302563866000071 NAN, -71.125816783999937 42.302330992000066 NAN))"
67,North Harvard Street,5222000.000000000000000,5,2,,2012,BL,0.000239387588734,"MULTILINESTRING M ((-71.128689787999974 42.360231437000039 NAN, -71.128879814999948 42.360377026000037 NAN))"
68,North Harvard Street,5814001.000000000000000,5,2,,2009,BLSL,0.000626417428661,"MULTILINESTRING M ((-71.129755677999981 42.36320618600007 NAN, -71.12994994099995 42.363038570000072 NAN, -71.130090309999957 42.36287528400004 NAN, -71.130182810999941 42.362751522000053 NAN))"
69,North Harvard Street,5180600.000000000000000,5,2,,2009,BL,0.002151520275897,"MULTILINESTRING M ((-71.129755677999981 42.36320618600007 NAN, -71.129604487999984 42.363337368000032 NAN, -71.129376671999978 42.363500372000033 NAN, -71.128526240999975 42.364128392000055 NAN, -71.128030170999978 42.364490277000073 NAN))"
70,Western Avenue,5151500.000000000000000,5,2,,2021,SBL,0.000709441504882,"MULTILINESTRING M ((-71.125449100999958 42.363562483000067 NAN, -71.125022128999944 42.363594290000037 NAN, -71.124742003999984 42.363619825000058 NAN))"
71,American Legion Highway,5694800.000000000000000,5,2,1,2009,BFBL,0.002292303364884,"MULTILINESTRING M ((-71.119087297999954 42.272498646000031 NAN, -71.118828018999977 42.272493845000042 NAN, -71.118656897999983 42.27250790800008 NAN, -71.118460930999959 42.272558460000027 NAN, -71.118157089999954 42.272688559000073 NAN, -71.11786247699996 42.27285863600008 NAN, -71.117592470999966 42.273061995000035 NAN, -71.117311930999961 42.273348596000062 NAN, -71.117154347999985 42.273541547000036 NAN))"
72,Cummins Highway,4931300.000000000000000,3,2,,2012,BL,0.001109900697116,"MULTILINESTRING M ((-71.12449548799998 42.283914850000031 NAN, -71.124368448999974 42.283710742000039 NAN, -71.124247560999947 42.283458260000032 NAN, -71.124162578999972 42.283221655000034 NAN, -71.124041476999935 42.28300687400008 NAN, -71.123976879999987 42.28294195400008 NAN))"
73,Perkins Street,4648600.000000000000000,5,3,1,2008,BL,0.001129501321322,"MULTILINESTRING M ((-71.119618918999947 42.321463756000071 NAN, -71.119193782999957 42.321393703000069 NAN, -71.118507035999983 42.321265384000071 NAN))"
74,Chestnut Street,6251200.000000000000000,5,3,1,2007,BL,0.001463281892084,"MULTILINESTRING M ((-71.118507035999983 42.321265384000071 NAN, -71.119034384999964 42.321421870000052 NAN, -71.119258056999968 42.321486193000055 NAN, -71.11936441499995 42.321546195000053 NAN, -71.11943869199996 42.321613960000036 NAN, -71.11947558199995 42.321721553000032 NAN, -71.119515988999979 42.322063238000055 NAN))"
75,Commonwealth Avenue,5119400.000000000000000,3,2,1,2010,BL,0.000698398193224,"MULTILINESTRING M ((-71.124097160999952 42.352019200000029 NAN, -71.123403468999982 42.351938259000065 NAN))"
76,Commonwealth Avenue,6276000.000000000000000,3,2,1,2019,SBL,0.001557697547172,"MULTILINESTRING M ((-71.121261035999964 42.351880476000076 NAN, -71.122807102999957 42.352070472000037 NAN))"
77,Truman Highway,6233200.000000000000000,5,3,,0,BL,0.004789132072435,
78,American Legion Highway,6291500.000000000000000,5,2,1,2009,SLM,0.001516331466113,"MULTILINESTRING M ((-71.116780487999961 42.279100324000069 NAN, -71.116751038999951 42.278801999000052 NAN, -71.11667601299996 42.278553602000045 NAN, -71.116593805999969 42.278396340000029 NAN, -71.116394759999935 42.278170038000042 NAN, -71.116215118999946 42.277961806000064 NAN, -71.116095104999943 42.277797798000051 NAN))"
79,American Legion Highway,5121000.000000000000000,5,2,1,2009,SLM,0.003296332831375,
80,Walk Hill Street,5690500.000000000000000,5,2,,2014,SLM,0.000826236502736,"MULTILINESTRING M ((-71.113400490999936 42.293126954000059 NAN, -71.113758873999984 42.293546797000033 NAN, -71.113969176999944 42.293722800000069 NAN))"
81,North Beacon Street,5233900.000000000000000,3,2,,2024,SBL,0.000826136539037,"MULTILINESTRING M ((-71.153736393999964 42.357489257000054 NAN, -71.153598164999948 42.357404681000048 NAN, -71.153449364999972 42.357335878000072 NAN, -71.153194630999963 42.357234393000056 NAN, -71.152977431999943 42.357172142000024 NAN))"
82,Centre Street,4884000.000000000000000,3,2,,2023,SBL,0.001391848619872,"MULTILINESTRING M ((-71.150071920999949 42.28729915100007 NAN, -71.149714247999952 42.287261483000066 NAN, -71.149008339999966 42.287193496000043 NAN, -71.148771095999962 42.287166888000058 NAN, -71.148687009999946 42.287161002000062 NAN))"
83,Birmingham Parkway,5311900.000000000000000,3,3,1,2024,SBLSL,0.001209203206040,"MULTILINESTRING M ((-71.14712373499998 42.35937300900008 NAN, -71.146487351999951 42.360401206000063 NAN))"
84,North Beacon Street,5147800.000000000000000,3,2,,2024,SBL,0.000988028509923,"MULTILINESTRING M ((-71.139066790999948 42.353799651000031 NAN, -71.138085418999935 42.353685155000051 NAN))"
85,North Beacon Street,5147700.000000000000000,3,2,1,2024,SBL,0.000630013331079,"MULTILINESTRING M ((-71.138085418999935 42.353685155000051 NAN, -71.137470099999973 42.35354988000006 NAN))"
86,Milton Street,5387400.000000000000000,3,2,,2023,BFBL,0.000262188309821,"MULTILINESTRING M ((-71.134854013999984 42.238728690000073 NAN, -71.134653843999956 42.238898026000072 NAN))"
87,Milton Street,5631200.000000000000000,3,1,,2020,SLM,0.000967805487289,"MULTILINESTRING M ((-71.133772989999954 42.239650915000027 NAN, -71.133716449999952 42.23963948200003 NAN, -71.133569080999962 42.239621569000064 NAN, -71.13347590799998 42.239597680000031 NAN, -71.133357547999935 42.239567436000073 NAN, -71.133258846999979 42.239546861000065 NAN, -71.133076822999953 42.239498451000031 NAN, -71.133053612999959 42.239484876000063 NAN, -71.133009909999942 42.239480795000077 NAN, -71.132877049999934 42.239441544000044 NAN, -71.132834014999958 42.239429002000065 NAN))"
88,Wolcott Court,5100100.000000000000000,0,2,,2020,SLM,0.001299015539308,"MULTILINESTRING M ((-71.13190179299994 42.237244480000072 NAN, -71.131702256999972 42.237603964000073 NAN, -71.131404198999974 42.238269801000058 NAN, -71.131329938999954 42.238409672000046 NAN))"
89,Western Avenue,5859000.000000000000000,3,1,,2021,BL,0.000331479697396,"MULTILINESTRING M ((-71.117825833999973 42.364183694000076 NAN, -71.11815719699996 42.364174899000034 NAN))"
90,Cummins Highway,5162100.000000000000000,3,2,,2020,SBL,0.001321356845309,"MULTILINESTRING M ((-71.116378032999933 42.278867715000047 NAN, -71.116084915999977 42.278636970000036 NAN, -71.115956666999978 42.278536007000071 NAN, -71.11534228499994 42.278047228000048 NAN))"
91,Mount Hope Street,5218800.000000000000000,0,2,,2021,CFBL,0.002130014885197,"MULTILINESTRING M ((-71.118193471999973 42.284534413000074 NAN, -71.11787011499996 42.284308828000064 NAN, -71.117207659999963 42.283863788000076 NAN, -71.116842424999959 42.283611045000043 NAN, -71.116647459999967 42.283490540000059 NAN, -71.116427311999985 42.283344247000059 NAN))"
92,South Street,5735800.000000000000000,5,2,,2010,SLM,0.000165334205830,"MULTILINESTRING M ((-71.114447747999975 42.302175670000054 NAN, -71.114450517999956 42.302340981000043 NAN))"
93,South Street,5736000.000000000000000,5,2,,2010,SLM,0.000202525790704,"MULTILINESTRING M ((-71.114670291999971 42.305500048000056 NAN, -71.114742538999963 42.305614114000036 NAN, -71.114771735999966 42.30567497800007 NAN))"
94,Centre Street,4736000.000000000000000,5,2,,2011,SLM,0.000608980196566,"MULTILINESTRING M ((-71.117314412999974 42.308962810000025 NAN, -71.117164882999987 42.308993824000027 NAN, -71.116722621999941 42.309106009000061 NAN))"
95,Centre Street,5852700.000000000000000,5,2,,2010,BL,0.000555055478635,"MULTILINESTRING M ((-71.115472829999987 42.309683653000036 NAN, -71.115360288999966 42.309868558000062 NAN, -71.115133210999943 42.310119719000056 NAN))"
96,Centre Street,4721700.000000000000000,5,2,,2010,BL,0.000661966065447,"MULTILINESTRING M ((-71.114572790999944 42.310991134000062 NAN, -71.114495657999953 42.311239020000073 NAN, -71.114397380999947 42.311629190000076 NAN))"
97,Perkins Street,5291300.000000000000000,5,2,,2010,SLM,0.000700704545168,"MULTILINESTRING M ((-71.115194712999937 42.321141242000067 NAN, -71.11494634099995 42.321181487000047 NAN, -71.114501639999958 42.321244142000069 NAN))"
98,Centre Street,4661200.000000000000000,5,2,,2010,SLM,0.000509038715283,"MULTILINESTRING M ((-71.111934639999959 42.319114183000067 NAN, -71.111669639999946 42.319548804000078 NAN))"
99,River Street,5858200.000000000000000,5,2,,2013,SLM,0.000065768733628,"MULTILINESTRING M ((-71.10034707899996 42.264466132000052 NAN, -71.10028946999995 42.264497861000052 NAN))"
100,Jewish War Veterans Drive,5190500.000000000000000,5,2,,2009,BL,0.006224170022651,
101,Seaver Street,5148900.000000000000000,3,2,1,2016,BFBL,0.001700877681042,"MULTILINESTRING M ((-71.092871140999989 42.31063045500008 NAN, -71.093008026999939 42.310800306000033 NAN, -71.093123089999949 42.31097346100006 NAN, -71.09319409699998 42.311101441000062 NAN, -71.09325905299994 42.311316052000052 NAN, -71.093302441999981 42.311466443000029 NAN, -71.093383568999968 42.311759330000029 NAN, -71.093483140999979 42.31219182500007 NAN))"
102,Walk Hill Street,5688700.000000000000000,5,2,,2015,BL,0.001836145593273,"MULTILINESTRING M ((-71.107948061999934 42.288624412000047 NAN, -71.109408298999938 42.289737578000029 NAN))"
103,American Legion Highway,5119700.000000000000000,5,2,1,2020,SBL,0.002966807693830,"MULTILINESTRING M ((-71.109198919999983 42.286150513000052 NAN, -71.10859299699996 42.286506404000079 NAN, -71.108531163999942 42.286548957000036 NAN, -71.108179162999988 42.286762703000079 NAN, -71.108113931999981 42.286802431000069 NAN, -71.107789876999959 42.28700051900006 NAN, -71.107352896999942 42.287261235000074 NAN, -71.10705553799994 42.287430155000038 NAN, -71.106652205999978 42.287671853000063 NAN))"
104,Arborway,5241800.000000000000000,0,3,1,2018,SBL,0.000554110253324,"MULTILINESTRING M ((-71.111584888999971 42.30123252900006 NAN, -71.111031571999945 42.301262168000051 NAN))"
105,James Shea Circle,5764000.000000000000000,2,1,1,2018,SBL,0.000478913220262,"MULTILINESTRING M ((-71.106990000999986 42.300373438000065 NAN, -71.106855200999973 42.300292512000055 NAN, -71.106732092999948 42.300254650000056 NAN, -71.106541235999941 42.300226730000077 NAN))"
106,Forest Hills Entrance Drive,5630000.000000000000000,5,2,,2009,BL,0.003883495090521,
107,Williams Street,4756700.000000000000000,0,2,,2017,SLMTC,0.000733403266068,"MULTILINESTRING M ((-71.106168125999943 42.305284006000079 NAN, -71.105634566999981 42.304780821000065 NAN))"
108,Centre Street,4650900.000000000000000,5,2,,2010,SLM,0.000294199189806,"MULTILINESTRING M ((-71.110693948999938 42.320761466000079 NAN, -71.110532449999937 42.321007375000079 NAN))"
109,Centre Street,4638100.000000000000000,5,2,,2010,BLSL,0.000289614218024,"MULTILINESTRING M ((-71.105156631999932 42.322710848000042 NAN, -71.104867621999972 42.322729546000062 NAN))"
110,Huntington Avenue,4587900.000000000000000,3,2,,2013,SLM,0.000597481401998,"MULTILINESTRING M ((-71.106140065999966 42.333496370000034 NAN, -71.10561710199994 42.33378532100005 NAN))"
111,River Street,5041400.000000000000000,5,2,,2013,SLM,0.001382072229539,"MULTILINESTRING M ((-71.096406043999934 42.26670874000007 NAN, -71.095977146999985 42.266756186000066 NAN, -71.095644371999981 42.266816351000045 NAN, -71.095366767999963 42.266898086000026 NAN, -71.095074973999942 42.267036602000076 NAN))"
112,Blue Hill Avenue,6257501.000000000000000,2,1,1,2010,BL,0.000395543877228,"MULTILINESTRING M ((-71.093696350999949 42.273149105000073 NAN, -71.093694269999958 42.273093036000034 NAN, -71.093694374999984 42.273076761000027 NAN, -71.093695251999975 42.272939989000065 NAN, -71.093695930999957 42.272834208000063 NAN, -71.093698767999967 42.272753655000031 NAN))"
113,Blue Hill Avenue,6229400.000000000000000,2,2,1,2010,BL,0.000970210245401,"MULTILINESTRING M ((-71.093683116999955 42.274359612000069 NAN, -71.093702974999985 42.273389605000034 NAN))"
114,Blue Hill Avenue,6229600.000000000000000,2,2,1,2010,BL,0.000891811668024,"MULTILINESTRING M ((-71.093636110999967 42.275250184000072 NAN, -71.093683116999955 42.274359612000069 NAN))"
115,Walk Hill Street,4972400.000000000000000,5,2,,2014,SLM,0.001227260281631,"MULTILINESTRING M ((-71.095396766999954 42.278630292000059 NAN, -71.095933454999965 42.279158860000052 NAN, -71.096283380999978 42.279478574000052 NAN))"
116,Blue Hill Avenue,5158300.000000000000000,2,2,1,2010,BL,0.000191477856859,"MULTILINESTRING M ((-71.093384042999958 42.277012767000031 NAN, -71.093375428999934 42.277204051000069 NAN))"
117,Blue Hill Avenue,6223700.000000000000000,2,2,1,2010,BL,0.001747959311314,"MULTILINESTRING M ((-71.092109922999953 42.282609827000044 NAN, -71.092415281999934 42.281670654000038 NAN, -71.09264972699998 42.280947307000076 NAN))"
118,Walk Hill Street,5736300.000000000000000,5,2,,2015,BL,0.001939213457745,"MULTILINESTRING M ((-71.102694928999938 42.284546564000038 NAN, -71.103262456999971 42.285008809000033 NAN, -71.104199066999968 42.285770540000044 NAN))"
119,Tremont Street,4586700.000000000000000,5,2,,2015,SLM,0.001403054955912,"MULTILINESTRING M ((-71.104663437999989 42.33411475500003 NAN, -71.103327883999953 42.33368480300004 NAN))"
120,Huntington Avenue,5229200.000000000000000,3,2,1,2013,SLM,0.002292010284936,"MULTILINESTRING M ((-71.104663437999989 42.33411475500003 NAN, -71.103694763999954 42.33452168000008 NAN, -71.102999797999985 42.334793215000047 NAN, -71.102533913999935 42.334961088000057 NAN))"
121,Huntington Avenue,5229300.000000000000000,3,2,1,2013,SLM,0.000637087847181,"MULTILINESTRING M ((-71.100092649999965 42.335837484000081 NAN, -71.099565704999975 42.336075505000053 NAN, -71.099510663999979 42.336096416000032 NAN))"
122,Huntington Avenue,6241601.000000000000000,3,2,1,2013,SLM,0.001157204789237,"MULTILINESTRING M ((-71.099251589999938 42.336371899000028 NAN, -71.099564515999987 42.336263439000049 NAN, -71.099721020999937 42.336197317000028 NAN, -71.100325737999981 42.335942748000036 NAN))"
123,Mountfort Street,5660100.000000000000000,0,2,,2017,SLM,0.000865125537429,"MULTILINESTRING M ((-71.102684288999967 42.347831067000072 NAN, -71.102461232999985 42.347796103000064 NAN, -71.102272177999964 42.347764501000029 NAN, -71.102186373999984 42.347747886000036 NAN, -71.102122046999966 42.347724030000052 NAN, -71.102036584999951 42.347683784000026 NAN, -71.101961843999959 42.347627258000045 NAN, -71.10187383799996 42.347572808000052 NAN))"
124,Bay State Road,4495700.000000000000000,0,2,,2019,CFBL,0.003083300773948,"MULTILINESTRING M ((-71.100359008999988 42.350328391000062 NAN, -71.10342688999998 42.350636368000039 NAN))"
125,Commonwealth Avenue,5126800.000000000000000,3,2,1,2008,BL,0.002546103128095,"MULTILINESTRING M ((-71.100592844999937 42.349192954000046 NAN, -71.099975829999948 42.349121035000053 NAN, -71.09948355399996 42.349055743000065 NAN, -71.098115703999952 42.348902983000073 NAN, -71.098064361999946 42.34889492700006 NAN))"
126,Walnut Avenue,5205900.000000000000000,6,2,,2011,SLM,0.000496729001857,"MULTILINESTRING M ((-71.094790330999956 42.313582899000039 NAN, -71.09439587199995 42.313884796000025 NAN))"
127,Ruggles Street,4581300.000000000000000,5,2,,2010,SLM,0.001035108962784,"MULTILINESTRING M ((-71.089527100999987 42.334550678000028 NAN, -71.089721554999983 42.334766881000064 NAN, -71.090192065999986 42.335343628000032 NAN))"
128,Columbus Avenue,5194100.000000000000000,3,2,,2018,SBL,0.000563448660044,"MULTILINESTRING M ((-71.087635180999939 42.336469585000032 NAN, -71.087157407999939 42.336768261000032 NAN))"
129,Huntington Avenue,5595000.000000000000000,3,2,1,2012,SLM,0.000946857428747,"MULTILINESTRING M ((-71.090568082999937 42.339576904000069 NAN, -71.089692950999961 42.339938405000055 NAN))"
130,Westland Avenue,5301200.000000000000000,5,2,,2017,SBL,0.001820698876794,"MULTILINESTRING M ((-71.089485760999935 42.343854318000069 NAN, -71.087685996999937 42.343579011000031 NAN))"
131,Massachusetts Avenue,4518700.000000000000000,3,2,,2016,SBLBL,0.000627009248968,"MULTILINESTRING M ((-71.087067558999934 42.345932303000041 NAN, -71.087345429999971 42.346494378000045 NAN))"
132,Westland Avenue,5301100.000000000000000,5,2,,2017,SBL,0.000891047055449,"MULTILINESTRING M ((-71.087685996999937 42.343579011000031 NAN, -71.086805196999933 42.343444266000063 NAN))"
133,Westland Avenue,4532100.000000000000000,5,2,,2017,BL,0.001017329972972,"MULTILINESTRING M ((-71.086805196999933 42.343444266000063 NAN, -71.086324083999955 42.343363760000045 NAN, -71.085976924999954 42.343327625000029 NAN, -71.085796889999983 42.343340479000062 NAN))"
134,Commonwealth Avenue,5859201.000000000000000,3,1,1,2010,BL,0.000183980329049,"MULTILINESTRING M ((-71.091918832999966 42.348859942000047 NAN, -71.091734888999952 42.348863598000037 NAN))"
135,Ruggles Street,5406900.000000000000000,5,2,,2010,SLM,0.000272174919073,"MULTILINESTRING M ((-71.095493181999984 42.337630015000059 NAN, -71.095236847999956 42.337538516000052 NAN))"
136,Forsyth Way,6256000.000000000000000,5,2,1,2011,BL,0.001004844210153,"MULTILINESTRING M ((-71.092842202999975 42.340010230000075 NAN, -71.093199470999934 42.340489687000058 NAN, -71.093254478999938 42.340617902000076 NAN, -71.093279321999944 42.340700827000035 NAN, -71.09327891099997 42.340764837000052 NAN, -71.093242801999963 42.340855076000025 NAN, -71.093228434999958 42.340868445000069 NAN))"
137,Huntington Avenue,5594700.000000000000000,3,2,1,2012,SLM,0.003253158715677,"MULTILINESTRING M ((-71.095493181999984 42.337630015000059 NAN, -71.095431048999956 42.33765117400003 NAN, -71.094581310999956 42.337993667000035 NAN, -71.094503792999944 42.33802836600006 NAN, -71.093632062999973 42.338418518000026 NAN, -71.092478744999937 42.338849952000032 NAN))"
138,Beacon Street,5820300.000000000000000,3,2,,2023,SBL,0.001299393855025,"MULTILINESTRING M ((-71.094981110999981 42.349373423000031 NAN, -71.096234913999979 42.349032245000046 NAN))"
139,Commonwealth Avenue,6228200.000000000000000,3,2,1,2009,BL,0.001259819807878,"MULTILINESTRING M ((-71.094979592999948 42.349125077000053 NAN, -71.09551606499997 42.349110882000048 NAN, -71.095854044999953 42.349076784000033 NAN, -71.096234913999979 42.349032245000046 NAN))"
140,Bay State Road,5655200.000000000000000,6,2,,2019,CFBL,0.000587878998465,"MULTILINESTRING M ((-71.09469652599995 42.349948717000075 NAN, -71.094708761999982 42.349948866000034 NAN, -71.095222270999955 42.349955179000062 NAN, -71.095284323999977 42.349957443000051 NAN))"
141,Commonwealth Avenue,6209400.000000000000000,3,2,1,2010,BL,0.002127249822294,"MULTILINESTRING M ((-71.092852733999962 42.349165852000056 NAN, -71.094979592999948 42.349125077000053 NAN))"
142,Blue Hill Avenue,4935800.000000000000000,2,2,1,2010,BL,0.000901193498183,"MULTILINESTRING M ((-71.09195111799994 42.282412320000049 NAN, -71.091696620999983 42.28327683200007 NAN))"
143,Norfolk Street,4965300.000000000000000,5,2,,2017,BL,0.000816624031266,"MULTILINESTRING M ((-71.089163245999941 42.279384115000028 NAN, -71.088589279999951 42.27996500900008 NAN))"
144,Blue Hill Avenue,6212800.000000000000000,3,2,1,2010,BL,0.000559228831843,"MULTILINESTRING M ((-71.090933650999943 42.286103931000071 NAN, -71.091106840999942 42.285572196000032 NAN))"
145,Blue Hill Avenue,6219000.000000000000000,3,2,1,2010,BL,0.000686163858696,"MULTILINESTRING M ((-71.090334961999986 42.28789504100007 NAN, -71.090548904999935 42.287243083000078 NAN))"
146,Blue Hill Avenue,6212400.000000000000000,3,2,1,2010,BL,0.000689930476740,"MULTILINESTRING M ((-71.089494738999974 42.290446700000075 NAN, -71.089710348999972 42.289791325000067 NAN))"
147,Blue Hill Avenue,6219600.000000000000000,3,2,1,2012,SLM,0.000995361670420,"MULTILINESTRING M ((-71.088912221999976 42.29217258400007 NAN, -71.089233993999983 42.291230667000036 NAN))"
148,Blue Hill Avenue,5691100.000000000000000,3,2,1,2012,BL,0.000967800629323,"MULTILINESTRING M ((-71.088726471999962 42.292187573000035 NAN, -71.088516922999986 42.292824452000048 NAN, -71.088422661999971 42.293106449000049 NAN))"
149,American Legion Highway,5120600.000000000000000,5,2,1,2008,SLM,0.001079416740635,"MULTILINESTRING M ((-71.092208189999951 42.29588794600005 NAN, -71.091890990999957 42.296330779000073 NAN, -71.091716080999959 42.296568175000061 NAN, -71.091568578999954 42.29675727800003 NAN))"
150,American Legion Highway,5689900.000000000000000,5,2,1,2008,SLM,0.000878057242239,"MULTILINESTRING M ((-71.090480376999949 42.297268037000038 NAN, -71.090432628999963 42.297284411000078 NAN, -71.090059166999936 42.297399557000062 NAN, -71.089635727999962 42.29750664200003 NAN))"
151,Blue Hill Avenue,6278400.000000000000000,3,2,1,2012,BL,0.000209665330956,"MULTILINESTRING M ((-71.088090566999938 42.294666289000077 NAN, -71.088157212999988 42.294467498000074 NAN))"
152,American Legion Highway,5120800.000000000000000,5,2,1,2008,SLM,0.001624643254655,"MULTILINESTRING M ((-71.08859896599995 42.297753334000049 NAN, -71.087421061999976 42.298051832000056 NAN, -71.087025191999942 42.298156627000026 NAN))"
153,Seaver Street,6247400.000000000000000,3,2,1,2016,SLM,0.002521897077602,"MULTILINESTRING M ((-71.087483650999957 42.306681999000034 NAN, -71.087260696999977 42.306550089000041 NAN, -71.086566478999941 42.306119391000038 NAN, -71.086160982999957 42.305878226000061 NAN, -71.085830156999975 42.305695847000038 NAN, -71.085559970999952 42.305542385000081 NAN, -71.085303052999961 42.305417670000054 NAN))"
154,Seaver Street,6228700.000000000000000,3,2,1,2016,SUP,0.000337223968557,"MULTILINESTRING M ((-71.092172160999951 42.309867786000041 NAN, -71.091896708999968 42.309673245000056 NAN))"
155,Massachusetts Avenue,5308700.000000000000000,3,2,,2016,SBLBL,0.000399416322140,"MULTILINESTRING M ((-71.089098948999947 42.350072298000043 NAN, -71.088924581999947 42.349712952000061 NAN))"
156,Commonwealth Avenue,5456100.000000000000000,3,2,1,2010,BL,0.001978329904396,"MULTILINESTRING M ((-71.088698031999968 42.349272940000048 NAN, -71.090676063999979 42.349238609000054 NAN))"
157,Massachusetts Avenue,4503700.000000000000000,3,2,,2016,SBLBL,0.000401676622248,"MULTILINESTRING M ((-71.088698031999968 42.349272940000048 NAN, -71.088533016999975 42.348906724000074 NAN))"
158,Boylston Street,5809700.000000000000000,3,2,,2024,SBL,0.001064159182693,"MULTILINESTRING M ((-71.087758295999947 42.347308250000026 NAN, -71.087348150999958 42.347418752000067 NAN, -71.087233735999973 42.347457167000073 NAN, -71.086818426999969 42.347574965000035 NAN, -71.086734165999985 42.347596645000067 NAN))"
159,Hereford Street,5269600.000000000000000,5,2,,2013,BL,0.000426799152377,"MULTILINESTRING M ((-71.085649989999979 42.348775465000074 NAN, -71.085838722999938 42.349158267000064 NAN))"
160,South Street,5836800.000000000000000,6,2,,2018,SBL,0.000317683508524,"MULTILINESTRING M ((-71.114527278999958 42.301603858000078 NAN, -71.114476592999949 42.301917472000071 NAN))"
161,Eliot Street,4725400.000000000000000,0,2,,2023,CFBL,0.000656083678870,"MULTILINESTRING M ((-71.116857047999986 42.311038155000062 NAN, -71.116395534999981 42.310571838000044 NAN))"
162,Seaverns Avenue,5246500.000000000000000,6,2,,2023,BL,0.000404258931240,"MULTILINESTRING M ((-71.112672778999979 42.311968662000027 NAN, -71.112456340999984 42.311921450000057 NAN, -71.112275300999954 42.311896644000058 NAN))"
163,Walnut Entrance,6249200.000000000000000,0,2,,,SUP,0.000466857077684,"MULTILINESTRING M ((-71.096546217999958 42.310988904000055 NAN, -71.096461016999967 42.311103838000065 NAN, -71.096380057999966 42.311228514000049 NAN, -71.096328239999934 42.311395804000028 NAN))"
164,Walnut Entrance,6249300.000000000000000,0,2,,,SUP,0.001168562381184,"MULTILINESTRING M ((-71.096328239999934 42.311395804000028 NAN, -71.096380617999955 42.311559751000061 NAN, -71.096424705999937 42.311770155000033 NAN, -71.096423437999988 42.311795587000063 NAN, -71.096415511999965 42.311954582000055 NAN, -71.096379456999955 42.312160737000056 NAN, -71.096330180999985 42.312345023000034 NAN, -71.096224894999978 42.312511265000069 NAN))"
165, ,5875900.000000000000000,0, ,,2021,SBL,0.000408856986336,"MULTILINESTRING M ((-71.094732644999965 42.313178684000036 NAN, -71.094746061999956 42.313333472000068 NAN, -71.094770419999975 42.313495613000043 NAN, -71.094790330999956 42.313582899000039 NAN))"
166,Paine Street,5275400.000000000000000,0,2,,2021,CFBL,0.000724354505976,"MULTILINESTRING M ((-71.109374020999951 42.284695081000052 NAN, -71.109312288999945 42.284734694000065 NAN, -71.109150892999935 42.284793788000059 NAN, -71.109070218999989 42.28481940000006 NAN, -71.108965625999986 42.28485336600005 NAN, -71.108764295999947 42.284906134000039 NAN, -71.108691801999953 42.284930216000078 NAN))"
167,Washington Street,4754200.000000000000000,3,2,,2016,SLM,0.001379021885308,"MULTILINESTRING M ((-71.10843869699994 42.305519652000044 NAN, -71.108073140999977 42.305884715000047 NAN, -71.107771242999945 42.306192039000052 NAN, -71.107464811999932 42.306495969000025 NAN))"
168,Washington Street,4748800.000000000000000,3,2,,2016,SLM,0.000637127146528,"MULTILINESTRING M ((-71.107464811999932 42.306495969000025 NAN, -71.107115051999983 42.306849827000065 NAN, -71.10702361999995 42.306955299000037 NAN))"
169,Green Street,5212300.000000000000000,6,2,,2023,BFBL,0.001046608235166,"MULTILINESTRING M ((-71.109750688999952 42.31165651200007 NAN, -71.11044093299995 42.311945584000057 NAN, -71.110712146999958 42.312069730000076 NAN))"
170,Cummins Highway,5278800.000000000000000,3,2,1,,BFBL,0.001461185676325,"MULTILINESTRING M ((-71.094166382999958 42.267520124000043 NAN, -71.095327043999987 42.268407778000039 NAN))"
171,Washington Street,5716400.000000000000000,3,2,,2016,SLM,0.001157773302844,"MULTILINESTRING M ((-71.089600188999952 42.323402843000054 NAN, -71.089310712999975 42.323662528000057 NAN, -71.089017328999944 42.323973770000066 NAN, -71.088788400999988 42.324226724000027 NAN))"
172,Washington Street,5135300.000000000000000,3,2,,2016,SLM,0.001186352851520,"MULTILINESTRING M ((-71.088788400999988 42.324226724000027 NAN, -71.088537976999987 42.324490290000028 NAN, -71.088430549999941 42.324627199000076 NAN, -71.088301476999959 42.324827615000061 NAN, -71.088215041999945 42.325001175000068 NAN, -71.088142751999953 42.325186039000073 NAN, -71.088135053999963 42.325202302000037 NAN))"
173,Glen Lane,5390900.000000000000000,6,2,,,SUP,0.001986974813633,"MULTILINESTRING M ((-71.099743291999971 42.30799759000007 NAN, -71.099554806999947 42.307841956000061 NAN, -71.099448190999965 42.307730975000027 NAN, -71.099314165999942 42.307587584000032 NAN, -71.099208227999952 42.30749774800006 NAN, -71.099038303999976 42.307396433000065 NAN, -71.098790366999935 42.307284717000073 NAN, -71.098069219999957 42.306977931000063 NAN))"
174,Washington Street,4732900.000000000000000,3,2,,2016,SLM,0.000797838711664,"MULTILINESTRING M ((-71.104558421999968 42.309443481000073 NAN, -71.104267482999944 42.309750835000045 NAN, -71.103995228999963 42.310008167000035 NAN))"
175,Dimock Street,4657500.000000000000000,0,2,,2021,BFBL,0.001183726114069,"MULTILINESTRING M ((-71.099569197999983 42.31982239000007 NAN, -71.099413122999977 42.319774016000054 NAN, -71.099257232999946 42.319726208000077 NAN, -71.099008847999983 42.319677514000034 NAN, -71.098746219999953 42.319633269000065 NAN, -71.098412563999943 42.319580338000037 NAN))"
176,Boylston Street,5667600.000000000000000,2,2,,2022,SBL,0.000745237971602,"MULTILINESTRING M ((-71.102649087999964 42.343321813000045 NAN, -71.101919480999982 42.343473646000064 NAN))"
177,Boylston Street,5667700.000000000000000,2,2,,2022,SBL,0.001981703638101,"MULTILINESTRING M ((-71.101919480999982 42.343473646000064 NAN, -71.100003740999966 42.343980686000066 NAN))"
178,Maitland Street,5517500.000000000000000,0,2,,,SLM,0.000863905674751,"MULTILINESTRING M ((-71.100952507999978 42.346770732000039 NAN, -71.101470613999936 42.346946961000071 NAN, -71.101619229999983 42.347226567000064 NAN))"
179,Ruggles Street,4583200.000000000000000,5,2,,2023,SBLBL,0.001314290895049,"MULTILINESTRING M ((-71.088495095999974 42.334904858000073 NAN, -71.088407774999951 42.334746429000063 NAN, -71.088320268999951 42.334645398000077 NAN, -71.088253125999984 42.334591140000043 NAN, -71.087756896999963 42.334309144000031 NAN, -71.087462262999964 42.334134218000031 NAN))"
180,Brookline Avenue,5575700.000000000000000,3,2,,2019,BLSL,0.000711567956804,"MULTILINESTRING M ((-71.097460763999948 42.348264301000029 NAN, -71.09729488499994 42.348425476000045 NAN, -71.09714173499998 42.348569624000049 NAN, -71.096969152999975 42.348777220000045 NAN))"
181,Morton Street,5716600.000000000000000,2,1,1,2020,BL,0.000588944055521,"MULTILINESTRING M ((-71.080438824999987 42.278968519000045 NAN, -71.079992398999934 42.278767436000066 NAN, -71.079896919999953 42.278740078000055 NAN))"
182,Morton Street,6225900.000000000000000,5,2,1,2020,BL,0.000466038762694,"MULTILINESTRING M ((-71.079896919999953 42.278740078000055 NAN, -71.080283144999953 42.279000889000031 NAN))"
183,Ballou Avenue,4915900.000000000000000,0,2,,2015,SLM,0.003632096975736,
184,Talbot Avenue,4818400.000000000000000,5,2,,2010,BL,0.000617333357566,"MULTILINESTRING M ((-71.083074366999938 42.293481741000051 NAN, -71.082485763999955 42.293295604000036 NAN))"
185,Blue Hill Avenue,5139100.000000000000000,3,2,1,2012,SLM,0.000604302854645,"MULTILINESTRING M ((-71.085225670999932 42.302921079000043 NAN, -71.085114614999952 42.303303424000035 NAN, -71.085033298999974 42.303492865000067 NAN))"
186,Blue Hill Avenue,6246100.000000000000000,3,2,1,2010,SLM,0.001033760897816,"MULTILINESTRING M ((-71.084923262999951 42.304436657000053 NAN, -71.08500089599994 42.304186542000025 NAN, -71.085122421999984 42.303830803000039 NAN, -71.085246552999934 42.30345481300003 NAN))"
187,Seaver Street,6285200.000000000000000,3,2,1,2016,SLM,0.000587397287731,"MULTILINESTRING M ((-71.085303052999961 42.305417670000054 NAN, -71.085159596999972 42.30535919600004 NAN, -71.085027077999939 42.305309198000032 NAN, -71.084911126999941 42.305276143000071 NAN, -71.084741142999974 42.305286076000073 NAN))"
188,Columbia Road,5402300.000000000000000,5,2,1,2010,BL,0.000637523704983,"MULTILINESTRING M ((-71.083430672999953 42.303462871000079 NAN, -71.083169937999969 42.303545205000034 NAN, -71.082992162999972 42.303635151000037 NAN, -71.08284387599997 42.303707200000076 NAN))"
189,Columbia Road,5402400.000000000000000,5,2,1,2010,BL,0.000680795066618,"MULTILINESTRING M ((-71.08284387599997 42.303707200000076 NAN, -71.082608798999956 42.303893161000076 NAN, -71.082309907999957 42.304129527000043 NAN))"
190,Columbia Road,6285500.000000000000000,5,2,1,2010,BL,0.000775327487922,"MULTILINESTRING M ((-71.081185158999972 42.305051055000035 NAN, -71.081401596999967 42.304933678000054 NAN, -71.081851430999961 42.304655097000079 NAN))"
191,Warren Street,4691500.000000000000000,5,2,,2010,SLM,0.000637850940196,"MULTILINESTRING M ((-71.083543367999937 42.314765974000068 NAN, -71.083305016999986 42.315357618000064 NAN))"
192,Walnut Avenue,4644900.000000000000000,6,2,,2011,BLSL,0.000263018953036,"MULTILINESTRING M ((-71.085417427999971 42.32169603400007 NAN, -71.085270798999943 42.321914389000028 NAN))"
193,Warren Street,5602200.000000000000000,5,2,1,2011,BL,0.000848535031603,"MULTILINESTRING M ((-71.081789493999963 42.318278643000042 NAN, -71.081649960999982 42.318569044000071 NAN, -71.081556042999978 42.318812343000047 NAN, -71.081478735999951 42.319066396000039 NAN))"
194,Warren Street,5602500.000000000000000,5,2,1,2011,BL,0.000959972482995,"MULTILINESTRING M ((-71.081386046999967 42.31981105400007 NAN, -71.081406539999989 42.31992254000005 NAN, -71.08143327199997 42.320065561000035 NAN, -71.081513370999971 42.320335379000028 NAN, -71.081621388999963 42.320740904000047 NAN))"
195,Warren Street,6286601.000000000000000,5,2,1,2011,BL,0.000561139914195,"MULTILINESTRING M ((-71.083497646999945 42.325860286000079 NAN, -71.083443502999955 42.325621502000047 NAN, -71.083328194999979 42.325326975000053 NAN))"
196,Warren Street,6286600.000000000000000,5,2,1,2011,BL,0.001357591923783,"MULTILINESTRING M ((-71.083328194999979 42.325326975000053 NAN, -71.083308712999951 42.325277213000049 NAN, -71.083085230999984 42.324678521000067 NAN, -71.083064309999941 42.324622490000081 NAN, -71.082954596999969 42.324327806000042 NAN, -71.082854978999933 42.324054543000045 NAN))"
197,Warren Street,5601600.000000000000000,5,2,1,2011,BL,0.000623832613933,"MULTILINESTRING M ((-71.082244353999954 42.322681059000047 NAN, -71.08245373799997 42.323268703000053 NAN))"
198,Warren Street,5474400.000000000000000,5,2,,2011,SLM,0.000400356082986,"MULTILINESTRING M ((-71.083358216999954 42.329420441000025 NAN, -71.083267590999981 42.329810405000046 NAN))"
199,Warren Street,5602700.000000000000000,5,2,1,2011,SLM,0.000765322060602,"MULTILINESTRING M ((-71.083061956999984 42.32800140300003 NAN, -71.083110791999957 42.328128186000072 NAN, -71.083223216999954 42.328329471000075 NAN, -71.083371085999943 42.328530884000031 NAN, -71.083448351999948 42.328658332000032 NAN))"
200,Warren Street,5602601.000000000000000,5,2,1,2011,SLM,0.000345104449847,"MULTILINESTRING M ((-71.083043805999978 42.327659030000063 NAN, -71.083035198999937 42.327746971000067 NAN, -71.083041353999988 42.327905671000053 NAN, -71.083061956999984 42.32800140300003 NAN))"
201,Washington Street,5773600.000000000000000,3,2,,2011,SLM,0.000450858298547,"MULTILINESTRING M ((-71.081715783999982 42.331962084000054 NAN, -71.081412929999942 42.332296079000059 NAN))"
202,Massachusetts Avenue,6284900.000000000000000,3,2,1,2011,BL,0.001910021570710,"MULTILINESTRING M ((-71.081746049999936 42.340660385000035 NAN, -71.080947655999978 42.339819084000055 NAN, -71.080751903999953 42.339629306000063 NAN, -71.080407674999947 42.339298319000079 NAN))"
203,Washington Street,4569400.000000000000000,3,2,,2011,SLM,0.000759769098867,"MULTILINESTRING M ((-71.076937059999977 42.336539475000052 NAN, -71.076316788999975 42.336978238000029 NAN))"
204,Commonwealth Avenue,4498100.000000000000000,3,2,1,2010,BL,0.002029353733044,"MULTILINESTRING M ((-71.084530038999958 42.34998603400004 NAN, -71.082569679999949 42.350510695000025 NAN))"
205,Huntington Avenue,5595700.000000000000000,3,2,1,2014,SLM,0.000917760068412,"MULTILINESTRING M ((-71.080312982999942 42.34638700000005 NAN, -71.079581387999951 42.346941123000079 NAN))"
206,Dartmouth Street,5268800.000000000000000,5,2,,2011,BL,0.000422126212490,"MULTILINESTRING M ((-71.07775030199997 42.35090701200005 NAN, -71.077939840999989 42.351284193000026 NAN))"
207,Beacon Street,4468600.000000000000000,3,2,,2018,SBL,0.002226877273996,"MULTILINESTRING M ((-71.074815194999985 42.354832005000048 NAN, -71.076083110999946 42.354484448000051 NAN, -71.07696531299996 42.354252484000028 NAN))"
208,Cambridge Street,5757900.000000000000000,3,2,,2011,BL,0.002632653278083,"MULTILINESTRING M ((-71.07616010199996 42.383304703000078 NAN, -71.07652405999994 42.383184404000076 NAN, -71.07655615799996 42.383172804000026 NAN, -71.07694485899998 42.383030189000067 NAN, -71.077108537999948 42.382970264000051 NAN, -71.077224874999956 42.382931645000042 NAN, -71.077399347999972 42.382874239000046 NAN, -71.077899370999944 42.382696021000072 NAN, -71.078252755999983 42.382568463000041 NAN, -71.078653614999951 42.382464712000058 NAN))"
209,Cambridge Street,5619300.000000000000000,3,2,,2020,BL,0.000431429520827,"MULTILINESTRING M ((-71.074022748999937 42.384387771000036 NAN, -71.074062114999947 42.384337052000035 NAN, -71.074126756999988 42.384238477000054 NAN, -71.074188639999988 42.384153727000069 NAN, -71.074288969999941 42.384049864000076 NAN))"
210,Alford Street,6207700.000000000000000,3,2,1,2020,SBL,0.001327854877473,"MULTILINESTRING M ((-71.073124931999985 42.386271730000033 NAN, -71.073616884999979 42.38530701600007 NAN, -71.073695126999951 42.385074902000042 NAN))"
211,Norfolk Street,4869500.000000000000000,5,2,,2017,BL,0.000399504275016,"MULTILINESTRING M ((-71.077469034999979 42.288105588000064 NAN, -71.077340418999938 42.288129873000059 NAN, -71.077077093999947 42.288182923000079 NAN))"
212,Columbia Road,6284000.000000000000000,5,2,1,2010,BL,0.000745443594045,"MULTILINESTRING M ((-71.076076719999946 42.307576795000045 NAN, -71.076277307999987 42.307395223000071 NAN, -71.076637184999981 42.307085383000071 NAN))"
213,Geneva Avenue,4755800.000000000000000,5,2,,2016,SLM,0.000623031652038,"MULTILINESTRING M ((-71.074781405999943 42.30497633400006 NAN, -71.074297269999988 42.30493965200003 NAN, -71.074161337999954 42.304918893000035 NAN))"
214,Columbia Road,5217900.000000000000000,5,2,1,2010,BL,0.000745872697536,"MULTILINESTRING M ((-71.075096487999986 42.308205635000036 NAN, -71.074817610999958 42.308417863000045 NAN, -71.074587417999965 42.308576248000065 NAN, -71.074491276999936 42.308641168000065 NAN))"
215,Massachusetts Avenue,6245500.000000000000000,3,2,1,2011,BL,0.001358788691602,"MULTILINESTRING M ((-71.078072966999969 42.337340642000072 NAN, -71.077653333999933 42.336988903000076 NAN, -71.077021171999945 42.336480496000036 NAN))"
216,Massachusetts Avenue,46806400.000000000000000,3,2,1,2011,BL,0.000629521197524,"MULTILINESTRING M ((-71.077021171999945 42.336480496000036 NAN, -71.076544447999936 42.336069362000046 NAN))"
217,Columbus Avenue,4534900.000000000000000,3,2,,2009,BL,0.000830336710504,"MULTILINESTRING M ((-71.079191479999963 42.342695857000081 NAN, -71.078532026999937 42.343200417000048 NAN))"
218,Dartmouth Street,4531200.000000000000000,5,2,,2011,SLM,0.000831653253179,"MULTILINESTRING M ((-71.074108697999975 42.343566180000039 NAN, -71.074405329999934 42.34414965700006 NAN, -71.07448885499997 42.344305827000028 NAN))"
219,Dorchester Avenue,5398400.000000000000000,3,2,,2010,SLM,0.000722214277196,"MULTILINESTRING M ((-71.068018240999947 42.272225049000042 NAN, -71.068023665999988 42.27229148400005 NAN, -71.067998788999944 42.272468080000067 NAN, -71.067885403999981 42.272931633000042 NAN))"
220,West Dedham Street,5670900.000000000000000,5,2,,2011,BLSL,0.000340956033915,"MULTILINESTRING M ((-71.072075367999958 42.341294393000055 NAN, -71.071972267999968 42.341201726000065 NAN, -71.071848514999942 42.341108427000052 NAN, -71.071804700999962 42.341090475000044 NAN))"
221,Monsignor Reynolds Way,5715100.000000000000000,5,2,,2011,SLM,0.000723051366701,"MULTILINESTRING M ((-71.070707755999933 42.340798563000078 NAN, -71.070028174999948 42.340551636000043 NAN))"
222,Monsignor Reynolds Way,5671000.000000000000000,5,2,,2011,SLM,0.000745660400026,"MULTILINESTRING M ((-71.069365819999973 42.340344814000048 NAN, -71.068646357999967 42.340148896000073 NAN))"
223,Albany Street,4567800.000000000000000,5,2,,2012,BL,0.000826823167751,"MULTILINESTRING M ((-71.069023111999968 42.336698807000062 NAN, -71.068351280999934 42.33718076100007 NAN))"
224,West Dedham Street,5303200.000000000000000,5,2,,2011,BLSL,0.000643444568302,"MULTILINESTRING M ((-71.072560317999944 42.341717293000045 NAN, -71.072075367999958 42.341294393000055 NAN))"
225,Washington Street,5133000.000000000000000,3,2,,2011,SLM,0.000438737755315,"MULTILINESTRING M ((-71.068292253999971 42.341888963000031 NAN, -71.068084642999963 42.342022214000053 NAN, -71.067928201999962 42.342133600000068 NAN))"
226,Washington Street,5671900.000000000000000,3,2,,2011,SLM,0.000328438509419,"MULTILINESTRING M ((-71.067067709999947 42.342819023000061 NAN, -71.066815879999979 42.343029863000027 NAN))"
227,Talbot Avenue,4850900.000000000000000,5,2,,2010,BL,0.001149750317416,"MULTILINESTRING M ((-71.070779960999971 42.290156554000077 NAN, -71.070270994999987 42.290082059000042 NAN, -71.069852148999985 42.290018038000028 NAN, -71.069648484999959 42.28996044400003 NAN))"
228,Columbia Road,5732600.000000000000000,5,2,1,2010,BL,0.002587915719104,"MULTILINESTRING M ((-71.072292626999968 42.310054143000059 NAN, -71.071911329999978 42.310297140000046 NAN, -71.071588180999981 42.310495127000081 NAN, -71.071324488999949 42.310643814000059 NAN, -71.070763158999966 42.310916877000068 NAN, -71.070418773999961 42.311087207000071 NAN, -71.070146889999933 42.311213921000046 NAN, -71.070019051999964 42.311283778000075 NAN))"
229,Columbia Road,5161300.000000000000000,5,2,1,2010,SLM,0.000659957696779,"MULTILINESTRING M ((-71.067218705999949 42.314622378000081 NAN, -71.067007913999987 42.314903494000077 NAN, -71.066820082999982 42.31514833500006 NAN))"
230,Albany Street,4575600.000000000000000,5,2,,2012,BL,0.000839133979771,"MULTILINESTRING M ((-71.070782744999974 42.335451732000081 NAN, -71.070282075999955 42.335805478000054 NAN, -71.070093144999987 42.335929688000078 NAN))"
231,Kneeland Street,4493600.000000000000000,3,2,,2017,SBLBL,0.000681162561601,"MULTILINESTRING M ((-71.061554109999975 42.350650939000047 NAN, -71.060896573999969 42.350473094000051 NAN))"
232,Boylston Street,4481400.000000000000000,3,2,,2020,SBL,0.001377075737240,"MULTILINESTRING M ((-71.065941259999988 42.352472840000075 NAN, -71.064568170999962 42.352368130000059 NAN))"
233,St James Avenue,5383100.000000000000000,3,2,,2015,SLM,0.000652802203962,"MULTILINESTRING M ((-71.070290849999935 42.351071669000078 NAN, -71.070918836999965 42.350893391000056 NAN))"
234,Main Street,5232200.000000000000000,5,2,,2011,BL,0.000259449028241,"MULTILINESTRING M ((-71.067332809999982 42.377795222000032 NAN, -71.067527239999947 42.377967009000031 NAN))"
235,Main Street,4407900.000000000000000,5,2,,2011,BL,0.000591349039355,"MULTILINESTRING M ((-71.069107072999941 42.379419020000057 NAN, -71.069305681999936 42.379619515000059 NAN, -71.069519128999957 42.379843135000044 NAN))"
236,Dorchester Avenue,5744400.000000000000000,3,2,,2010,SLM,0.000967265812904,"MULTILINESTRING M ((-71.066503438999973 42.27791267300006 NAN, -71.066376248999973 42.278340399000058 NAN, -71.066230561999987 42.278840646000049 NAN))"
237,Dorchester Avenue,4969500.000000000000000,3,2,,2010,SLM,0.001138715711688,"MULTILINESTRING M ((-71.066230561999987 42.278840646000049 NAN, -71.066047981999986 42.279526998000051 NAN, -71.065920723999966 42.279936159000044 NAN))"
238,Dorchester Avenue,4922200.000000000000000,3,2,,2010,SLM,0.000311971595473,"MULTILINESTRING M ((-71.06487244799996 42.283707281000034 NAN, -71.064787402999968 42.284007437000071 NAN))"
239,Dorchester Avenue,5198800.000000000000000,3,2,,2010,SLM,0.000522310897466,"MULTILINESTRING M ((-71.064562654999975 42.284788726000045 NAN, -71.06451838199996 42.284946109000032 NAN, -71.064422220999973 42.285291803000064 NAN))"
240,Dorchester Avenue,5192700.000000000000000,3,2,,2011,SLM,0.000294846036627,"MULTILINESTRING M ((-71.063796987999979 42.287500239000053 NAN, -71.063726242999962 42.28778647200005 NAN))"
241,Dorchester Avenue,5192800.000000000000000,3,2,,2011,SLM,0.000238010700084,"MULTILINESTRING M ((-71.063726242999962 42.28778647200005 NAN, -71.06366927299996 42.288017564000029 NAN))"
242,Ashmont Street,4889600.000000000000000,5,2,,2013,SLM,0.001043032029930,"MULTILINESTRING M ((-71.062025909999988 42.286464900000055 NAN, -71.061880388999953 42.286522306000052 NAN, -71.061695828999973 42.286554799000044 NAN, -71.061416010999949 42.286608313000045 NAN, -71.061007448999987 42.286677085000065 NAN))"
243,Dorchester Avenue,4842300.000000000000000,3,2,,2011,SLM,0.000513626263839,"MULTILINESTRING M ((-71.062933615999953 42.290632266000046 NAN, -71.06280589499994 42.291129759000057 NAN))"
244,Dorchester Avenue,5152400.000000000000000,3,2,,2011,SLM,0.000537921889180,"MULTILINESTRING M ((-71.062489220999964 42.292218768000055 NAN, -71.062344043999985 42.292736729000069 NAN))"
245,Geneva Avenue,4779200.000000000000000,5,2,,2016,SLM,0.000571528649107,"MULTILINESTRING M ((-71.066004925999948 42.300215813000079 NAN, -71.065517125999975 42.299917994000054 NAN))"
246,Dorchester Avenue,5686900.000000000000000,3,2,,2011,SLM,0.000390339061911,"MULTILINESTRING M ((-71.060306929999967 42.299764816000049 NAN, -71.060258440999974 42.299956203000079 NAN, -71.060204523999971 42.300141420000045 NAN))"
247,Adams Street,5186900.000000000000000,5,2,,2013,SLM,0.000759046967187,"MULTILINESTRING M ((-71.060856663999971 42.303871054000069 NAN, -71.06115781699998 42.304567803000054 NAN))"
248,Adams Street,5186800.000000000000000,5,2,,2013,SLM,0.000770477548695,"MULTILINESTRING M ((-71.060576748999949 42.303153232000057 NAN, -71.060775570999965 42.303667730000029 NAN, -71.060856221999984 42.303870042000028 NAN, -71.060856663999971 42.303871054000069 NAN))"
249,Dudley Street,5444900.000000000000000,5,2,,2021,SBL,0.000710455716835,"MULTILINESTRING M ((-71.085100420999936 42.328907385000036 NAN, -71.084898113999941 42.32885376400003 NAN, -71.084403652999981 42.328772076000064 NAN))"
250,Ruggles Street,4595500.000000000000000,5,2,,2023,CFSBL,0.001207170866117,"MULTILINESTRING M ((-71.085037863999958 42.332723284000053 NAN, -71.084728753999968 42.332532542000081 NAN, -71.084418083999935 42.332319853000058 NAN, -71.084035701999937 42.332050984000034 NAN))"
251,Massachusetts Avenue,5332500.000000000000000,3,2,,2023,SBL,0.001067137919592,"MULTILINESTRING M ((-71.071255318999988 42.331912522000039 NAN, -71.071045936999951 42.331699612000079 NAN, -71.070530712999982 42.331129375000046 NAN))"
252,Massachusetts Avenue,4606900.000000000000000,3,2,,2023,SBL,0.000263477537356,"MULTILINESTRING M ((-71.069996304999961 42.330537682000056 NAN, -71.069828575999964 42.330334489000052 NAN))"
253,Gallivan Boulevard,5201200.000000000000000,2,1,,2020,BL,0.000483317787018,"MULTILINESTRING M ((-71.079369020999934 42.278648114000077 NAN, -71.078891193999937 42.278575468000042 NAN))"
254,Berkeley Street,5170000.000000000000000,3,2,,2024,SBL,0.000382165702458,"MULTILINESTRING M ((-71.072659961999989 42.350418220000051 NAN, -71.072777529999939 42.350672990000078 NAN, -71.072823078999988 42.350763782000058 NAN))"
255,Boylston Street,5284200.000000000000000,3,2,,2024,SBL,0.002086368486897,"MULTILINESTRING M ((-71.073067951999974 42.351251943000079 NAN, -71.071935927999959 42.351563959000032 NAN, -71.071058069999935 42.351811647000034 NAN))"
256,Quincy Street,4713500.000000000000000,5,2,,2019,SLM,0.001261594648723,"MULTILINESTRING M ((-71.07317170999994 42.31223071800008 NAN, -71.07278667199995 42.312161200000048 NAN, -71.072198801999946 42.312041977000035 NAN, -71.071932647999972 42.311993719000043 NAN))"
257,Tremont Street,4530900.000000000000000,3,2,,2023,SBL,0.000503561796192,"MULTILINESTRING M ((-71.07231470499994 42.343616914000052 NAN, -71.07192732599998 42.343809597000075 NAN, -71.071863966999956 42.343841434000069 NAN))"
258,Tremont Street,4523200.000000000000000,3,2,,2023,SBL,0.000253136646878,"MULTILINESTRING M ((-71.069833869999968 42.345272538000074 NAN, -71.069709408999984 42.345492964000073 NAN))"
259,Arlington Street,5317900.000000000000000,3,2,,2024,SBL,0.000625141487085,"MULTILINESTRING M ((-71.069624130999955 42.349357910000037 NAN, -71.069594108999979 42.349256661000027 NAN, -71.06954871399995 42.349071369000058 NAN, -71.069447108999952 42.348758700000076 NAN))"
260,Marginal Road,5588400.000000000000000,5,2,,2019,BL,0.000823160746389,"MULTILINESTRING M ((-71.06720841899994 42.347898395000072 NAN, -71.068026857999939 42.347986436000042 NAN))"
261,Washington Street,5328000.000000000000000,5,2,,,SLM,0.000330486782001,"MULTILINESTRING M ((-71.069641041999944 42.279038262000029 NAN, -71.069804278999982 42.279325621000055 NAN))"
262,Washington Street,5724100.000000000000000,5,2,,,SLM,0.000788286613033,"MULTILINESTRING M ((-71.070961834999935 42.281290088000048 NAN, -71.071264570999972 42.282017925000048 NAN))"
263,Washington Street,5724300.000000000000000,5,2,,,SLM,0.000717314069847,"MULTILINESTRING M ((-71.07061373199997 42.280665603000045 NAN, -71.070838155999979 42.281009116000064 NAN, -71.070961834999935 42.281290088000048 NAN))"
264,Washington Street,5725100.000000000000000,5,2,,,BL,0.000656648006473,"MULTILINESTRING M ((-71.071119278999959 42.288743579000027 NAN, -71.071191845999977 42.289038340000047 NAN, -71.071315409999954 42.289369099000055 NAN))"
265,Washington Street,4857600.000000000000000,5,2,,,BL,0.000545717172320,"MULTILINESTRING M ((-71.071315409999954 42.289369099000055 NAN, -71.071512607999978 42.289877941000043 NAN))"
266,Massachusetts Avenue,6312600.000000000000000,3,2,,2023,SBL,0.000578288955474,"MULTILINESTRING M ((-71.071714787999952 42.332261970000047 NAN, -71.071451334999949 42.332083182000076 NAN, -71.071255318999988 42.331912522000039 NAN))"
267,Charles River Dam,6273400.000000000000000,2,3,1,2019,SBL,0.000313502542636,"MULTILINESTRING M ((-71.068573965999974 42.366842824000059 NAN, -71.068390435999959 42.366738400000031 NAN, -71.068303882999942 42.366683783000042 NAN))"
268,Shawmut Avenue,4510800.000000000000000,5,2,,2020,SBL,0.000944123781496,"MULTILINESTRING M ((-71.065541285999984 42.34861747900004 NAN, -71.065730470999938 42.347692504000065 NAN))"
269,Tremont Street,4481300.000000000000000,3,2,,2020,SBL,0.001088303441022,"MULTILINESTRING M ((-71.064235682999936 42.353403145000073 NAN, -71.064366922999966 42.353072780000048 NAN, -71.064568170999962 42.352368130000059 NAN))"
270,Washington Street,5812601.000000000000000,3,2,,2020,SBL,0.000109227100230,"MULTILINESTRING M ((-71.062828969999941 42.351502068000059 NAN, -71.062794267999948 42.351605636000045 NAN))"
271,Arlington Street,5272800.000000000000000,3,2,,2020,SBL,0.000500374780962,"MULTILINESTRING M ((-71.072511146999943 42.35546210900003 NAN, -71.072296250999955 42.355010230000062 NAN))"
272,Arlington Street,5272700.000000000000000,3,2,,2020,SBL,0.000399926282004,"MULTILINESTRING M ((-71.072296250999955 42.355010230000062 NAN, -71.072154353999963 42.354711855000062 NAN, -71.072122910999951 42.354649842000072 NAN))"
273,Arlington Street,5382000.000000000000000,3,2,,2024,SBL,0.000480379249655,"MULTILINESTRING M ((-71.070656050999958 42.351862474000029 NAN, -71.070455160999984 42.351426117000074 NAN))"
274,Columbia Road,6284700.000000000000000,5,2,1,2010,SLM,0.000455359459635,"MULTILINESTRING M ((-71.065200687999948 42.317079891000049 NAN, -71.065466779999952 42.316918845000032 NAN, -71.065578101999961 42.31682698700007 NAN))"
275,Columbia Road,5764300.000000000000000,5,2,1,2010,SLM,0.000530859781860,"MULTILINESTRING M ((-71.065476688999979 42.316745578000052 NAN, -71.065010370999971 42.316999270000053 NAN))"
276,Columbia Road,6242400.000000000000000,5,2,1,2010,BL,0.000705664586760,"MULTILINESTRING M ((-71.063572265999937 42.318626171000062 NAN, -71.063978653999982 42.318049273000042 NAN))"
277,Columbia Road,5242000.000000000000000,5,2,1,2010,SLM,0.001144875402909,"MULTILINESTRING M ((-71.062393107999981 42.319822990000034 NAN, -71.06227795999996 42.319911156000046 NAN, -71.062170532999971 42.319989355000075 NAN, -71.062069958999984 42.320069037000053 NAN, -71.061704464999934 42.320293059000051 NAN, -71.061481383999933 42.32050828000007 NAN))"
278,Washington Street,4519400.000000000000000,3,2,,2011,SLM,0.000917913312308,"MULTILINESTRING M ((-71.06487391099995 42.345748358000037 NAN, -71.064799217999962 42.345903296000074 NAN, -71.064716155999974 42.346150176000037 NAN, -71.064635849999945 42.346430768000062 NAN, -71.06459358799998 42.346619673000077 NAN))"
279,Boylston Street,5650400.000000000000000,3,2,,2020,SBL,0.000678347700547,"MULTILINESTRING M ((-71.063268579999942 42.352324492000037 NAN, -71.063038307999989 42.352345258000071 NAN, -71.062595678999969 42.352408621000052 NAN))"
280,Kneeland Street,5760601.000000000000000,3,2,,2017,SBL,0.000060829411536,"MULTILINESTRING M ((-71.062246598999934 42.350816393000059 NAN, -71.062187006999977 42.350804186000062 NAN))"
281,Washington Street,5366400.000000000000000,0,2,,0,PED,0.000080083198628,"MULTILINESTRING M ((-71.060523845999967 42.355468035000058 NAN, -71.060463308999942 42.355520462000072 NAN))"
282,Main Street,5792200.000000000000000,5,2,,2012,BL,0.000640953447787,"MULTILINESTRING M ((-71.063198984999985 42.373949607000043 NAN, -71.062629009999966 42.373656435000044 NAN))"
283,Main Street,5839200.000000000000000,5,2,,2012,BL,0.000521636080943,"MULTILINESTRING M ((-71.06228030699998 42.373392069000033 NAN, -71.061983728999962 42.372962947000076 NAN))"
284,City Square,5581600.000000000000000,5,2,,2012,BL,0.000327211358873,"MULTILINESTRING M ((-71.061627911999949 42.372047800000075 NAN, -71.061329055999977 42.371914562000029 NAN))"
285,Main Street,5521800.000000000000000,5,2,,2011,BL,0.000756140715491,"MULTILINESTRING M ((-71.064737836999939 42.375753658000065 NAN, -71.064768507999986 42.375775660000045 NAN, -71.065084641999988 42.376015432000031 NAN, -71.065096009999934 42.376023948000068 NAN, -71.065342053999984 42.376208246000033 NAN))"
286,Main Street,5231800.000000000000000,5,2,,2011,BL,0.000340731821612,"MULTILINESTRING M ((-71.064737836999939 42.375753658000065 NAN, -71.064460971999949 42.375555053000028 NAN))"
287,Adams Street,5630800.000000000000000,5,2,,2017,BFBL,0.000864568359411,"MULTILINESTRING M ((-71.059946067999988 42.277906305000045 NAN, -71.059735348999936 42.278353399000025 NAN, -71.059703746999958 42.27843036400003 NAN, -71.059580895999943 42.278689858000064 NAN))"
288,Adams Street,4970300.000000000000000,5,2,,2017,BFBL,0.001504084191135,"MULTILINESTRING M ((-71.059580895999943 42.278689858000064 NAN, -71.059303162999981 42.279320134000045 NAN, -71.058974315999933 42.279999726000028 NAN, -71.058940435999943 42.280049675000043 NAN))"
289,Adams Street,5498401.000000000000000,5,2,,2017,BL,0.000296571929350,"MULTILINESTRING M ((-71.058868296999947 42.281712326000047 NAN, -71.058883087999959 42.281865259000028 NAN, -71.058904455999937 42.28200657800005 NAN))"
290,Ashmont Street,5514100.000000000000000,5,2,,2013,SLM,0.000693996815275,"MULTILINESTRING M ((-71.057692433999989 42.287484212000038 NAN, -71.057337013999984 42.287592563000032 NAN, -71.057034432999956 42.287703939000039 NAN))"
291,Adams Street,5687300.000000000000000,5,2,,2013,SLM,0.000226937795491,"MULTILINESTRING M ((-71.059796552999956 42.301547148000054 NAN, -71.059909145999939 42.301744185000075 NAN))"
292,Freeport Street,4752500.000000000000000,3,2,,2013,BL,0.000478781744357,"MULTILINESTRING M ((-71.057415393999975 42.305521272000078 NAN, -71.057539996999935 42.305696748000059 NAN, -71.057582819999936 42.305833647000043 NAN, -71.057603976999985 42.305951895000078 NAN))"
293,Dorchester Avenue,5128200.000000000000000,3,2,,2011,BL,0.000909933430388,"MULTILINESTRING M ((-71.058311841999966 42.308119838000039 NAN, -71.058232444999987 42.308498220000047 NAN, -71.058136778999938 42.308872603000054 NAN, -71.058105336999972 42.309005842000033 NAN))"
294,Dorchester Avenue,5128100.000000000000000,3,2,,2011,BL,0.000983884452138,"MULTILINESTRING M ((-71.058105336999972 42.309005842000033 NAN, -71.057991921999985 42.309559651000029 NAN, -71.057896593999942 42.309967233000066 NAN))"
295,Dorchester Avenue,5128400.000000000000000,3,2,,2011,BL,0.000200602908570,"MULTILINESTRING M ((-71.056687005999947 42.316930331000037 NAN, -71.056696975999955 42.317130686000041 NAN))"
296,Dorchester Avenue,4644000.000000000000000,3,2,,2011,BL,0.000873050922170,"MULTILINESTRING M ((-71.056779873999972 42.321641499000066 NAN, -71.056787229999941 42.322134442000049 NAN, -71.056811221999965 42.322513737000065 NAN))"
297,Dorchester Avenue,4654900.000000000000000,3,2,,2011,BL,0.000869392518553,"MULTILINESTRING M ((-71.056764098999963 42.319861100000026 NAN, -71.056767298999944 42.320324766000056 NAN, -71.056769761999988 42.320730474000072 NAN))"
298,Dorchester Avenue,4663200.000000000000000,3,2,,2011,BL,0.000419312394696,"MULTILINESTRING M ((-71.056724087999953 42.318671988000062 NAN, -71.056732143999966 42.319091223000044 NAN))"
299,Dorchester Avenue,4638300.000000000000000,3,2,,2011,BL,0.000894826049003,"MULTILINESTRING M ((-71.056811221999965 42.322513737000065 NAN, -71.056822093999983 42.323408497000059 NAN))"
300,Commercial Street,5150100.000000000000000,5,2,,2017,SBL,0.000673589810431,"MULTILINESTRING M ((-71.054033664999963 42.367764230000034 NAN, -71.053775064999968 42.367664949000073 NAN, -71.053400776999979 42.367533840000078 NAN))"
301,Commercial Street,5150000.000000000000000,5,2,,2017,SBL,0.000954596509912,"MULTILINESTRING M ((-71.053400776999979 42.367533840000078 NAN, -71.052999180999961 42.36737991900003 NAN, -71.05296065999994 42.367365530000029 NAN, -71.052507816999935 42.367196408000041 NAN))"
302,D Street,5286000.000000000000000,3,5,,2013,BLSL,0.000857160102357,"MULTILINESTRING M ((-71.040717541999982 42.347521658000062 NAN, -71.04136396399997 42.346958753000081 NAN))"
303,Bennington Street,5619700.000000000000000,5,2,1,2008,SLM,0.001404089311571,"MULTILINESTRING M ((-71.025329407999948 42.379975044000048 NAN, -71.024366694999969 42.380361605000076 NAN, -71.024015109999937 42.380465684000058 NAN))"
304,Dorchester Avenue,4617000.000000000000000,3,2,,2011,SLM,0.000516690193197,"MULTILINESTRING M ((-71.056915519999961 42.328043699000034 NAN, -71.056930974999943 42.328560158000073 NAN))"
305,Dorchester Avenue,5250000.000000000000000,3,2,,2011,BL,0.002258755585561,"MULTILINESTRING M ((-71.057054254999969 42.335037286000045 NAN, -71.057083466999984 42.336282057000062 NAN, -71.057102347999944 42.33729552300008 NAN))"
306,D Street,4585200.000000000000000,5,2,,2013,BLSL,0.001862051946895,"MULTILINESTRING M ((-71.055581078999978 42.334821157000079 NAN, -71.056206998999983 42.334298588000081 NAN, -71.056723610999939 42.33387181900008 NAN, -71.056921811999985 42.333725719000029 NAN, -71.057020991999934 42.333641139000065 NAN))"
307,D Street,4570100.000000000000000,5,2,,2013,BLSL,0.000496513190086,"MULTILINESTRING M ((-71.053500509999935 42.336555729000054 NAN, -71.053890420999949 42.336248329000057 NAN))"
308,Dorchester Avenue,6266600.000000000000000,3,2,,2011,SLM,0.000617645352680,"MULTILINESTRING M ((-71.057118696999964 42.337912288000041 NAN, -71.057121536999944 42.33750660700008 NAN, -71.057102347999944 42.33729552300008 NAN))"
309,A Street,4535100.000000000000000,5,2,,2013,BL,0.000407695837800,"MULTILINESTRING M ((-71.054591653999978 42.342593627000042 NAN, -71.05428974199998 42.342867607000073 NAN))"
310,Surface Artery,45235900.000000000000000,3,2,,2011,BL,0.000173608505690,"MULTILINESTRING M ((-71.058009159999983 42.352358973000037 NAN, -71.058171269999946 42.352296842000044 NAN))"
311,Devonshire Street,5650800.000000000000000,5,2,,2012,SLM,0.001365494355722,"MULTILINESTRING M ((-71.058045118999985 42.353714524000054 NAN, -71.057803591999971 42.354116013000066 NAN, -71.057640483999933 42.354386728000065 NAN, -71.057577565999964 42.354517553000051 NAN, -71.057536523999943 42.354623172000061 NAN, -71.057510934999982 42.354735755000036 NAN, -71.057512587999952 42.354942713000071 NAN))"
312,Atlantic Avenue,5433300.000000000000000,3,2,,2011,BL,0.000921846243714,"MULTILINESTRING M ((-71.055857515999946 42.351836881000054 NAN, -71.055623456999967 42.352292699000031 NAN, -71.055561132999969 42.352403824000078 NAN, -71.055475631999968 42.352514772000063 NAN, -71.055392648999941 42.352629960000058 NAN))"
313,High Street,5349600.000000000000000,5,2,,2011,BL,0.000792257295227,"MULTILINESTRING M ((-71.055226302999984 42.354123194000067 NAN, -71.054629324999951 42.354644048000068 NAN))"
314,Purchase Street,45235000.000000000000000,3,2,,2011,BL,0.000179376729838,"MULTILINESTRING M ((-71.054082569999935 42.35411660300008 NAN, -71.054248611999981 42.354048735000049 NAN))"
315,High Street,5326000.000000000000000,3,2,,2011,BL,0.001197329160858,"MULTILINESTRING M ((-71.054007408999951 42.355242439000051 NAN, -71.053546995999966 42.35565957600005 NAN, -71.053137679999963 42.356064913000068 NAN))"
316,Milk Street,5462500.000000000000000,5,2,,2024,SBL,0.000591341316740,"MULTILINESTRING M ((-71.056343784999967 42.356831291000049 NAN, -71.056016157999977 42.356872162000059 NAN, -71.055759634999959 42.356921236000062 NAN))"
317,Congress Street,5237800.000000000000000,3,2,,2016,SBL,0.001354487883024,"MULTILINESTRING M ((-71.056343784999967 42.356831291000049 NAN, -71.056235367999989 42.356538618000059 NAN, -71.056188277999979 42.356401207000033 NAN, -71.05612750399996 42.35626374800006 NAN, -71.056050212999935 42.356096783000055 NAN, -71.055892233999941 42.355867077000028 NAN, -71.055685850999964 42.35567190200004 NAN))"
318,Kilby Street,5805600.000000000000000,0,2,,2011,BL,0.000234809770729,"MULTILINESTRING M ((-71.05547655099997 42.35804130300005 NAN, -71.055574651999962 42.358254638000062 NAN))"
319,Milk Street,5462600.000000000000000,5,2,,2024,SBL,0.000754103846755,"MULTILINESTRING M ((-71.055759634999959 42.356921236000062 NAN, -71.05553996499998 42.35698003300007 NAN, -71.055410738999967 42.357043680000061 NAN, -71.055190159999938 42.357151427000076 NAN, -71.055072129999985 42.357221303000074 NAN))"
320,North Washington Street,45225600.000000000000000,3,2,,2014,SLM,0.000331986642351,"MULTILINESTRING M ((-71.058393864999971 42.363821554000026 NAN, -71.058394690999933 42.36370316700004 NAN, -71.058383267999943 42.363635060000036 NAN, -71.058355718999962 42.363581660000079 NAN, -71.058302983999965 42.363515698000072 NAN))"
321,North Washington Street,45225800.000000000000000,3,2,,2014,BL,0.000917086390481,"MULTILINESTRING M ((-71.058302983999965 42.363515698000072 NAN, -71.058248849999984 42.36344800300003 NAN, -71.05803874299994 42.363234093000074 NAN, -71.057792892999942 42.363011226000026 NAN, -71.057638615999963 42.362885942000048 NAN))"
322,Cross Street,5806000.000000000000000,3,2,,2014,SLM,0.000707527062842,"MULTILINESTRING M ((-71.057191949999947 42.363343372000031 NAN, -71.057718797999939 42.363815628000054 NAN))"
323,Cross Street,45227200.000000000000000,3,2,,2014,SLM,0.000253195903304,"MULTILINESTRING M ((-71.056972694999956 42.363216741000031 NAN, -71.056974644999968 42.363217869000039 NAN, -71.057191949999947 42.363343372000031 NAN))"
324,Commercial Street,5149900.000000000000000,5,2,,2017,SLM,0.000856320565178,"MULTILINESTRING M ((-71.058080247999953 42.367245204000028 NAN, -71.057560689999946 42.367660203000071 NAN, -71.057398818999957 42.367762275000075 NAN))"
325,Salem Street,5765000.000000000000000,0,2,,2013,SLM,0.000301821876560,"MULTILINESTRING M ((-71.054900533999955 42.366175901000076 NAN, -71.054740273999982 42.366431661000036 NAN))"
326,Ashmont Street,4856800.000000000000000,5,2,,2013,SLM,0.003144582073586,"MULTILINESTRING M ((-71.05147263899994 42.289322601000038 NAN, -71.051359059999982 42.289335659000074 NAN, -71.050324316999934 42.289615212000058 NAN, -71.048418700999946 42.290066890000048 NAN))"
327,Neponset Avenue,4814800.000000000000000,5,2,,2012,BLSL,0.000766655089151,"MULTILINESTRING M ((-71.05190691699994 42.294111099000077 NAN, -71.051741808999964 42.293987223000045 NAN, -71.051606393999975 42.293871907000039 NAN, -71.051464757999952 42.293752064000046 NAN, -71.051328778999959 42.293609733000039 NAN))"
328,Freeport Street,4770200.000000000000000,3,2,,2013,SLM,0.001583087301071,"MULTILINESTRING M ((-71.051303130999941 42.301989202000073 NAN, -71.051591415999951 42.302222155000038 NAN, -71.051999244999934 42.302512972000045 NAN, -71.052450865999958 42.302856844000075 NAN, -71.052564128999961 42.302945626000053 NAN))"
329,Old Colony Avenue,5203500.000000000000000,3,3,1,2016,BFBL,0.000152179870307,"MULTILINESTRING M ((-71.052593586999933 42.328615764000062 NAN, -71.052588157999935 42.328463681000073 NAN))"
330,A Street,5625700.000000000000000,5,2,,2013,SLM,0.000485760337542,"MULTILINESTRING M ((-71.049313810999934 42.349261852000041 NAN, -71.049198371999978 42.349412139000037 NAN, -71.049107104999962 42.349530955000034 NAN, -71.049017903999982 42.349647082000047 NAN))"
331,Pearl Street,45234200.000000000000000,5,2,,2011,SLM,0.000680906812041,"MULTILINESTRING M ((-71.053333172999942 42.354510549000054 NAN, -71.052845584999943 42.354035268000075 NAN))"
332,Purchase Street,5482500.000000000000000,3,2,,2011,BL,0.001465651894350,"MULTILINESTRING M ((-71.052061244999948 42.355225033000067 NAN, -71.052243781999948 42.35507440400005 NAN, -71.052444903999969 42.354938161000064 NAN, -71.052649587999952 42.354830469000035 NAN, -71.052997136999977 42.354671927000027 NAN, -71.053333172999942 42.354510549000054 NAN))"
333,Purchase Street,45232200.000000000000000,3,2,,2011,BL,0.001636450911524,
334,John F. Fitzgerald Surface Road,5586400.000000000000000,3,2,,2011,BL,0.000304257159352,"MULTILINESTRING M ((-71.052244574999975 42.358971743000041 NAN, -71.052156915999944 42.358680387000049 NAN))"
335,Maverick Street,5157000.000000000000000,5,2,,2015,BL,0.001464613613971,"MULTILINESTRING M ((-71.030684904999987 42.366566138000053 NAN, -71.030716377999966 42.366580934000069 NAN, -71.032036177999942 42.367130988000042 NAN))"
336,Veterans Of Foreign Wars Parkway,4989300.000000000000000,2,3,1,2013,SLM,0.000781022399371,"MULTILINESTRING M ((-71.172414709999941 42.276096110000026 NAN, -71.172299427999974 42.27632684200006 NAN, -71.172162941999943 42.276647374000049 NAN, -71.172096421999981 42.276808928000037 NAN))"
337,Veterans Of Foreign Wars Parkway,6222400.000000000000000,2,3,1,2013,BL,0.002761513742203,"MULTILINESTRING M ((-71.172432264999941 42.285402851000072 NAN, -71.172469081999964 42.284969070000045 NAN, -71.172473938999985 42.284699514000067 NAN, -71.172451407999972 42.28437596100008 NAN, -71.172404387999961 42.284108825000033 NAN, -71.172336469999948 42.283869862000074 NAN, -71.172275161999949 42.283689975000073 NAN, -71.172213701999965 42.283540888000061 NAN, -71.172063112999979 42.283242646000076 NAN, -71.171783266999967 42.282795901000043 NAN))"
338,Massachusetts Avenue,5282400.000000000000000,3,2,,2023,SBL,0.003407378291354,"MULTILINESTRING M ((-71.061481383999933 42.32050828000007 NAN, -71.061590191999983 42.320590283000058 NAN, -71.061732454999969 42.320717910000042 NAN, -71.062085624999952 42.321137484000076 NAN, -71.062344724999946 42.32145237900005 NAN, -71.062859931999981 42.322085675000039 NAN, -71.063701125999955 42.323086515000057 NAN))"
339,Washington Street,5326400.000000000000000,3,2,,2020,SBL,0.000702960379909,"MULTILINESTRING M ((-71.062595678999969 42.352408621000052 NAN, -71.062563526999952 42.352591776000054 NAN, -71.062554052999985 42.352845649000074 NAN, -71.062544915999979 42.353047298000035 NAN, -71.062537678999945 42.353107967000028 NAN))"
340,Washington Street,5588900.000000000000000,3,2,,2020,SBL,0.000058139190288,"MULTILINESTRING M ((-71.062232632999951 42.353831614000057 NAN, -71.062191297999959 42.353872499000033 NAN))"
341,Washington Street,5326700.000000000000000,3,2,,2020,BL,0.000238571069525,"MULTILINESTRING M ((-71.061898546999942 42.354184573000055 NAN, -71.061733047999951 42.354356405000033 NAN))"
342,Music Hall Place,5540500.000000000000000,0,0,,,PED,0.000422849015148,"MULTILINESTRING M ((-71.061205196999936 42.355768828000066 NAN, -71.060917691999975 42.356078896000042 NAN))"
343,Cambridge Street,46179800.000000000000000,3,2,1,2022,SBL,0.000427227843783,"MULTILINESTRING M ((-71.06086815499998 42.360858925000059 NAN, -71.061078616999964 42.360952120000036 NAN, -71.061267418999932 42.361008551000054 NAN))"
344,Summer Street,45265600.000000000000000,3,2,1,2023,SBL,0.001777249861189,"MULTILINESTRING M ((-71.043772960999945 42.347076867000055 NAN, -71.043732116999934 42.347051993000036 NAN, -71.042985896999937 42.346660176000057 NAN, -71.042204218999984 42.346241807000069 NAN))"
345,Seaport Boulevard,5267400.000000000000000,3,5,,2017,SLM,0.001253993411937,"MULTILINESTRING M ((-71.039603669999963 42.349128027000063 NAN, -71.040131928999983 42.349345174000064 NAN, -71.040763734999985 42.349604208000073 NAN))"
346,Washington Street,5428100.000000000000000,5,2,,2024,SBL,0.000567848569882,"MULTILINESTRING M ((-71.058754121999982 42.357031204000066 NAN, -71.058352347999971 42.357432489000075 NAN))"
347,State Street,5330300.000000000000000,3,2,,2020,SBL,0.000164264764450,"MULTILINESTRING M ((-71.054161572999988 42.359285025000077 NAN, -71.054324921999978 42.359267704000047 NAN))"
348,University Of Massachusetts Access Road,6287300.000000000000000,0,B,,2019,BL,0.000808813197716,"MULTILINESTRING M ((-71.04545329299998 42.314256319000037 NAN, -71.046199491999971 42.313944284000058 NAN))"
349,Taylor Street,5401700.000000000000000,0,2,,,SUP,0.001559664135801,"MULTILINESTRING M ((-71.039703198999973 42.287288599000078 NAN, -71.039068098999962 42.288137629000062 NAN, -71.038983990999952 42.288242450000041 NAN, -71.038935906999939 42.288320104000036 NAN, -71.038896045999934 42.288396715000033 NAN, -71.038871043999961 42.288486506000027 NAN, -71.038863872999968 42.288580315000047 NAN))"
350,D Street,5665300.000000000000000,3,2,1,2013,BL,0.001343332019176,"MULTILINESTRING M ((-71.039603669999963 42.349128027000063 NAN, -71.040408819999982 42.348052725000059 NAN))"
351,Northern Avenue,45263800.000000000000000,3,5,,2017,SLM,0.000683924420345,"MULTILINESTRING M ((-71.038974071999974 42.348860896000076 NAN, -71.039603669999963 42.349128027000063 NAN))"
352,Northern Avenue,45263901.000000000000000,5,5,,2017,SLM,0.000756619535588,"MULTILINESTRING M ((-71.038216347999935 42.34855316800008 NAN, -71.037661133999961 42.348326375000056 NAN, -71.037515073999941 42.348269146000064 NAN))"
353,Meridian Street,4411300.000000000000000,3,2,,2013,BLSL,0.000782913785609,"MULTILINESTRING M ((-71.039211946999956 42.37864314400008 NAN, -71.039215655999953 42.379426049000074 NAN))"
354,Meridian Street,4404100.000000000000000,3,2,,2013,BLSL,0.000460183830883,"MULTILINESTRING M ((-71.039252862999945 42.380553605000046 NAN, -71.039270016999978 42.381013469000038 NAN))"
355,Marginal Street,4435500.000000000000000,0,5,,2015,SLM,0.001944847429226,"MULTILINESTRING M ((-71.030272406999984 42.36396208900004 NAN, -71.028886899999975 42.363610936000043 NAN, -71.028572206999968 42.364019278000058 NAN))"
356,Bennington Street,6267500.000000000000000,5,2,1,2008,SLM,0.003100274144958,"MULTILINESTRING M ((-71.02232236499998 42.381209847000036 NAN, -71.022911228999988 42.38099453600006 NAN, -71.023956054999985 42.380616604000068 NAN, -71.025235155999951 42.380148096000028 NAN))"
357,Veterans Of Foreign Wars Parkway,6212200.000000000000000,2,3,1,2013,BL,0.003963079226592,"MULTILINESTRING M ((-71.157678525999984 42.295746617000077 NAN, -71.157758957999988 42.295729972000061 NAN, -71.158140773999946 42.295621951000044 NAN, -71.158408857999973 42.29552258700005 NAN, -71.158677012999988 42.295409160000077 NAN, -71.15893856799994 42.295290085000033 NAN, -71.159867387999952 42.294831997000074 NAN, -71.160490847999938 42.294534493000072 NAN, -71.161288981999974 42.294133403000046 NAN))"
358,Market Street,5313600.000000000000000,5,2,1,2013,BL,0.000370584160873,"MULTILINESTRING M ((-71.147639238999943 42.358545739000078 NAN, -71.147445891999951 42.358861887000046 NAN))"
359,Baker Street,5437400.000000000000000,6,2,,2014,BL,0.000730564380099,"MULTILINESTRING M ((-71.178631994999932 42.294600627000079 NAN, -71.178496926999969 42.294505828000069 NAN, -71.178056965999986 42.294281776000048 NAN, -71.177991149999968 42.294253022000078 NAN))"
360,Veterans Of Foreign Wars Parkway,6223500.000000000000000,2,3,1,2013,BL,0.001886976387048,"MULTILINESTRING M ((-71.173948383999971 42.274003322000056 NAN, -71.17398282299996 42.27378903400006 NAN, -71.173984592999943 42.273445235000054 NAN, -71.173919715999943 42.273096182000074 NAN, -71.173787681999954 42.272767198000054 NAN, -71.173648718999971 42.272497841000074 NAN, -71.173459271999945 42.272248028000035 NAN))"
361,Veterans Of Foreign Wars Parkway,6213400.000000000000000,2,3,1,2013,BL,0.003291869428212,"MULTILINESTRING M ((-71.172369200999981 42.276873890000047 NAN, -71.172517852999988 42.276507711000079 NAN, -71.172781129999976 42.276035243000081 NAN, -71.173050749999959 42.275617373000046 NAN, -71.173313388999986 42.27522986200006 NAN, -71.173513172999947 42.274925947000042 NAN, -71.173607209999943 42.274790145000054 NAN, -71.173725791999971 42.27458765800003 NAN, -71.173880287999964 42.274242270000059 NAN, -71.173948383999971 42.274003322000056 NAN))"
362,Baker Street,5129000.000000000000000,6,2,,2014,SLM,0.000497171928577,"MULTILINESTRING M ((-71.17156922099997 42.287981014000025 NAN, -71.171729205999952 42.288403488000029 NAN, -71.171746475999953 42.288445497000055 NAN))"
363,Veterans Of Foreign Wars Parkway,5855200.000000000000000,2,3,1,2013,BL,0.002524298201688,"MULTILINESTRING M ((-71.171466983999949 42.287747770000067 NAN, -71.171253658999944 42.287984818000041 NAN, -71.171058792999986 42.288223020000032 NAN, -71.170822387999976 42.28846881000004 NAN, -71.17048194299997 42.288773353000067 NAN, -71.170103457999971 42.289077782000049 NAN, -71.169898635999971 42.289233798000055 NAN, -71.169613978999962 42.289448640000046 NAN))"
364,Baker Street,5687900.000000000000000,6,2,,2014,BL,0.001315064358296,"MULTILINESTRING M ((-71.172714083999949 42.289671217000034 NAN, -71.173537746999955 42.290696387000025 NAN))"
365,Veterans Of Foreign Wars Parkway,4827700.000000000000000,2,3,1,2013,SLM,0.000982530504397,"MULTILINESTRING M ((-71.164158735999933 42.292487977000064 NAN, -71.163274678999983 42.292916707000074 NAN))"
366,Veterans Of Foreign Wars Parkway,6218600.000000000000000,2,3,1,2013,BL,0.000911818414313,"MULTILINESTRING M ((-71.162636602999953 42.293480152000029 NAN, -71.162874860999977 42.293355933000043 NAN, -71.163451954999971 42.293072085000063 NAN))"
367,Beacon Street,4587500.000000000000000,3,2,,2009,BL,0.002055900141169,"MULTILINESTRING M ((-71.164776654999969 42.333755460000077 NAN, -71.164108884999962 42.333830595000052 NAN, -71.16350999399998 42.333895239000071 NAN, -71.162972933999981 42.333955562000028 NAN, -71.162732259999984 42.333970049000072 NAN))"
368,Chestnut Hill Avenue,4513000.000000000000000,5,2,,2013,BLSL,0.000333590573120,"MULTILINESTRING M ((-71.153949525999963 42.34755520200008 NAN, -71.153889995999975 42.347448678000035 NAN, -71.153786130999947 42.347264368000026 NAN))"
369,Market Street,4492400.000000000000000,5,2,,2013,BL,0.000873486976194,"MULTILINESTRING M ((-71.152384608999967 42.350911932000031 NAN, -71.152096994999965 42.351345450000053 NAN, -71.151915924999969 42.351648749000049 NAN))"
370,Lake Street,5786300.000000000000000,6,2,,2011,BL,0.000199308141647,"MULTILINESTRING M ((-71.162250089999986 42.346231699000043 NAN, -71.162118327999963 42.346381240000028 NAN))"
371,Lake Street,5786600.000000000000000,6,2,,2011,BL,0.000599239251870,"MULTILINESTRING M ((-71.162016644999937 42.346517981000034 NAN, -71.161680219999937 42.347013870000069 NAN))"
372,Washington Street,5799000.000000000000000,3,2,,2010,BL,0.000834326857097,"MULTILINESTRING M ((-71.162138226999957 42.348998068000071 NAN, -71.161622353999974 42.348972920000051 NAN, -71.161304512999948 42.348973325000031 NAN))"
373,Lake Street,5786500.000000000000000,6,2,,2011,BL,0.000679771244756,"MULTILINESTRING M ((-71.161680219999937 42.347013870000069 NAN, -71.161311572999978 42.347584999000048 NAN))"
374,Beacon Street,5679000.000000000000000,3,2,,2009,BFBL,0.000769043968699,"MULTILINESTRING M ((-71.15428578999996 42.333489214000053 NAN, -71.15407681399995 42.333985405000078 NAN, -71.153978529999961 42.334194058000037 NAN))"
375,Chestnut Hill Avenue,5328600.000000000000000,5,2,,2010,SLM,0.001870832802626,"MULTILINESTRING M ((-71.15090652799995 42.335991911000065 NAN, -71.151034512999956 42.336161058000073 NAN, -71.151256609999962 42.336346982000066 NAN, -71.151780281999947 42.33675848300004 NAN, -71.152319675999934 42.337209438000059 NAN))"
376,Commonwealth Avenue,6238000.000000000000000,3,2,1,2013,SLM,0.001304548216757,"MULTILINESTRING M ((-71.151382425999941 42.340431788000046 NAN, -71.151624226999957 42.340217576000043 NAN, -71.151824901999987 42.340033625000046 NAN, -71.151942564999956 42.339911318000077 NAN, -71.152115696999942 42.339701958000035 NAN, -71.152268401999947 42.339481852000063 NAN))"
377,Commonwealth Avenue,6223000.000000000000000,3,2,1,2013,SLM,0.001095459921736,"MULTILINESTRING M ((-71.150487750999957 42.341063211000062 NAN, -71.150922824999952 42.340772505000075 NAN, -71.151150879999989 42.340609455000049 NAN, -71.151382425999941 42.340431788000046 NAN))"
378,Chestnut Hill Avenue,5708900.000000000000000,5,2,,2013,BL,0.000914140115276,"MULTILINESTRING M ((-71.154356564999944 42.341853343000025 NAN, -71.153849347999937 42.34261385800005 NAN))"
379,Chestnut Hill Avenue,4536000.000000000000000,5,2,,2013,BL,0.000389740148743,"MULTILINESTRING M ((-71.153849347999937 42.34261385800005 NAN, -71.153632129999949 42.342937453000047 NAN))"
380,Chestnut Hill Avenue,4535000.000000000000000,5,2,,2013,BL,0.000323059658804,"MULTILINESTRING M ((-71.153632129999949 42.342937453000047 NAN, -71.153471479999951 42.343217737000032 NAN))"
381,Winship Street,4521800.000000000000000,5,2,,2024,BLSL,0.000659822235350,"MULTILINESTRING M ((-71.152910325999983 42.345653588000062 NAN, -71.152789954999946 42.34571455300005 NAN, -71.152699705999964 42.345781242000044 NAN, -71.152608985999962 42.345864806000066 NAN, -71.152447047999942 42.346104580000031 NAN))"
382,Summer Street,45263100.000000000000000,3,2,1,2023,SBL,0.001698800044834,"MULTILINESTRING M ((-71.038903412999957 42.344273287000078 NAN, -71.040340235999963 42.345179632000054 NAN))"
383,Summer Street,6283600.000000000000000,3,2,1,2023,SBL,0.001079484083318,"MULTILINESTRING M ((-71.038982471999987 42.344171195000058 NAN, -71.038376728999935 42.343791766000038 NAN, -71.038047136999978 42.343635599000038 NAN))"
384,Saratoga Street,5614700.000000000000000,5,2,,2017,BL,0.000438234600088,"MULTILINESTRING M ((-71.03951002499997 42.375437061000071 NAN, -71.039101321999965 42.375595211000075 NAN))"
385,Northern Avenue,5863700.000000000000000,0,2,,2023,SBL,0.001253012123739,"MULTILINESTRING M ((-71.032961025999953 42.345608103000075 NAN, -71.031817768999986 42.345095265000054 NAN))"
386,North Beacon Street,5726700.000000000000000,3,2,,2024,SBL,0.000277345827037,"MULTILINESTRING M ((-71.14616800899995 42.35541229200004 NAN, -71.14589876399998 42.355345750000026 NAN))"
387,Centre Street,4954900.000000000000000,5,2,,2023,SBL,0.001580647203579,"MULTILINESTRING M ((-71.158154274999958 42.28069559000005 NAN, -71.158168298999954 42.280974725000078 NAN, -71.158152030999986 42.281111409000061 NAN, -71.157961648999958 42.281638078000071 NAN, -71.157822230999955 42.28195108400007 NAN, -71.157694647999961 42.282178589000068 NAN))"
388,Centre Street,4939300.000000000000000,5,2,,2023,SBL,0.000832968423116,"MULTILINESTRING M ((-71.157694647999961 42.282178589000068 NAN, -71.157605979999971 42.282320686000048 NAN, -71.157373975999974 42.282729630000063 NAN, -71.157296472999974 42.282908899000063 NAN))"
389,Washington Street,6258100.000000000000000,3,2,1,2016,BFBL,0.001277985385323,"MULTILINESTRING M ((-71.139621012999953 42.276080032000038 NAN, -71.140234400999987 42.275615101000028 NAN, -71.140276770999947 42.275582984000039 NAN, -71.140652337999938 42.275325882000061 NAN))"
390,Beech Street,4903100.000000000000000,3,2,,2013,SLM,0.000584357826043,"MULTILINESTRING M ((-71.148970728999984 42.285911579000071 NAN, -71.148469786999954 42.285610695000059 NAN))"
391,Centre Street,4880800.000000000000000,5,2,,2010,BL,0.000862123600903,"MULTILINESTRING M ((-71.147322441999961 42.287420723000025 NAN, -71.146838006999985 42.287556529000028 NAN, -71.146497677999946 42.287670837000064 NAN))"
392,Commonwealth Avenue Frontage Road Eb,5109300.000000000000000,0,2,1,2013,SLM,0.001304914824547,"MULTILINESTRING M ((-71.146311741999966 42.341427732000056 NAN, -71.145961129999932 42.341488403000028 NAN, -71.145687302999988 42.341543517000048 NAN, -71.145434848999969 42.341610638000077 NAN, -71.145193034999977 42.341689737000081 NAN, -71.145046973999968 42.341738944000042 NAN))"
393,Cambridge Street,5649300.000000000000000,3,2,,2015,SLM,0.000805376995438,"MULTILINESTRING M ((-71.13401384499997 42.355003673000056 NAN, -71.133592026999963 42.355178907000038 NAN, -71.133275396999977 42.355324761000077 NAN))"
394,Belgrade Avenue,4897500.000000000000000,3,2,,2009,BL,0.001364816399661,"MULTILINESTRING M ((-71.141911773999936 42.286117678000039 NAN, -71.140547196999933 42.286143240000058 NAN))"
395,Centre Street,4850400.000000000000000,5,2,,2019,BFBL,0.000820591169750,"MULTILINESTRING M ((-71.141008005999936 42.29024273400006 NAN, -71.140643633999957 42.29054995000007 NAN, -71.140382793999947 42.290774208000073 NAN))"
396,Veterans Of Foreign Wars Parkway,6221300.000000000000000,2,3,1,2013,BL,0.006914191780183,
397,Cambridge Street,4486000.000000000000000,3,2,,2010,BL,0.001419816467514,"MULTILINESTRING M ((-71.141604083999937 42.352074531000028 NAN, -71.14102083399996 42.352288781000027 NAN, -71.140266815999951 42.352551451000068 NAN))"
398,Antwerp St,5936500.000000000000000,0, ,,2014,BL,0.000592070283801,"MULTILINESTRING M ((-71.139243214999965 42.360810066000056 NAN, -71.138970221999955 42.361335444000076 NAN))"
399,Belgrade Avenue,4893800.000000000000000,3,2,,2009,BL,0.001410154089005,"MULTILINESTRING M ((-71.13305926299995 42.286381779000067 NAN, -71.132610925999984 42.28643042300007 NAN, -71.132256407999932 42.286472052000079 NAN, -71.131831469999952 42.286536528000056 NAN, -71.131664874999956 42.286581007000052 NAN))"
400,Walter Street,4856100.000000000000000,6,2,,2016,BLSL,0.000777243556444,"MULTILINESTRING M ((-71.133467662999976 42.289665803000048 NAN, -71.133119662999945 42.290050695000048 NAN, -71.132960091999962 42.29025388000008 NAN))"
401,Walter Street,5737900.000000000000000,6,2,,2016,BLSL,0.000176072669939,"MULTILINESTRING M ((-71.132604856999933 42.290644375000056 NAN, -71.132494538999936 42.290781603000028 NAN))"
402,Centre Street,6283900.000000000000000,2,3,1,2011,BL,0.000636212630364,"MULTILINESTRING M ((-71.131914809999955 42.297297066000056 NAN, -71.132043386999953 42.297246272000052 NAN, -71.132498937999969 42.297045166000032 NAN))"
403,Brighton Avenue,5426500.000000000000000,3,2,1,2019,SLM,0.000952162576368,"MULTILINESTRING M ((-71.132081847999984 42.352948687000037 NAN, -71.131135730999972 42.352841560000059 NAN))"
404,Everett Street,4448100.000000000000000,6,2,,2017,BLSL,0.000921329490746,"MULTILINESTRING M ((-71.136961792999955 42.359324164000043 NAN, -71.136596176999944 42.360169843000051 NAN))"
405,Perkins Street,6276400.000000000000000,5,3,1,2008,BL,0.001096753957405,"MULTILINESTRING M ((-71.124791000999949 42.318983679000041 NAN, -71.124985429999981 42.318912175000037 NAN, -71.125311336999971 42.31880407500006 NAN, -71.125761674999978 42.318712703000074 NAN, -71.125847615999987 42.318701163000071 NAN))"
406,North Harvard Street,5180500.000000000000000,5,2,,2009,BL,0.000674084587129,"MULTILINESTRING M ((-71.128030170999978 42.364490277000073 NAN, -71.127480251999941 42.364880122000045 NAN))"
407,American Legion Highway,5172400.000000000000000,5,2,1,2020,SBL,0.000204326691269,"MULTILINESTRING M ((-71.116428442999961 42.279771564000043 NAN, -71.116357568999945 42.279963205000058 NAN))"
408,American Legion Highway,5119500.000000000000000,5,2,1,2020,SBL,0.005986870308381,
409,Warren Street,4701200.000000000000000,5,2,,2010,SLM,0.000519922048333,"MULTILINESTRING M ((-71.083641183999987 42.313553174000049 NAN, -71.083663800999943 42.31374569500008 NAN, -71.083711333999986 42.314068289000033 NAN))"
410,Warren Street,5601700.000000000000000,5,2,1,2011,SLM,0.000302700216607,"MULTILINESTRING M ((-71.083008716999984 42.31611279100008 NAN, -71.082850836999967 42.316371057000026 NAN))"
411,Walnut Avenue,4642800.000000000000000,6,2,,2011,BLSL,0.000710274947615,"MULTILINESTRING M ((-71.085270798999943 42.321914389000028 NAN, -71.084854167999936 42.322489636000057 NAN))"
412,Williams Street,5185900.000000000000000,0,2,,2017,SLMTC,0.000180043863025,"MULTILINESTRING M ((-71.107464811999932 42.306495969000025 NAN, -71.107332915999962 42.306373416000042 NAN))"
413,Brighton Avenue,5246800.000000000000000,3,2,1,2019,SLM,0.000770766080684,"MULTILINESTRING M ((-71.127706727999964 42.352435256000035 NAN, -71.126942492999945 42.352335130000029 NAN))"
414,Brighton Avenue,5246600.000000000000000,3,2,1,2010,BL,0.000282717872356,"MULTILINESTRING M ((-71.124697633999972 42.352075741000078 NAN, -71.124415752999937 42.352054004000081 NAN))"
415,Brighton Avenue,6281500.000000000000000,3,2,1,2010,BL,0.000792531110260,"MULTILINESTRING M ((-71.124410302999934 42.352240305000066 NAN, -71.124574957999982 42.35225041800004 NAN, -71.124863381999944 42.352236645000062 NAN, -71.125021997999966 42.352240038000048 NAN, -71.125201611999955 42.352254065000068 NAN))"
416,Commonwealth Avenue,5119300.000000000000000,3,2,1,2010,BL,0.000320487411413,"MULTILINESTRING M ((-71.124415752999937 42.352054004000081 NAN, -71.124097160999952 42.352019200000029 NAN))"
417,Commonwealth Avenue,6222200.000000000000000,3,2,1,2010,BL,0.001217954369464,"MULTILINESTRING M ((-71.12319933699996 42.352118669000049 NAN, -71.123793141999954 42.352182743000071 NAN, -71.124215852999953 42.352237407000075 NAN, -71.124410302999934 42.352240305000066 NAN))"
418,North Harvard Street,5221900.000000000000000,5,2,,2012,BL,0.000871343293977,"MULTILINESTRING M ((-71.128006049999954 42.35969151300003 NAN, -71.128037004999953 42.359715407000067 NAN, -71.128314856999964 42.359944189000032 NAN, -71.128689787999974 42.360231437000039 NAN))"
419,Cambridge Street,6264800.000000000000000,3,2,1,2022,BFBL,0.001747188681278,"MULTILINESTRING M ((-71.126487349999934 42.357986332000053 NAN, -71.126973573999976 42.357807293000064 NAN, -71.127538891999961 42.357595306000064 NAN, -71.128124908999951 42.357377192000058 NAN))"
420,Cambridge Street,5609500.000000000000000,3,2,1,2022,SBL,0.001716189698600,"MULTILINESTRING M ((-71.128027485999951 42.357269969000072 NAN, -71.12706454399995 42.35762640300004 NAN, -71.126531904999979 42.357828363000067 NAN, -71.126417927999967 42.357865113000059 NAN))"
421,Western Avenue,5126400.000000000000000,5,2,,2024,SBL,0.000766953851223,"MULTILINESTRING M ((-71.130518991999963 42.363134930000058 NAN, -71.130018779999943 42.363171022000074 NAN, -71.129755677999981 42.36320618600007 NAN))"
422,Franklin Street,4443500.000000000000000,0,2,,2010,SLM,0.000548145936712,"MULTILINESTRING M ((-71.132814016999987 42.360118442000044 NAN, -71.132646842999975 42.360261391000051 NAN, -71.132398639999963 42.360476106000078 NAN))"
423,Cambridge Street,6269700.000000000000000,3,2,1,2022,SBL,0.002802247596427,"MULTILINESTRING M ((-71.128124908999951 42.357377192000058 NAN, -71.128633019999938 42.357184148000044 NAN, -71.129266130999952 42.356955492000054 NAN, -71.12987121499998 42.356718301000058 NAN, -71.130433568999933 42.356506544000069 NAN, -71.130738688999941 42.35636885100007 NAN))"
424,River Street,5075800.000000000000000,5,2,,2012,BLSL,0.000576272162135,"MULTILINESTRING M ((-71.128181189999964 42.254959554000038 NAN, -71.128331032999938 42.254852566000068 NAN, -71.128491233999966 42.254689906000067 NAN, -71.128591408999966 42.25456024500005 NAN))"
425,River Street,5073800.000000000000000,5,2,,2012,SLM,0.000445741198295,"MULTILINESTRING M ((-71.126339795999968 42.255486446000077 NAN, -71.125996117999989 42.255548350000026 NAN, -71.125901327999941 42.255566609000027 NAN))"
426,Belgrade Avenue,5832700.000000000000000,3,2,,2009,BL,0.000519766736373,"MULTILINESTRING M ((-71.129555724999989 42.28721923300003 NAN, -71.129702849999944 42.287188529000048 NAN, -71.130056709999963 42.287082262000069 NAN))"
427,Corinth Street,4901600.000000000000000,3,2,,2009,SLM,0.000931618993666,"MULTILINESTRING M ((-71.12975563599997 42.286179863000029 NAN, -71.12935377499997 42.285926482000036 NAN, -71.128967397999986 42.285683280000057 NAN))"
428,Washington Street,5116700.000000000000000,3,2,,2009,BL-PEAKBUS,0.000487135744101,"MULTILINESTRING M ((-71.127373500999965 42.287108475000025 NAN, -71.127045520999957 42.287468656000044 NAN))"
429,Washington Street,5116600.000000000000000,3,2,,2009,BL-PEAKBUS,0.000277887441449,"MULTILINESTRING M ((-71.127045520999957 42.287468656000044 NAN, -71.126837173999945 42.287652539000078 NAN))"
430,Cummins Highway,5311300.000000000000000,3,2,,2012,BL,0.000920450265197,"MULTILINESTRING M ((-71.127437025999939 42.286011384000062 NAN, -71.127265233999935 42.285900595000044 NAN, -71.126656666999963 42.285523304000037 NAN))"
431,Walter Street,4831300.000000000000000,6,2,,2016,BLSL,0.000797255041067,"MULTILINESTRING M ((-71.130577421999988 42.291971440000054 NAN, -71.130511492999972 42.292132156000037 NAN, -71.130495156999984 42.292464654000071 NAN, -71.130471864999947 42.292754362000039 NAN))"
432,Walter Street,6239900.000000000000000,6,2,,2016,SLM,0.000246072370406,"MULTILINESTRING M ((-71.130276840999954 42.297891630000038 NAN, -71.130226537999988 42.29784251500007 NAN, -71.130136059999984 42.297793271000046 NAN, -71.130071193999981 42.297760316000051 NAN))"
433,Walter Street,6240100.000000000000000,6,2,,2016,BL,0.000318968941927,"MULTILINESTRING M ((-71.129819579999946 42.297572805000073 NAN, -71.12981844799998 42.29776636500003 NAN, -71.129800957999976 42.29789054500003 NAN))"
434,Walter Street,6240200.000000000000000,6,2,,2016,BL,0.000234823514563,"MULTILINESTRING M ((-71.129800957999976 42.29789054500003 NAN, -71.129844981999952 42.297964624000031 NAN, -71.129880193999952 42.29802082100008 NAN, -71.12992855899995 42.298087451000072 NAN))"
435,Centre Street,6221500.000000000000000,2,3,1,2011,BL,0.002345860917175,"MULTILINESTRING M ((-71.126251016999959 42.301807283000073 NAN, -71.126448299999936 42.301610987000061 NAN, -71.12667162799994 42.301401828000053 NAN, -71.126927780999949 42.301152829000046 NAN, -71.127123857999948 42.300967780000065 NAN, -71.127255783999942 42.300832601000025 NAN, -71.127517285999943 42.300575176000052 NAN, -71.127925974999982 42.300165173000039 NAN))"
436,Centre Street,6277200.000000000000000,2,3,1,2011,BL,0.000680637712454,"MULTILINESTRING M ((-71.125816783999937 42.302330992000066 NAN, -71.125819866999962 42.302326365000056 NAN, -71.125983628999961 42.302129398000034 NAN, -71.126158136999948 42.30190770400003 NAN, -71.126251016999959 42.301807283000073 NAN))"
437,Western Avenue,5728700.000000000000000,5,2,,2021,SBL,0.001427266105560,"MULTILINESTRING M ((-71.124742003999984 42.363619825000058 NAN, -71.124393740999949 42.363652448000039 NAN, -71.123320862999947 42.363751910000076 NAN))"
438,North Harvard Street,5638500.000000000000000,5,2,,2009,BL,0.000523355837253,"MULTILINESTRING M ((-71.125573576999955 42.366407795000043 NAN, -71.125213598999949 42.366787686000066 NAN))"
439,North Harvard Street,5872500.000000000000000,5,2,,2009,BL,0.001157607675392,"MULTILINESTRING M ((-71.124592723999967 42.367415568000069 NAN, -71.124433947999933 42.367582328000026 NAN, -71.124137485999938 42.367897024000058 NAN, -71.123797872999944 42.36825715100008 NAN))"
440,Washington Street,5117000.000000000000000,3,2,,2009,BL-PEAKBUS,0.001063806459859,"MULTILINESTRING M ((-71.118431776999955 42.295574020000061 NAN, -71.118217597999944 42.295774752000057 NAN, -71.118135068999948 42.295853818000069 NAN, -71.11778800899998 42.296188588000064 NAN, -71.117662081999981 42.296308331000034 NAN))"
441,Centre Street,5684700.000000000000000,2,3,1,2011,BL,0.001444310487446,"MULTILINESTRING M ((-71.123390038999958 42.307208927000033 NAN, -71.122983661999967 42.307738606000044 NAN, -71.12272801499995 42.308075685000063 NAN, -71.122502015999942 42.30834769300003 NAN))"
442,Perkins Street,5150700.000000000000000,5,3,,2008,BL,0.000443365109636,"MULTILINESTRING M ((-71.123270949999949 42.319642685000076 NAN, -71.123141146999956 42.319702343000074 NAN, -71.122898972999963 42.319816897000067 NAN, -71.122869509999987 42.319830869000043 NAN))"
443,Perkins Street,5150800.000000000000000,5,3,,2008,BL,0.003218468788103,
444,Commonwealth Avenue,6305900.000000000000000,3,2,1,2019,SBL,0.001747942849430,"MULTILINESTRING M ((-71.120286799999974 42.35156610100006 NAN, -71.119723198999964 42.351497281000036 NAN, -71.118550016999961 42.35136917400007 NAN))"
445,Commonwealth Avenue,6222000.000000000000000,3,2,1,2019,SBL,0.002787020849150,"MULTILINESTRING M ((-71.11575365799996 42.351221875000078 NAN, -71.117743487999974 42.351463711000065 NAN, -71.118520970999953 42.351552609000066 NAN))"
446,Western Avenue,5151400.000000000000000,5,2,,2021,SBL,0.000281827265881,"MULTILINESTRING M ((-71.123320862999947 42.363751910000076 NAN, -71.123039135999989 42.363759427000048 NAN))"
447,Western Avenue,4435300.000000000000000,5,2,,2021,SBL,0.001300425561705,"MULTILINESTRING M ((-71.119451925999954 42.36405933900005 NAN, -71.119125599999961 42.364102145000061 NAN, -71.118812452999975 42.364129244000026 NAN, -71.118527765999943 42.364155869000058 NAN, -71.11815719699996 42.364174899000034 NAN))"
448,Centre Street,6253800.000000000000000,3,2,1,2023,BL,0.000294692632795,"MULTILINESTRING M ((-71.148180703999969 42.287314181000056 NAN, -71.148303752999936 42.287231361000067 NAN, -71.148435493999955 42.287167581000062 NAN))"
449,Guest Street,4459000.000000000000000,0,2,,2022,BL,0.004292060308822,"MULTILINESTRING M ((-71.14571273699994 42.357068668000068 NAN, -71.145211079999967 42.357000159000052 NAN, -71.144179417999965 42.356845615000054 NAN, -71.141467860999967 42.356434313000079 NAN))"
450,North Beacon Street,5842100.000000000000000,3,2,,2024,SBL,0.000729728851192,"MULTILINESTRING M ((-71.142370579999977 42.354454092000026 NAN, -71.141664083999956 42.354271424000046 NAN))"
451,Milton Street,5387200.000000000000000,3,2,,2023,BFBL,0.000703216131124,"MULTILINESTRING M ((-71.135267793999958 42.238171291000072 NAN, -71.135184123999977 42.238335330000041 NAN, -71.135116006999965 42.238461158000064 NAN, -71.134992464999982 42.238611568000067 NAN, -71.134854013999984 42.238728690000073 NAN))"
452,Washington Street,5143600.000000000000000,3,2,,2023,BL-PEAKBUS,0.001422826179224,"MULTILINESTRING M ((-71.131385781999938 42.283427933000041 NAN, -71.130754880999973 42.284022358000072 NAN, -71.130348239999933 42.284401549000052 NAN))"
453,Mount Hope Street,5218700.000000000000000,0,2,,2021,CFBL,0.000492928038659,"MULTILINESTRING M ((-71.116427311999985 42.283344247000059 NAN, -71.116398963999984 42.283325409000042 NAN, -71.116100728999982 42.283146038000041 NAN, -71.116007122999974 42.283086621000052 NAN))"
454,Canterbury Street,5289800.000000000000000,0,2,,2021,SLMTC,0.000676139551580,"MULTILINESTRING M ((-71.11566492299994 42.279539433000025 NAN, -71.115315532999944 42.279895010000075 NAN, -71.115183531999946 42.280013877000044 NAN))"
455,Truman Highway,6231000.000000000000000,5,3,,2018,BL,0.004847432746216,
456,North Harvard Street,4430300.000000000000000,3,1,,,BL,0.000850522128878,"MULTILINESTRING M ((-71.123492296999984 42.368612209000048 NAN, -71.122938086999966 42.369257375000075 NAN))"
457,Walk Hill Street,4808500.000000000000000,5,2,,2014,SLM,0.000995579431017,"MULTILINESTRING M ((-71.115368806999982 42.294580794000069 NAN, -71.115513537999959 42.294741644000055 NAN, -71.115637584999945 42.294876539000029 NAN, -71.115761320999979 42.295062643000051 NAN, -71.115829668999936 42.29522829900003 NAN, -71.115856358999963 42.295419701000071 NAN))"
458,New Washington Street,5457400.000000000000000,0,2,1,2018,SBL,0.001485133928031,"MULTILINESTRING M ((-71.112118345999988 42.301786327000059 NAN, -71.112601560999963 42.301787395000076 NAN, -71.112951860999942 42.301800956000079 NAN, -71.113095265999959 42.301807630000042 NAN, -71.113206659999946 42.301813628000048 NAN, -71.113487433999978 42.301823576000061 NAN, -71.11357155099995 42.301827238000044 NAN, -71.113602585999956 42.301829135000048 NAN))"
459,Arborway,5241600.000000000000000,0,3,1,2018,SBL,0.000971337176474,"MULTILINESTRING M ((-71.112678594999977 42.301151258000061 NAN, -71.112460096999939 42.301183719000051 NAN, -71.112070513999981 42.301210537000031 NAN, -71.111710610999978 42.301215419000073 NAN))"
460,Centre Street,6235700.000000000000000,5,2,1,2011,SLM,0.000324146389679,"MULTILINESTRING M ((-71.116420025999957 42.309220353000057 NAN, -71.116529123999953 42.309168385000078 NAN, -71.116722621999941 42.309106009000061 NAN))"
461,South Street,5167300.000000000000000,5,2,,2010,SLM,0.000417504687756,"MULTILINESTRING M ((-71.115531833999967 42.308065788000079 NAN, -71.115533998999979 42.308099896000044 NAN, -71.115555932999939 42.308482596000033 NAN))"
462,Centre Street,5852900.000000000000000,5,2,1,2011,SLM,0.001079273101577,"MULTILINESTRING M ((-71.115472829999987 42.309683653000036 NAN, -71.115656959999967 42.309675285000026 NAN, -71.115827484999954 42.309611128000029 NAN, -71.116063122999947 42.309444798000072 NAN, -71.116213396999967 42.309322070000064 NAN, -71.116420025999957 42.309220353000057 NAN))"
463,Centre Street,4726600.000000000000000,5,2,,2010,BL,0.000654738673122,"MULTILINESTRING M ((-71.114853834999963 42.310402381000074 NAN, -71.114762115999952 42.310556247000079 NAN, -71.114654942999948 42.310758454000052 NAN, -71.114572790999944 42.310991134000062 NAN))"
464,Centre Street,5134900.000000000000000,5,2,,2010,BL,0.000178831321879,"MULTILINESTRING M ((-71.114092242999959 42.31532849000007 NAN, -71.114091152999947 42.315507318000073 NAN))"
465,Centre Street,4679400.000000000000000,5,2,,2010,SLM,0.000731104373532,"MULTILINESTRING M ((-71.113762380999958 42.31648866300003 NAN, -71.113624583999979 42.316705956000078 NAN, -71.113354951999952 42.317095555000037 NAN))"
466,Centre Street,5135000.000000000000000,5,2,,2010,SLM,0.000199977733828,"MULTILINESTRING M ((-71.113354951999952 42.317095555000037 NAN, -71.11324261599998 42.317260999000041 NAN))"
467,Centre Street,4671400.000000000000000,5,2,,2010,SLM,0.000538629846169,"MULTILINESTRING M ((-71.113085072999979 42.317493028000058 NAN, -71.112764369999979 42.317925777000028 NAN))"
468,Perkins Street,5291400.000000000000000,5,2,,2010,SLM,0.000410661563215,"MULTILINESTRING M ((-71.115600008999934 42.321075075000067 NAN, -71.115194712999937 42.321141242000067 NAN))"
469,Centre Street,4663700.000000000000000,5,2,,2010,SLM,0.000367775025032,"MULTILINESTRING M ((-71.112146123999935 42.31881329600003 NAN, -71.111934639999959 42.319114183000067 NAN))"
470,Huntington Avenue,5197200.000000000000000,3,2,,2013,SLM,0.000990095606015,"MULTILINESTRING M ((-71.112045358999978 42.331986234000055 NAN, -71.111944137999956 42.33203319100005 NAN, -71.111834878999957 42.33209194300008 NAN, -71.111514806999935 42.332311583000035 NAN, -71.111211640999954 42.332517124000049 NAN))"
471,Arborway,5241400.000000000000000,0,3,1,2018,SBL,0.002327675897779,"MULTILINESTRING M ((-71.110522985999978 42.301288582000041 NAN, -71.109941939999942 42.301234841000053 NAN, -71.109723242999962 42.30120652800008 NAN, -71.109163419999959 42.301184367000076 NAN, -71.10864608299994 42.301155036000068 NAN, -71.108438192999984 42.301126760000045 NAN, -71.108246582999982 42.301070398000036 NAN, -71.108214218999933 42.301055408000025 NAN))"
472,American Legion Highway,6271400.000000000000000,5,2,1,2020,SBL,0.001507878793765,"MULTILINESTRING M ((-71.095860190999986 42.292007606000027 NAN, -71.095910558999947 42.291982465000046 NAN, -71.096326025999986 42.29172171700003 NAN, -71.096634312999981 42.291569181000057 NAN, -71.097119652999936 42.291373384000053 NAN, -71.097208981999984 42.291344879000064 NAN))"
473,American Legion Highway,5630300.000000000000000,5,2,1,2020,SBL,0.003447434429936,
474,Pierpoint Road,6211400.000000000000000,5,2,1,2009,BL,0.000999355576485,"MULTILINESTRING M ((-71.095032110999966 42.305871447000072 NAN, -71.095016166999983 42.305619450000052 NAN, -71.095046346999936 42.305441729000052 NAN, -71.095088440999973 42.30529825900004 NAN, -71.095158203999972 42.305138273000068 NAN, -71.095289701999945 42.304934478000064 NAN))"
475,Seaver Street,5149100.000000000000000,3,2,1,2016,BFBL,0.001659863761296,"MULTILINESTRING M ((-71.093483140999979 42.31219182500007 NAN, -71.093560869999976 42.312395228000071 NAN, -71.093682501999979 42.312579093000068 NAN, -71.093844614999966 42.312746786000048 NAN, -71.093976780999981 42.312825467000039 NAN, -71.094266682999944 42.312956470000074 NAN, -71.094456808999951 42.313041542000065 NAN, -71.094633300999988 42.313124319000053 NAN, -71.094732644999965 42.313178684000036 NAN))"
476,Walnut Avenue,5750000.000000000000000,6,2,,2011,SLM,0.000495568111244,"MULTILINESTRING M ((-71.09382186199997 42.314549549000049 NAN, -71.093756230999986 42.314794087000053 NAN, -71.093681556999968 42.315024673000039 NAN))"
477,Williams Street,5185700.000000000000000,0,2,,2017,SLMTC,0.000207975539322,"MULTILINESTRING M ((-71.106316553999989 42.305429687000071 NAN, -71.106168125999943 42.305284006000079 NAN))"
478,Perkins Street,6288700.000000000000000,5,2,1,2010,SLM,0.000289757295652,"MULTILINESTRING M ((-71.110319274999938 42.321918766000067 NAN, -71.110184680999964 42.32188904700007 NAN, -71.110036418999982 42.321855904000074 NAN))"
479,Centre Street,5827900.000000000000000,5,2,1,2010,BL,0.000697629297074,"MULTILINESTRING M ((-71.109255416999986 42.322173424000027 NAN, -71.109453991999942 42.322125146000076 NAN, -71.109938769999985 42.322034012000074 NAN))"
480,Centre Street,4641500.000000000000000,5,2,,2010,BLSL,0.000833488319651,"MULTILINESTRING M ((-71.109255416999986 42.322173424000027 NAN, -71.108452758999988 42.322398019000047 NAN))"
481,Centre Street,4639300.000000000000000,5,2,,2010,BLSL,0.000288773876100,"MULTILINESTRING M ((-71.106852400999969 42.322534912000037 NAN, -71.106566117999932 42.322572759000025 NAN))"
482,South Huntington Avenue,5127800.000000000000000,5,2,,2010,SLM,0.001097545435293,"MULTILINESTRING M ((-71.110832349999953 42.32908122200007 NAN, -71.110906942999975 42.32925252800004 NAN, -71.111101490999943 42.329647626000053 NAN, -71.111297905999947 42.330074952000075 NAN))"
483,Huntington Avenue,5197700.000000000000000,3,2,1,2013,SLM,0.000802859292723,"MULTILINESTRING M ((-71.10561710199994 42.33378532100005 NAN, -71.105180522999945 42.333941483000046 NAN, -71.104863685999987 42.334062583000048 NAN))"
484,Longwood Avenue,5318600.000000000000000,5,2,,2015,BLSL,0.000694350849511,"MULTILINESTRING M ((-71.109894518999965 42.340304696000032 NAN, -71.109624857999961 42.340248074000044 NAN, -71.109469693999984 42.340195779000055 NAN, -71.109362800999975 42.340127333000055 NAN, -71.109248731999969 42.340068952000081 NAN))"
485,Brookline Avenue,5296200.000000000000000,2,2,,2023,BL,0.000283559028195,"MULTILINESTRING M ((-71.108100714999978 42.338154986000063 NAN, -71.108310542999959 42.337964256000078 NAN))"
486,Longwood Avenue,4558400.000000000000000,5,2,,2020,SLM,0.001392283471180,"MULTILINESTRING M ((-71.10728332399998 42.338926163000053 NAN, -71.106074351999951 42.338235627000074 NAN))"
487,Brookline Avenue,6298000.000000000000000,2,2,,2013,SBL,0.000876422153843,"MULTILINESTRING M ((-71.105888087999972 42.340234251000027 NAN, -71.106521253999972 42.33962826700008 NAN))"
488,Commonwealth Avenue,6260800.000000000000000,3,2,1,2018,SBL,0.001261936574644,"MULTILINESTRING M ((-71.109666226999934 42.350509840000029 NAN, -71.110919915999943 42.350653881000028 NAN))"
489,Beacon Street,5189900.000000000000000,3,2,1,2018,SBL,0.001059871240381,"MULTILINESTRING M ((-71.105066858999976 42.346564475000037 NAN, -71.104055725999956 42.346882181000069 NAN))"
490,Beacon Street,6235000.000000000000000,3,2,1,2018,SBL,0.001848138035900,"MULTILINESTRING M ((-71.103352124999958 42.347164476000046 NAN, -71.104100694999943 42.346961541000042 NAN, -71.104442473999939 42.346868881000034 NAN, -71.105137479999939 42.346686919000035 NAN))"
491,River Street,5155700.000000000000000,5,2,,2013,SLM,0.000404664700086,"MULTILINESTRING M ((-71.102655421999941 42.263605906000066 NAN, -71.102322440999956 42.263612633000037 NAN, -71.102251039999942 42.263618175000033 NAN))"
492,Morton Street,6218000.000000000000000,2,1,1,2013,BFBL,0.007123128241576,
493,Jewish War Veterans Drive,5160200.000000000000000,5,2,,2009,BL,0.000390676334051,"MULTILINESTRING M ((-71.102248404999955 42.300866356000029 NAN, -71.102112831999989 42.300910336000072 NAN, -71.102003719999971 42.300994363000029 NAN, -71.10193288399995 42.301079082000058 NAN))"
494,Huntington Avenue,6241300.000000000000000,3,2,1,2013,SLM,0.002662937416605,"MULTILINESTRING M ((-71.102427628999976 42.335157577000075 NAN, -71.103075937999961 42.334935372000075 NAN, -71.103775534999954 42.334664815000053 NAN, -71.104453515999978 42.334394250000059 NAN, -71.104911094999977 42.33419888700007 NAN))"
495,Tremont Street,5675800.000000000000000,5,2,,2015,SLM,0.000306869064172,"MULTILINESTRING M ((-71.101978778999978 42.333209751000027 NAN, -71.101690660999964 42.33310412600008 NAN))"
496,Huntington Avenue,5759200.000000000000000,3,2,1,2013,SLM,0.001068848061440,"MULTILINESTRING M ((-71.102533913999935 42.334961088000057 NAN, -71.101522385999942 42.335306410000044 NAN))"
497,Huntington Avenue,6241400.000000000000000,3,2,1,2013,SLM,0.001133251802881,"MULTILINESTRING M ((-71.101358344999937 42.335532932000035 NAN, -71.102427628999976 42.335157577000075 NAN))"
498,Longwood Avenue,5745100.000000000000000,5,2,,2015,BLSL,0.000087324125656,"MULTILINESTRING M ((-71.100980878999962 42.336187449000079 NAN, -71.100898524999934 42.336158409000063 NAN))"
499,Saint Alphonsus Street,4591200.000000000000000,5,2,,2015,BL,0.001563962646453,"MULTILINESTRING M ((-71.101321645999974 42.332968848000064 NAN, -71.100487560999966 42.334291830000041 NAN))"
500,Longwood Avenue,5578300.000000000000000,5,2,,2015,SLM,0.000255754815083,"MULTILINESTRING M ((-71.100325737999981 42.335942748000036 NAN, -71.100092649999965 42.335837484000081 NAN))"
501,Huntington Avenue,5229400.000000000000000,3,2,1,2013,SLM,0.000373634037079,"MULTILINESTRING M ((-71.099510663999979 42.336096416000032 NAN, -71.099226641999962 42.336204309000038 NAN, -71.099157913999989 42.336216549000028 NAN))"
502,Longwood Avenue,5197000.000000000000000,5,2,,2015,BLSL,0.001217870251345,"MULTILINESTRING M ((-71.104541082999958 42.337556221000057 NAN, -71.103913435999971 42.337320593000072 NAN, -71.10340331499998 42.337121898000078 NAN))"
503,Palace Road,5297900.000000000000000,0,2,,2012,SLM,0.000913996583222,"MULTILINESTRING M ((-71.100366832999953 42.336966207000046 NAN, -71.099987861999978 42.337528700000064 NAN, -71.099868452999942 42.337731973000075 NAN))"
504,Norfolk Street,4960100.000000000000000,5,2,,2017,BL,0.000194229896180,"MULTILINESTRING M ((-71.088589279999951 42.27996500900008 NAN, -71.088454258999946 42.280104632000075 NAN))"
505,Blue Hill Avenue,5110900.000000000000000,3,2,1,2010,BL,0.000338175971388,"MULTILINESTRING M ((-71.090988842999934 42.285332635000032 NAN, -71.090880493999975 42.28565298400008 NAN))"
506,Blue Hill Avenue,4900900.000000000000000,3,2,1,2010,BL,0.000956996588046,"MULTILINESTRING M ((-71.090880493999975 42.28565298400008 NAN, -71.09057889099995 42.286561212000038 NAN))"
507,Commonwealth Avenue,5127200.000000000000000,3,2,1,2008,BL,0.000804352906841,"MULTILINESTRING M ((-71.103662988999986 42.34956616900007 NAN, -71.102864293999971 42.349470933000077 NAN))"
508,Mountfort Street,5660000.000000000000000,0,2,,2017,SLM,0.001069408008435,"MULTILINESTRING M ((-71.103741371999945 42.347992959000067 NAN, -71.102684288999967 42.347831067000072 NAN))"
509,Commonwealth Avenue,6224900.000000000000000,3,2,1,2008,BL,0.001714361401819,"MULTILINESTRING M ((-71.100555145999977 42.349366131000068 NAN, -71.102256796999939 42.349574503000042 NAN))"
510,River Street,5041800.000000000000000,5,2,,2013,SLM,0.000695859286443,"MULTILINESTRING M ((-71.097086100999945 42.266568767000081 NAN, -71.096822546999988 42.266645495000034 NAN, -71.09651748999994 42.266695626000057 NAN, -71.096406043999934 42.26670874000007 NAN))"
511,Blue Hill Avenue,5175500.000000000000000,2,2,1,2010,SLM,0.000835900290752,"MULTILINESTRING M ((-71.093651728999987 42.268680828000072 NAN, -71.093610582999986 42.269515715000068 NAN))"
512,Blue Hill Avenue,6233400.000000000000000,2,2,1,2010,BL,0.001280364838745,"MULTILINESTRING M ((-71.093752964999965 42.271205979000058 NAN, -71.093782764999958 42.269925961000069 NAN))"
513,Blue Hill Avenue,6229500.000000000000000,2,2,1,2010,BL,0.000118190392189,"MULTILINESTRING M ((-71.093702974999985 42.273389605000034 NAN, -71.09370088999998 42.273271433000048 NAN))"
514,Blue Hill Avenue,6257502.000000000000000,2,2,1,2010,BL,0.001050970293489,"MULTILINESTRING M ((-71.093698767999967 42.272753655000031 NAN, -71.093735761999937 42.27170333600003 NAN))"
515,Walk Hill Street,4981100.000000000000000,5,2,,2014,SLM,0.002284260860793,"MULTILINESTRING M ((-71.093577019999941 42.277256530000045 NAN, -71.093763283999976 42.277365790000033 NAN, -71.094114933999947 42.277619678000065 NAN, -71.094611146999966 42.277987744000029 NAN, -71.09497659799996 42.278247306000026 NAN, -71.095396766999954 42.278630292000059 NAN))"
516,Blue Hill Avenue,6213200.000000000000000,2,2,1,2010,BL,0.001071200575651,"MULTILINESTRING M ((-71.093164571999978 42.279449561000035 NAN, -71.09338214099995 42.278784669000061 NAN, -71.09345465499996 42.278584046000049 NAN, -71.093491062999988 42.278429999000025 NAN))"
517,Ritchie Street,4643400.000000000000000,6,2,,2011,SLM,0.002170003309409,"MULTILINESTRING M ((-71.09786519499994 42.322376093000059 NAN, -71.096976236999978 42.322036492000052 NAN, -71.096713858999976 42.32195117100008 NAN, -71.096564917999956 42.321913510000059 NAN, -71.096394417999988 42.321897156000034 NAN, -71.096195474999945 42.321912213000076 NAN, -71.095782941999971 42.321979974000044 NAN))"
518,Marcella Street,4647900.000000000000000,6,2,,2011,SLM,0.001695166199695,"MULTILINESTRING M ((-71.095398933999945 42.322063024000045 NAN, -71.095108608999965 42.321932023000045 NAN, -71.094299625999952 42.321479585000077 NAN, -71.093910391999941 42.321254261000036 NAN))"
519,Thornton Street,5560200.000000000000000,0,2,,2011,SLM,0.000584667562463,"MULTILINESTRING M ((-71.092629491999958 42.32220742100003 NAN, -71.093098085999941 42.321857770000065 NAN))"
520,Ruggles Street,5365400.000000000000000,5,2,,2010,SLM,0.000511354375033,"MULTILINESTRING M ((-71.092991712999947 42.336715261000052 NAN, -71.092516071999967 42.336527514000068 NAN))"
521,Huntington Avenue,6249400.000000000000000,3,2,1,2013,SLM,0.001278628531807,"MULTILINESTRING M ((-71.096947745999955 42.33726837200004 NAN, -71.097253359999968 42.337142719000042 NAN, -71.098134029999983 42.33679131100007 NAN))"
522,Huntington Avenue,6249500.000000000000000,3,2,1,2013,SLM,0.001289585322427,"MULTILINESTRING M ((-71.095746007999935 42.33773612400006 NAN, -71.096831332999955 42.33731623400007 NAN, -71.096947745999955 42.33726837200004 NAN))"
523,Huntington Avenue,5594900.000000000000000,3,2,1,2012,SLM,0.001698202870192,"MULTILINESTRING M ((-71.092155981999952 42.338974850000056 NAN, -71.091386740999951 42.339266967000071 NAN, -71.090777209999942 42.339497729000072 NAN, -71.090568082999937 42.339576904000069 NAN))"
524,Bay State Road,5655300.000000000000000,6,2,,2019,CFBL,0.001822819584600,"MULTILINESTRING M ((-71.092875361999972 42.34998455300007 NAN, -71.093099711999969 42.349967380000066 NAN, -71.093242224999983 42.349952690000066 NAN, -71.093644539999957 42.349940048000065 NAN, -71.094127168999933 42.349941753000053 NAN, -71.09469652599995 42.349948717000075 NAN))"
525,Norfolk Street,5146000.000000000000000,5,2,,2017,BL,0.000558727296182,"MULTILINESTRING M ((-71.092125542999952 42.27703364000007 NAN, -71.091974626999956 42.277174888000047 NAN, -71.091699492999965 42.277394482000034 NAN))"
526,Blue Hill Avenue,5111200.000000000000000,3,2,1,2010,BL,0.000748959531397,"MULTILINESTRING M ((-71.089355520999959 42.290298477000078 NAN, -71.089113798999961 42.291007357000069 NAN))"
527,Blue Hill Avenue,5690900.000000000000000,3,2,1,2012,BL,0.001045189997596,"MULTILINESTRING M ((-71.089049122999938 42.291193434000036 NAN, -71.088996699999939 42.291356019000034 NAN, -71.088855570999954 42.291793693000045 NAN, -71.088743260999934 42.292136532000029 NAN, -71.088726471999962 42.292187573000035 NAN))"
528,American Legion Highway,5690000.000000000000000,5,2,1,2008,SLM,0.001213369084539,"MULTILINESTRING M ((-71.091568578999954 42.29675727800003 NAN, -71.091437654999936 42.296873849000065 NAN, -71.091350692999981 42.296930376000034 NAN, -71.09118211699996 42.297008549000054 NAN, -71.090921443999946 42.297116784000025 NAN, -71.090480376999949 42.297268037000038 NAN))"
529,Blue Hill Avenue,6219700.000000000000000,3,2,1,2012,BL,0.000296582227722,"MULTILINESTRING M ((-71.087997409999957 42.294947861000026 NAN, -71.088090566999938 42.294666289000077 NAN))"
530,Talbot Avenue,5770100.000000000000000,5,2,,2010,BL,0.000697143992046,"MULTILINESTRING M ((-71.087839186999986 42.294919725000057 NAN, -71.087462434999964 42.294784451000055 NAN, -71.087180685999954 42.294691000000057 NAN))"
531,Blue Hill Avenue,6232200.000000000000000,3,2,1,2012,SLM,0.000315673082231,"MULTILINESTRING M ((-71.08693277499998 42.298458469000025 NAN, -71.087025191999942 42.298156627000026 NAN))"
532,Blue Hill Avenue,5167500.000000000000000,3,2,1,2012,SLM,0.000436739756254,"MULTILINESTRING M ((-71.086948753999934 42.297719276000066 NAN, -71.086832695999988 42.298140313000033 NAN))"
533,Ballou Avenue,4885900.000000000000000,0,2,,2015,SLM,0.000716013931072,"MULTILINESTRING M ((-71.081060737999962 42.286851005000074 NAN, -71.080852632999949 42.287035370000069 NAN, -71.080661129999953 42.28725918400005 NAN, -71.080576727999983 42.28735903300003 NAN, -71.080573308999988 42.287371249000046 NAN))"
534,Talbot Avenue,4825400.000000000000000,5,2,,2010,SLM,0.001747045701151,"MULTILINESTRING M ((-71.08121379499994 42.292928604000053 NAN, -71.079534280999951 42.292447562000063 NAN))"
535,Jewish War Veterans Drive,5404700.000000000000000,5,2,,2009,BL,0.000178412928279,"MULTILINESTRING M ((-71.085727994999957 42.301962051000032 NAN, -71.08556714499997 42.30188486000003 NAN))"
536,American Legion Highway,5120900.000000000000000,5,2,,2010,SLM,0.000193186067288,"MULTILINESTRING M ((-71.087025191999942 42.298156627000026 NAN, -71.086832695999988 42.298140313000033 NAN))"
537,Paine Street,5275500.000000000000000,0,2,,2021,CFBL,0.003775697328792,"MULTILINESTRING M ((-71.108691801999953 42.284930216000078 NAN, -71.108603313999936 42.284959604000051 NAN, -71.107972278999966 42.285201661000031 NAN, -71.107413102999942 42.28543326700003 NAN, -71.106844136999939 42.285716606000051 NAN, -71.106616198999973 42.285844690000033 NAN, -71.106412196999941 42.285959331000072 NAN, -71.106282344999954 42.286048265000034 NAN, -71.105871850999961 42.286329418000037 NAN, -71.105401995999955 42.286726748000035 NAN))"
538,Washington Street,4772100.000000000000000,3,2,,2016,BLSL,0.002885448326929,"MULTILINESTRING M ((-71.112118345999988 42.301786327000059 NAN, -71.111809697999945 42.30208801100008 NAN, -71.111507286999938 42.302391964000037 NAN, -71.111291111999947 42.302600551000069 NAN, -71.110870733999946 42.303012142000057 NAN, -71.110340956999949 42.303554467000026 NAN, -71.110077580999985 42.303825912000036 NAN))"
539,Green Street,4708800.000000000000000,6,2,,2023,BFBL,0.001651295656497,"MULTILINESTRING M ((-71.112510912999937 42.312790980000045 NAN, -71.112921101999973 42.312907716000041 NAN, -71.11343777899998 42.313060255000039 NAN, -71.114100439999959 42.313238039000055 NAN))"
540,Cummins Highway,5161700.000000000000000,3,2,,2020,BLSL,0.000547509091686,"MULTILINESTRING M ((-71.109643940999945 42.274677737000047 NAN, -71.109482283999967 42.274586043000056 NAN, -71.109191335999981 42.274371228000064 NAN))"
541,Pierpoint Road,5331000.000000000000000,0,2,,,SUP,0.002899496561652,
542,Washington Street,4710700.000000000000000,3,2,,2016,SLM,0.000775517556380,"MULTILINESTRING M ((-71.101567789999933 42.312482347000071 NAN, -71.101241217999984 42.312844712000071 NAN, -71.101036202999978 42.313046566000025 NAN))"
543,Washington Street,4693400.000000000000000,3,2,,2016,SLM,0.000729599974020,"MULTILINESTRING M ((-71.099481210999954 42.314614428000027 NAN, -71.099158410999962 42.314947539000059 NAN, -71.09896656799998 42.315131430000065 NAN))"
544,Brookline Avenue,5354300.000000000000000,3,2,,2019,BLSL,0.000236259818811,"MULTILINESTRING M ((-71.100982572999953 42.344889790000025 NAN, -71.100804480999955 42.34504503800008 NAN))"
545,Brookline Avenue,5495000.000000000000000,3,2,,2019,BLSL,0.000522110034910,"MULTILINESTRING M ((-71.098955142999955 42.346823430000029 NAN, -71.09857531199998 42.347181658000068 NAN))"
546,Cummins Highway,5278900.000000000000000,3,2,1,,SLM,0.000801173002130,"MULTILINESTRING M ((-71.097368935999953 42.269760966000035 NAN, -71.09671558399998 42.269297275000042 NAN))"
547,Morton Street,6226100.000000000000000,2,1,1,2020,BL,0.000709577754120,"MULTILINESTRING M ((-71.081513326999982 42.279771762000053 NAN, -71.082099060999951 42.28017228200008 NAN))"
548,Morton Street,5135800.000000000000000,2,1,1,2020,BL,0.000576718823992,"MULTILINESTRING M ((-71.081574192999938 42.279733721000071 NAN, -71.081102237999971 42.279402265000044 NAN))"
549,Walnut Avenue,5851200.000000000000000,6,2,,2011,SLM,0.000689222000156,"MULTILINESTRING M ((-71.091619711999954 42.317005747000053 NAN, -71.091361452999934 42.317490991000057 NAN, -71.09129451299998 42.317613417000075 NAN))"
550,Walnut Avenue,5189200.000000000000000,6,2,,2011,SLM,0.000310398204078,"MULTILINESTRING M ((-71.087725469999953 42.320220984000059 NAN, -71.087426213999947 42.320303403000025 NAN))"
551,Forsyth Street,5381000.000000000000000,0,2,,2012,BL,0.000228371807847,"MULTILINESTRING M ((-71.090568082999937 42.339576904000069 NAN, -71.090645998999946 42.33979157300007 NAN))"
552,Huntington Avenue,6261900.000000000000000,3,2,1,2012,SLM,0.001809241068830,"MULTILINESTRING M ((-71.088965981999934 42.340463039000042 NAN, -71.089797342999987 42.340127836000079 NAN, -71.090645998999946 42.33979157300007 NAN))"
553,Columbus Avenue,5194200.000000000000000,3,2,,2018,SBL,0.000546155676157,"MULTILINESTRING M ((-71.087157407999939 42.336768261000032 NAN, -71.086693992999983 42.337057281000057 NAN))"
554,Huntington Avenue,6262000.000000000000000,3,2,1,2012,SLM,0.002571088087491,"MULTILINESTRING M ((-71.086614735999945 42.341482634000045 NAN, -71.086788614999989 42.341366780000044 NAN, -71.086981133999984 42.34124143400004 NAN, -71.087148506999938 42.341163821000066 NAN, -71.08742149699998 42.341056202000061 NAN, -71.088277506999987 42.340723349000029 NAN, -71.088965981999934 42.340463039000042 NAN))"
555,Columbus Avenue,5194300.000000000000000,3,2,,2018,SBL,0.000615068868292,"MULTILINESTRING M ((-71.086693992999983 42.337057281000057 NAN, -71.086312355999951 42.337296870000046 NAN, -71.086173496999947 42.337384988000053 NAN))"
556,Westland Avenue,4529800.000000000000000,5,2,,2017,BLSL,0.000635500076703,"MULTILINESTRING M ((-71.090569460999973 42.344111571000042 NAN, -71.090492008999945 42.344065154000077 NAN, -71.090305872999977 42.343995279000069 NAN, -71.08996592799997 42.343928797000046 NAN))"
557,Westland Avenue,5301300.000000000000000,5,2,,2017,BFBL,0.000485910361813,"MULTILINESTRING M ((-71.08996592799997 42.343928797000046 NAN, -71.089761912999961 42.34389655800004 NAN, -71.089485760999935 42.343854318000069 NAN))"
558,Massachusetts Avenue,5200100.000000000000000,3,2,,2016,SBL,0.000558505449334,"MULTILINESTRING M ((-71.086596573999941 42.344959778000032 NAN, -71.086841994999986 42.345461472000068 NAN))"
559,Massachusetts Avenue,5874700.000000000000000,3,2,,2024,SBLSL,0.000904466189540,"MULTILINESTRING M ((-71.087758295999947 42.347308250000026 NAN, -71.088141596999947 42.348127481000063 NAN))"
560,Massachusetts Avenue,5200200.000000000000000,3,2,,2016,SBL,0.000179602103168,"MULTILINESTRING M ((-71.087345429999971 42.346494378000045 NAN, -71.087428433999946 42.346653649000075 NAN))"
561,Commonwealth Avenue,5451700.000000000000000,3,2,1,2010,SLM,0.001823012645885,"MULTILINESTRING M ((-71.086934234999944 42.349731115000054 NAN, -71.087479645999963 42.349588363000066 NAN, -71.088120547999949 42.349408840000081 NAN, -71.088393837999945 42.349333943000033 NAN, -71.088530399999968 42.349309133000077 NAN, -71.088698031999968 42.349272940000048 NAN))"
562,Commonwealth Avenue,5112500.000000000000000,3,2,1,2010,BL,0.000793143281822,"MULTILINESTRING M ((-71.086815652999974 42.349376570000061 NAN, -71.086048635999987 42.349578464000047 NAN))"
563,Beacon Street,4488300.000000000000000,3,2,,2018,SBL,0.001559851759126,"MULTILINESTRING M ((-71.085493918999987 42.351930983000045 NAN, -71.086011602999974 42.351794430000041 NAN, -71.087003053999979 42.351536467000074 NAN))"
564,Norfolk Street,5723600.000000000000000,5,2,,2017,BL,0.001508710991162,"MULTILINESTRING M ((-71.085414007999987 42.282633790000034 NAN, -71.084904279999932 42.282819780000068 NAN, -71.084203744999968 42.283104780000031 NAN, -71.084129570999949 42.283132128000034 NAN, -71.084006876999979 42.283177360000025 NAN))"
565,Ballou Avenue,4922600.000000000000000,0,2,,2015,SLM,0.000924082446434,"MULTILINESTRING M ((-71.084350821999976 42.283729336000079 NAN, -71.084154595999962 42.283838914000057 NAN, -71.084031127999936 42.28391780700008 NAN, -71.08385672199995 42.284108490000051 NAN, -71.083681825999975 42.284345307000081 NAN))"
566,Old Road,5384200.000000000000000,0,2,,2009,BL,0.000797311199918,"MULTILINESTRING M ((-71.084783117999962 42.30260291500008 NAN, -71.084513744999981 42.30302058400008 NAN, -71.084348746999979 42.303271507000034 NAN))"
567,Columbus Avenue,4539600.000000000000000,3,2,,2009,BL,0.000853255995602,"MULTILINESTRING M ((-71.08050306399997 42.341641681000056 NAN, -71.080162848999976 42.341904901000078 NAN, -71.07982420999997 42.342158555000026 NAN))"
568,Commonwealth Avenue,6209100.000000000000000,3,2,1,2010,BL,0.002024868286846,"MULTILINESTRING M ((-71.082753349999962 42.350864909000052 NAN, -71.084709828999962 42.350343103000057 NAN))"
569,Commonwealth Avenue,4494600.000000000000000,3,2,1,2010,BL,0.002372386076388,"MULTILINESTRING M ((-71.082569679999949 42.350510695000025 NAN, -71.080279275999942 42.351128971000037 NAN))"
570,Beacon Street,4485600.000000000000000,3,2,,2018,SBL,0.002015537355392,"MULTILINESTRING M ((-71.083550484999932 42.352465263000056 NAN, -71.085493918999987 42.351930983000045 NAN))"
571,Cambridge Street,5227000.000000000000000,3,2,,2011,BL,0.000598517028995,"MULTILINESTRING M ((-71.078653614999951 42.382464712000058 NAN, -71.07915526499994 42.382354012000064 NAN, -71.079239317999964 42.382342796000046 NAN))"
572,Jewish War Veterans Drive,5344700.000000000000000,5,2,,2009,BL,0.000216622305420,"MULTILINESTRING M ((-71.085246552999934 42.30345481300003 NAN, -71.085033298999974 42.303492865000067 NAN))"
573,Columbia Road,6255200.000000000000000,5,2,1,2010,BL,0.001791458494866,"MULTILINESTRING M ((-71.082475228999954 42.304233100000033 NAN, -71.082695136999973 42.304019513000071 NAN, -71.082958752999957 42.303816780000034 NAN, -71.082987013999968 42.303800722000062 NAN, -71.083191953999972 42.303684267000051 NAN, -71.083407024999985 42.303600647000053 NAN, -71.083544444999973 42.303576101000033 NAN, -71.083675676999974 42.303552667000076 NAN, -71.084055236999973 42.30352646700004 NAN))"
574,Warren Street,4732000.000000000000000,5,2,,2010,SLM,0.001224300997992,"MULTILINESTRING M ((-71.082668579999961 42.30954388300006 NAN, -71.082773659999987 42.309761461000051 NAN, -71.082893174999981 42.309945331000051 NAN, -71.083054828999934 42.310205314000029 NAN, -71.083223362999945 42.310486144000038 NAN, -71.083251145999952 42.310612850000041 NAN))"
575,Martin Luther King Boulevard,5304000.000000000000000,5,2,1,2010,BL,0.000160719080175,"MULTILINESTRING M ((-71.081917564999969 42.31802983700004 NAN, -71.082072332999985 42.31807316700008 NAN))"
576,Warren Street,6263400.000000000000000,5,2,1,2011,BL,0.001011538078303,"MULTILINESTRING M ((-71.082071633999988 42.321709800000065 NAN, -71.081910179999966 42.321128524000073 NAN, -71.081790685999977 42.320738147000043 NAN))"
577,Warren Street,6263300.000000000000000,5,2,1,2011,BL,0.001187947122484,"MULTILINESTRING M ((-71.083275261999972 42.327277436000031 NAN, -71.083332688999974 42.32678979800005 NAN, -71.083359618999964 42.32663417100008 NAN, -71.083450782999932 42.32610293700003 NAN))"
578,Washington Street,4613500.000000000000000,3,2,,2011,SLM,0.000852343369142,"MULTILINESTRING M ((-71.084625116999973 42.329605087000061 NAN, -71.084701803999963 42.329465212000059 NAN, -71.084896647999983 42.329116110000029 NAN, -71.08496693099994 42.329030142000079 NAN, -71.085030459999984 42.328961400000026 NAN, -71.085100420999936 42.328907385000036 NAN))"
579,Talbot Avenue,4854900.000000000000000,5,2,,2010,BL,0.001340771049144,"MULTILINESTRING M ((-71.069648484999959 42.28996044400003 NAN, -71.069015036999986 42.289831464000031 NAN, -71.068607866999969 42.289694326000074 NAN, -71.068440309999971 42.289649806000057 NAN, -71.06835373399997 42.289620786000057 NAN))"
580,Geneva Avenue,4772200.000000000000000,5,2,,2016,SLM,0.000570027353164,"MULTILINESTRING M ((-71.068897548999985 42.30191420500006 NAN, -71.068404142999952 42.301628755000081 NAN))"
581,Geneva Avenue,5728400.000000000000000,5,2,,2016,SLM,0.001204405074272,"MULTILINESTRING M ((-71.068404142999952 42.301628755000081 NAN, -71.067873096999961 42.301306591000071 NAN, -71.067656169999964 42.301188171000035 NAN, -71.067367797999964 42.30101546700007 NAN))"
582,Geneva Avenue,4764500.000000000000000,5,2,,2016,SLM,0.000658108716325,"MULTILINESTRING M ((-71.071426490999954 42.30341535000008 NAN, -71.071103984999979 42.303215517000069 NAN, -71.070860058999983 42.303080686000044 NAN))"
583,Washington Street,4611100.000000000000000,3,2,,2011,SLM,0.000369064342558,"MULTILINESTRING M ((-71.08444536199994 42.329927417000079 NAN, -71.084625116999973 42.329605087000061 NAN))"
584,Warren Street,6264300.000000000000000,5,2,1,2021,SBL,0.001858708142262,"MULTILINESTRING M ((-71.084403652999981 42.328772076000064 NAN, -71.083824487999948 42.328599484000051 NAN, -71.083678491999933 42.328544375000035 NAN, -71.083519821999971 42.328457150000077 NAN, -71.08339988299997 42.328360498000052 NAN, -71.08330168699996 42.328244788000063 NAN, -71.083246207999935 42.328148368000029 NAN, -71.083221187999982 42.328032929000074 NAN, -71.083216401999948 42.327979362000065 NAN, -71.083209177999947 42.327898402000073 NAN, -71.083206827999959 42.327651374000027 NAN))"
585,Warren Street,5474500.000000000000000,5,2,1,2011,SLM,0.000359851435362,"MULTILINESTRING M ((-71.083160441999951 42.330318893000026 NAN, -71.083111756999983 42.330515095000067 NAN, -71.083065072999943 42.330665726000063 NAN))"
586,Washington Street,5300200.000000000000000,3,2,1,2011,SLM,0.000680122590340,"MULTILINESTRING M ((-71.079845784999975 42.334128296000074 NAN, -71.079362223999965 42.334606559000065 NAN))"
587,Washington Street,4580400.000000000000000,3,2,,2011,SLM,0.000660671546610,"MULTILINESTRING M ((-71.079319338999937 42.334646642000052 NAN, -71.078805194999973 42.335061543000052 NAN))"
588,Columbus Avenue,5194500.000000000000000,3,2,,2018,SBL,0.000601555877622,"MULTILINESTRING M ((-71.085191953999981 42.338016515000049 NAN, -71.084687583999937 42.33834435700004 NAN))"
589,Columbus Avenue,4552100.000000000000000,3,2,,2009,BL,0.001068448100998,"MULTILINESTRING M ((-71.083309730999986 42.339318439000067 NAN, -71.083023174999937 42.339556541000036 NAN, -71.082758503999969 42.339782903000071 NAN, -71.082496654999943 42.340011528000048 NAN))"
590,Columbus Avenue,5669100.000000000000000,3,2,,2009,BL,0.000507775313846,"MULTILINESTRING M ((-71.082130193999944 42.340328317000058 NAN, -71.081746049999936 42.340660385000035 NAN))"
591,Massachusetts Avenue,6245700.000000000000000,3,2,1,2011,BL,0.001460522040485,"MULTILINESTRING M ((-71.079810409999936 42.338756472000057 NAN, -71.079645071999948 42.338611308000054 NAN, -71.078820500999939 42.337921815000072 NAN, -71.078689837999946 42.337820006000072 NAN))"
592,Massachusetts Avenue,5260200.000000000000000,3,2,,2011,BL,0.001014846904089,"MULTILINESTRING M ((-71.084096637999949 42.342200538000043 NAN, -71.083255618999942 42.341632558000072 NAN))"
593,Norfolk Street,5835900.000000000000000,5,2,,2017,BL,0.000360907766804,"MULTILINESTRING M ((-71.077813613999979 42.287998258000073 NAN, -71.077469034999979 42.288105588000064 NAN))"
594,Norfolk Street,4864300.000000000000000,5,2,,2017,BL,0.000851982048253,"MULTILINESTRING M ((-71.075556692999953 42.288635343000067 NAN, -71.075304426999935 42.288734572000067 NAN, -71.075052354999968 42.288803978000033 NAN, -71.074738951999962 42.288865835000081 NAN))"
595,New England Avenue,5336400.000000000000000,0,2,,2018,SLMTC,0.000750538327358,"MULTILINESTRING M ((-71.078276464999988 42.289419621000036 NAN, -71.078276100999972 42.289474202000065 NAN, -71.07826431899997 42.289565313000026 NAN, -71.078103754999972 42.290147670000067 NAN))"
596,Talbot Avenue,4835700.000000000000000,5,2,,2010,SLM,0.001121017835453,"MULTILINESTRING M ((-71.077181942999971 42.29174738100005 NAN, -71.076538420999952 42.291561011000056 NAN, -71.076105969999958 42.291432816000054 NAN))"
597,Columbia Road,6282600.000000000000000,5,2,1,2010,BL,0.001018542979104,"MULTILINESTRING M ((-71.072334860999945 42.310221626000043 NAN, -71.072991356999978 42.309802614000034 NAN, -71.073190307999937 42.309668874000067 NAN))"
598,Albany Street,46806800.000000000000000,5,2,,2012,SLM,0.000164857056101,"MULTILINESTRING M ((-71.073501466999971 42.333508222000034 NAN, -71.073373878999973 42.333612621000043 NAN))"
599,Massachusetts Avenue,5435000.000000000000000,3,2,1,2011,BL,0.001135243029299,"MULTILINESTRING M ((-71.072474718999956 42.332957134000026 NAN, -71.072872307999944 42.33324658600003 NAN, -71.073020265999958 42.333312075000038 NAN, -71.073387264999951 42.333623998000064 NAN))"
600,Washington Street,5846800.000000000000000,3,2,,2011,SLM,0.000829223140712,"MULTILINESTRING M ((-71.076316788999975 42.336978238000029 NAN, -71.075647132999961 42.337467290000063 NAN))"
601,Dartmouth Street,4520400.000000000000000,5,2,,2011,SLM,0.000326204450870,"MULTILINESTRING M ((-71.07509681099998 42.34557101300004 NAN, -71.075239360999944 42.345864422000034 NAN))"
602,Stuart Street,5593700.000000000000000,3,2,,2014,SLM,0.001486406298563,"MULTILINESTRING M ((-71.078681261999975 42.347722452000028 NAN, -71.07859654899994 42.347777045000043 NAN, -71.07848771099998 42.347828382000046 NAN, -71.078347927999971 42.347870983000064 NAN, -71.077959868999983 42.34795579300004 NAN, -71.077253630999962 42.348105539000073 NAN))"
603,St James Avenue,5840600.000000000000000,3,2,,2015,SLM,0.001110533235278,"MULTILINESTRING M ((-71.074792198999944 42.349868744000048 NAN, -71.075874483999939 42.349619860000075 NAN))"
604,Commonwealth Avenue,6208600.000000000000000,3,2,1,2010,BL,0.002217109233505,"MULTILINESTRING M ((-71.074017139999967 42.353223162000063 NAN, -71.07615838199996 42.352648135000038 NAN))"
605,Cambridge Street,4394700.000000000000000,3,2,,2011,BL,0.001214593699892,"MULTILINESTRING M ((-71.074288969999941 42.384049864000076 NAN, -71.074349699999971 42.383988313000032 NAN, -71.074443359999975 42.383935296000061 NAN, -71.074561008999979 42.383882373000063 NAN, -71.074873749999938 42.383757044000049 NAN, -71.075394847999974 42.383567270000071 NAN))"
606,Sullivan Square,4392600.000000000000000,3,2,,2020,BL,0.000478110714503,"MULTILINESTRING M ((-71.073813875999974 42.384817843000064 NAN, -71.074022748999937 42.384387771000036 NAN))"
607,Alford Street,4391900.000000000000000,3,2,1,2016,BFBL,0.002430684124234,"MULTILINESTRING M ((-71.072735480999938 42.384982250000064 NAN, -71.072632244999966 42.385348734000047 NAN, -71.072555611999974 42.38585035400007 NAN, -71.072486952999952 42.386238912000067 NAN, -71.072433780999972 42.386637652000047 NAN, -71.072404226999936 42.386875709000037 NAN, -71.072293351999974 42.387369172000035 NAN))"
608,Talbot Avenue,4848500.000000000000000,5,2,,2010,BL,0.000826205805880,"MULTILINESTRING M ((-71.071602895999945 42.290226585000028 NAN, -71.071092090999969 42.290172346000077 NAN, -71.070779960999971 42.290156554000077 NAN))"
609,Columbia Road,6230100.000000000000000,5,2,1,2010,BL,0.001091294119295,"MULTILINESTRING M ((-71.068499570999961 42.31273488000005 NAN, -71.068635368999935 42.312582340000063 NAN, -71.068845306999947 42.312396879000062 NAN, -71.069298756999956 42.311993444000052 NAN))"
610,Albany Street,4577900.000000000000000,5,2,,2012,BL,0.000794025200833,"MULTILINESTRING M ((-71.071434600999964 42.334998345000031 NAN, -71.070929236999973 42.335349870000073 NAN, -71.070782744999974 42.335451732000081 NAN))"
611,Columbus Avenue,5588600.000000000000000,3,2,,2023,SBL,0.001089892494570,"MULTILINESTRING M ((-71.072658501999967 42.34796717100005 NAN, -71.072613495999974 42.348004700000047 NAN, -71.07181676099998 42.348659511000051 NAN))"
612,St James Avenue,5383200.000000000000000,3,2,,2015,SLM,0.001804813759643,"MULTILINESTRING M ((-71.070918836999965 42.350893391000056 NAN, -71.07172516199995 42.350676953000061 NAN, -71.072659961999989 42.350418220000051 NAN))"
613,Columbus Avenue,5728200.000000000000000,3,2,,2023,SBL,0.002433689834986,"MULTILINESTRING M ((-71.07181676099998 42.348659511000051 NAN, -71.069897862999937 42.35015640000006 NAN))"
614,Washington Street,4619900.000000000000000,3,2,,2016,SLM,0.000677803840007,"MULTILINESTRING M ((-71.087262928999962 42.327168034000067 NAN, -71.087118507999946 42.327511317000074 NAN, -71.086996113999987 42.327791095000066 NAN))"
615,Morton Street,6226000.000000000000000,2,1,1,2020,BL,0.001454841048856,"MULTILINESTRING M ((-71.080283144999953 42.279000889000031 NAN, -71.080383666999978 42.279038959000047 NAN, -71.080517120999957 42.279110345000049 NAN, -71.080890074999957 42.279344661000039 NAN, -71.081044358999975 42.279450386000065 NAN, -71.081513326999982 42.279771762000053 NAN))"
616,Morton Street,6258000.000000000000000,5,2,1,2020,BL,0.000400062638774,"MULTILINESTRING M ((-71.079614084999946 42.278457139000068 NAN, -71.079896919999953 42.278740078000055 NAN))"
617,Gallivan Boulevard,6236000.000000000000000,2,1,1,2020,BL,0.000983211902638,"MULTILINESTRING M ((-71.079369020999934 42.278648114000077 NAN, -71.079726018999963 42.278745078000043 NAN, -71.080110584999943 42.278913041000067 NAN, -71.080283144999953 42.279000889000031 NAN))"
618,Morton Street,5593000.000000000000000,2,1,1,2020,BL,0.000662937716600,"MULTILINESTRING M ((-71.082735648999972 42.280417677000059 NAN, -71.082570147999945 42.280350678000048 NAN, -71.082245396999951 42.280186878000052 NAN, -71.082145254999944 42.280119556000045 NAN))"
619,Boylston Street,5184000.000000000000000,3,2,,2024,SBL,0.000337323973238,"MULTILINESTRING M ((-71.085602853999944 42.347892434000073 NAN, -71.085279402999959 42.347988178000037 NAN))"
620,Boylston Street,4500700.000000000000000,3,2,,2024,SBL,0.002192210649844,"MULTILINESTRING M ((-71.079487808999943 42.349522180000065 NAN, -71.077368797999952 42.350083945000051 NAN))"
621,Milton Avenue,4975000.000000000000000,6,2,,2021,SLMTC,0.000900896629030,"MULTILINESTRING M ((-71.074728170999947 42.278141484000059 NAN, -71.074864261999949 42.278552754000032 NAN, -71.075017961999947 42.278994472000079 NAN))"
622,Milton Avenue,4936800.000000000000000,6,2,,2021,SLMTC,0.000350715573388,"MULTILINESTRING M ((-71.076102911999953 42.282209194000075 NAN, -71.076161971999966 42.282554901000026 NAN))"
623,Selden Street,4947600.000000000000000,0,2,,2021,SLMTC,0.003151657163160,"MULTILINESTRING M ((-71.079111700999988 42.281167462000042 NAN, -71.078528168999981 42.281291365000072 NAN, -71.077111500999933 42.281583257000079 NAN, -71.076027308999983 42.281815033000044 NAN))"
624,Mora Street,4942400.000000000000000,0,2,,2021,SLMTC,0.004693964093416,"MULTILINESTRING M ((-71.075955592999946 42.281661152000027 NAN, -71.075264279999942 42.281782389000057 NAN, -71.073771912999973 42.282058205000055 NAN, -71.072510166999962 42.282322484000076 NAN, -71.071348437999973 42.282557860000054 NAN))"
625,Norwell Street,4799700.000000000000000,0,2,,2020,SLMTC,0.000990651168072,"MULTILINESTRING M ((-71.07832934399994 42.295819279000057 NAN, -71.078391152999984 42.296354617000077 NAN, -71.078448422999941 42.296802729000035 NAN))"
626,Tremont Street,4547900.000000000000000,3,2,,2023,SBL,0.000867169855275,"MULTILINESTRING M ((-71.078836606999971 42.340115284000035 NAN, -71.078074466999965 42.34052895800005 NAN))"
627,Boylston Street,4492300.000000000000000,3,2,,2024,SBL,0.002218411908076,"MULTILINESTRING M ((-71.075212680999982 42.350685386000066 NAN, -71.07401837499998 42.351012386000036 NAN, -71.073067951999974 42.351251943000079 NAN))"
628,Maffa Way,5810100.000000000000000,3,2,,2020,BL,0.001309788680780,"MULTILINESTRING M ((-71.076390352999965 42.385381230000064 NAN, -71.076199171999974 42.385267876000057 NAN, -71.075939028999983 42.385102885000038 NAN, -71.075726603999954 42.384977596000056 NAN, -71.075256434999972 42.384726844000056 NAN))"
629,Washington Street,4965000.000000000000000,5,2,,,SLM,0.000721017836381,"MULTILINESTRING M ((-71.069804278999982 42.279325621000055 NAN, -71.070174589999965 42.279944278000073 NAN))"
630,Washington Street,4879300.000000000000000,5,2,,,SLM,0.000474099555928,"MULTILINESTRING M ((-71.071215003999953 42.287269331000061 NAN, -71.071208756999965 42.287352020000071 NAN, -71.071207259999937 42.287573149000025 NAN, -71.071200615999942 42.287743060000025 NAN))"
631,Washington Street,4890000.000000000000000,5,2,,,SLM,0.000820792717397,"MULTILINESTRING M ((-71.071170331999951 42.286452134000058 NAN, -71.071168414999988 42.286707027000034 NAN, -71.071206249999989 42.28691086300006 NAN, -71.071215003999953 42.287269331000061 NAN))"
632,Quincy Street,4716300.000000000000000,5,2,,2019,SLM,0.000392775252303,"MULTILINESTRING M ((-71.071297183999945 42.311765148000063 NAN, -71.070932765999942 42.311618615000043 NAN))"
633,Tremont Street,5727800.000000000000000,3,2,,2023,SBL,0.000569306139161,"MULTILINESTRING M ((-71.072817645999976 42.343350156000042 NAN, -71.07231470499994 42.343616914000052 NAN))"
634,Berkeley Street,4503200.000000000000000,3,2,,2024,SBL,0.000566609382035,"MULTILINESTRING M ((-71.072000661999937 42.34903044400005 NAN, -71.072118253999975 42.349281274000077 NAN, -71.07224602499997 42.349541145000046 NAN))"
635,Arlington Street,5317600.000000000000000,3,2,,2024,SBL,0.000303468446698,"MULTILINESTRING M ((-71.069327793999946 42.348439659000064 NAN, -71.069294249999984 42.348342305000074 NAN, -71.069228214999953 42.348152994000031 NAN))"
636,Marginal Road,4510100.000000000000000,5,2,,2024,CFSBL,0.000666146301330,"MULTILINESTRING M ((-71.068026857999939 42.347986436000042 NAN, -71.068540428999938 42.348037880000049 NAN, -71.068689967999944 42.348049697000079 NAN))"
637,Arlington Street,4473000.000000000000000,3,2,,2020,SBL,0.000390980093447,"MULTILINESTRING M ((-71.071637375999956 42.353839461000064 NAN, -71.071478432999982 42.353482246000056 NAN))"
638,Essex Street,5650201.000000000000000,5,2,,2012,SLM,0.000130277603060,"MULTILINESTRING M ((-71.06204086799994 42.35244481400008 NAN, -71.061910977999958 42.352454856000065 NAN))"
639,Adams Street,5868500.000000000000000,5,2,,2017,BL,0.002373838509743,"MULTILINESTRING M ((-71.061873222999964 42.275207127000044 NAN, -71.061551066999982 42.275528881000071 NAN, -71.061302983999951 42.275848669000027 NAN, -71.061073866999948 42.276246179000054 NAN, -71.060943667999936 42.276474698000072 NAN, -71.060785590999956 42.276707047000059 NAN, -71.060571652999954 42.276936929000044 NAN, -71.060452736999935 42.277093886000046 NAN))"
640,Talbot Avenue,5192500.000000000000000,5,2,,2010,BL,0.002282232298862,"MULTILINESTRING M ((-71.064303424999935 42.285707180000031 NAN, -71.064475983999955 42.286206938000078 NAN, -71.06474564399997 42.286803285000076 NAN, -71.064949963999936 42.28717656300006 NAN, -71.065104506999944 42.28746017900005 NAN, -71.065326205999952 42.287731673000053 NAN))"
641,Dorchester Avenue,5193000.000000000000000,3,2,,2011,SLM,0.000228889586913,"MULTILINESTRING M ((-71.063515283999948 42.288555600000052 NAN, -71.063450397999986 42.288775100000066 NAN))"
642,Dorchester Avenue,5592000.000000000000000,3,2,,2011,SLM,0.000527883533196,"MULTILINESTRING M ((-71.063261845999989 42.28946761900005 NAN, -71.063146164999978 42.289895384000033 NAN, -71.06311606099996 42.289974610000058 NAN))"
643,Dorchester Avenue,4823000.000000000000000,3,2,,2011,SLM,0.000294600276006,"MULTILINESTRING M ((-71.062344043999985 42.292736729000069 NAN, -71.062259294999933 42.293018876000076 NAN))"
644,Geneva Avenue,4776800.000000000000000,5,2,,2016,SLM,0.000528849647070,"MULTILINESTRING M ((-71.066679296999951 42.300608864000026 NAN, -71.066227334999951 42.300334251000038 NAN))"
645,Geneva Avenue,4777400.000000000000000,5,2,,2016,SLM,0.000251978814817,"MULTILINESTRING M ((-71.066227334999951 42.300334251000038 NAN, -71.066004925999948 42.300215813000079 NAN))"
646,Adams Street,4769600.000000000000000,5,2,,2013,SLM,0.001082972622466,"MULTILINESTRING M ((-71.060149123999963 42.30215901300005 NAN, -71.060321753999972 42.302514172000031 NAN, -71.060436808999953 42.302810586000078 NAN, -71.060576748999949 42.303153232000057 NAN))"
647,Adams Street,4746200.000000000000000,5,2,,2013,SLM,0.000857375993401,"MULTILINESTRING M ((-71.062179795999953 42.306820203000029 NAN, -71.062374886999976 42.307082030000061 NAN, -71.062581126999987 42.307350095000061 NAN, -71.062700419999942 42.307501350000052 NAN))"
648,Columbia Road,5392301.000000000000000,5,2,1,2010,SLM,0.000271990021271,"MULTILINESTRING M ((-71.066467319999958 42.315607506000049 NAN, -71.066301458999988 42.315823072000057 NAN))"
649,Columbia Road,6254800.000000000000000,5,2,1,2010,SLM,0.000828659660554,"MULTILINESTRING M ((-71.065578101999961 42.31682698700007 NAN, -71.065952360999972 42.316397946000052 NAN, -71.066124491999972 42.316203991000066 NAN))"
650,Columbia Road,5241900.000000000000000,5,2,1,2010,BL,0.001639189722039,"MULTILINESTRING M ((-71.063441100999967 42.31857053400006 NAN, -71.063284684999985 42.318796138000039 NAN, -71.063018688999989 42.319155330000058 NAN, -71.062869036999984 42.319349685000077 NAN, -71.062729572999956 42.319514549000075 NAN, -71.062559404999945 42.319673588000057 NAN, -71.062461439999936 42.319762136000065 NAN, -71.062393107999981 42.319822990000034 NAN))"
651,Staniford Street,46804000.000000000000000,0,2,,2017,SBL,0.000145995938159,"MULTILINESTRING M ((-71.06373248899996 42.36115454000003 NAN, -71.063755977999961 42.361298634000036 NAN))"
652,Water Street,5620900.000000000000000,0,3,,0,SUP,0.001593442312451,
653,Main Street,5418400.000000000000000,5,2,,2012,BL,0.000337131029838,"MULTILINESTRING M ((-71.063734546999967 42.37458081300008 NAN, -71.063529009999968 42.37431358300006 NAN))"
654,Warren Street,4424300.000000000000000,5,2,,2012,BL,0.000320180718924,"MULTILINESTRING M ((-71.061640218999969 42.37366611200008 NAN, -71.061900349999974 42.373852787000033 NAN))"
655,Warren Street,5813200.000000000000000,5,2,,2012,BL,0.000914266091900,"MULTILINESTRING M ((-71.060509834999948 42.372214361000033 NAN, -71.060758638999971 42.372652178000067 NAN, -71.060968474999981 42.37300521700007 NAN))"
656,Main Street,5418500.000000000000000,5,2,,2012,BL,0.000418059712557,"MULTILINESTRING M ((-71.064227098999936 42.375323033000029 NAN, -71.063993252999978 42.374976493000077 NAN))"
657,Adams Street,5694000.000000000000000,5,2,,2017,BFBL,0.000777347208363,"MULTILINESTRING M ((-71.060314779999942 42.277228474000026 NAN, -71.060250750999955 42.27729413600008 NAN, -71.060171496999942 42.277414248000071 NAN, -71.060035127999981 42.277738401000079 NAN, -71.059946067999988 42.277906305000045 NAN))"
658,Adams Street,5343100.000000000000000,5,2,,2013,SLM,0.000394646227672,"MULTILINESTRING M ((-71.056819295999958 42.297926054000072 NAN, -71.057048793999968 42.298247109000044 NAN))"
659,Dorchester Avenue,5181800.000000000000000,3,2,,2011,SLM,0.001631297148483,"MULTILINESTRING M ((-71.059796552999956 42.301547148000054 NAN, -71.059689815999945 42.301962566000043 NAN, -71.059623305999935 42.302260728000078 NAN, -71.059588105999978 42.302418516000046 NAN, -71.059525569999948 42.302772768000068 NAN, -71.059429998999974 42.303135902000065 NAN))"
660,Adams Street,4784500.000000000000000,5,2,,2013,SLM,0.000841058761199,"MULTILINESTRING M ((-71.057466381999973 42.298768080000059 NAN, -71.057716397999968 42.299001433000058 NAN, -71.058106274999943 42.299312976000067 NAN))"
661,Freeport Street,4764700.000000000000000,3,2,,2013,BL,0.001942758064670,"MULTILINESTRING M ((-71.054282411999964 42.303851482000027 NAN, -71.053835607999986 42.303629736000062 NAN, -71.053333166999948 42.303369512000074 NAN, -71.052913715999978 42.30313942600003 NAN, -71.052564128999961 42.302945626000053 NAN))"
662,Dorchester Avenue,4761400.000000000000000,3,2,,2011,SLM,0.000524972471082,"MULTILINESTRING M ((-71.059299889999977 42.303750422000064 NAN, -71.059170325999958 42.304259155000068 NAN))"
663,Dorchester Avenue,5854200.000000000000000,3,2,,2011,SLM,0.000958983983690,"MULTILINESTRING M ((-71.059170325999958 42.304259155000068 NAN, -71.058980902999963 42.30519924500004 NAN))"
664,Freeport Street,4754800.000000000000000,3,2,,2013,BL,0.000636266995067,"MULTILINESTRING M ((-71.05692051699998 42.305124356000078 NAN, -71.057230709999942 42.305345564000049 NAN, -71.057388328999934 42.305488532000027 NAN, -71.057415393999975 42.305521272000078 NAN))"
665,Freeport Street,4757200.000000000000000,3,2,,2013,BL,0.000675182558515,"MULTILINESTRING M ((-71.056555999999944 42.304866365000066 NAN, -71.056229182999971 42.304665348000071 NAN, -71.05597318699995 42.304525940000076 NAN))"
666,Dorchester Avenue,5709800.000000000000000,3,2,,2011,BL,0.000171575959098,"MULTILINESTRING M ((-71.056709660999957 42.317561362000049 NAN, -71.056715689999976 42.317732832000047 NAN))"
667,Dorchester Avenue,5628001.000000000000000,3,1,,2011,BL,0.000601026214979,"MULTILINESTRING M ((-71.056867950999958 42.325371768000025 NAN, -71.056880651999961 42.325972660000048 NAN))"
668,A Street,5718000.000000000000000,5,2,,2013,BLSL,0.000423407393308,"MULTILINESTRING M ((-71.049723624999956 42.348732488000053 NAN, -71.049568602999955 42.348931256000071 NAN, -71.049467934999939 42.349069898000039 NAN))"
669,Broad Street,5279000.000000000000000,5,2,,2013,SLM,0.000145049668414,"MULTILINESTRING M ((-71.053356608999934 42.357722471000045 NAN, -71.053222262999952 42.357667785000046 NAN))"
670,Broad Street,5279001.000000000000000,5,2,,2013,SLM,0.000580989803787,"MULTILINESTRING M ((-71.053222262999952 42.357667785000046 NAN, -71.052684137999961 42.357448763000036 NAN))"
671,John F. Fitzgerald Surface Road,45230200.000000000000000,3,2,,2011,BL,0.001314117295619,"MULTILINESTRING M ((-71.053182013999958 42.360559164000051 NAN, -71.053049100999942 42.36045448200008 NAN, -71.052885622999952 42.360311509000041 NAN, -71.052790371999947 42.36021966800007 NAN, -71.052671517999954 42.360066697000036 NAN, -71.052576501999965 42.359924078000063 NAN, -71.052492021999967 42.359768719000044 NAN, -71.052408014999969 42.359529538000061 NAN))"
672,John F. Fitzgerald Surface Road,45231900.000000000000000,3,2,,2011,BL,0.000698510665022,"MULTILINESTRING M ((-71.05189620799996 42.357800852000025 NAN, -71.051854390999949 42.357706252000071 NAN, -71.051808427999958 42.357614780000063 NAN, -71.051758230999951 42.357504298000038 NAN, -71.051691257999948 42.357362328000079 NAN, -71.051603543999988 42.357166708000079 NAN))"
673,D Street,4571700.000000000000000,5,2,,2013,SLM,0.000553195087385,"MULTILINESTRING M ((-71.054317416999936 42.335896620000028 NAN, -71.053890420999949 42.336248329000057 NAN))"
674,A Street,5398700.000000000000000,5,2,,2013,BL,0.000418274094255,"MULTILINESTRING M ((-71.057102326999939 42.34057709800004 NAN, -71.05675598299996 42.340781143000072 NAN, -71.056743457999971 42.340791564000028 NAN))"
675,Dorchester Avenue,4539100.000000000000000,3,2,1,2011,SLM,0.000608561446334,"MULTILINESTRING M ((-71.057073935999938 42.341580487000044 NAN, -71.057060449999938 42.342188899000064 NAN))"
676,Kneeland Street,5233100.000000000000000,3,2,,2017,BL,0.000589781446484,"MULTILINESTRING M ((-71.058953562999989 42.349944651000044 NAN, -71.058377182999948 42.349819638000042 NAN))"
677,Kneeland Street,5233000.000000000000000,3,2,,2017,BL,0.000724916069373,"MULTILINESTRING M ((-71.058377182999948 42.349819638000042 NAN, -71.057670083999938 42.349659906000056 NAN))"
678,Essex Street,5787800.000000000000000,5,2,,2012,SLM,0.000432605149792,"MULTILINESTRING M ((-71.059828571999958 42.352556997000079 NAN, -71.059397440999987 42.352521314000057 NAN))"
679,Essex Street,5862300.000000000000000,5,2,,2012,SLM,0.000631214978714,"MULTILINESTRING M ((-71.058636045999947 42.352432772000043 NAN, -71.058009159999983 42.352358973000037 NAN))"
680,Surface Artery,6293700.000000000000000,3,2,,2011,BL,0.001852264347338,"MULTILINESTRING M ((-71.056246388999966 42.352911722000044 NAN, -71.056339139999977 42.352857881000034 NAN, -71.056535965999956 42.352795799000035 NAN, -71.057195343999979 42.352615670000034 NAN, -71.057588610999971 42.352511488000061 NAN, -71.057847088999949 42.352432623000027 NAN, -71.058009159999983 42.352358973000037 NAN))"
681,Atlantic Avenue,45234000.000000000000000,3,2,,2011,BL,0.000852064216542,"MULTILINESTRING M ((-71.053612376999979 42.353663726000036 NAN, -71.052845584999943 42.354035268000075 NAN))"
682,Milk Street,4456600.000000000000000,5,2,,2024,SBL,0.000798600036807,"MULTILINESTRING M ((-71.058754121999982 42.357031204000066 NAN, -71.058455794999986 42.356909117000043 NAN, -71.058235508999985 42.356840181000052 NAN, -71.058051571999954 42.356807402000072 NAN, -71.057993791999934 42.356797616000051 NAN))"
683,Milk Street,4456500.000000000000000,5,2,,2024,SBL,0.000551954773452,"MULTILINESTRING M ((-71.057360254999935 42.356774833000031 NAN, -71.056809671999986 42.356813723000073 NAN))"
684,Milk Street,5237700.000000000000000,5,2,,2024,SBL,0.000466218115703,"MULTILINESTRING M ((-71.056809671999986 42.356813723000073 NAN, -71.056343784999967 42.356831291000049 NAN))"
685,Post Office Square,5481700.000000000000000,3,2,,2012,BL,0.000933577166263,"MULTILINESTRING M ((-71.055759634999959 42.356921236000062 NAN, -71.055919849999952 42.357063651000033 NAN, -71.056261040999971 42.357416645000058 NAN, -71.056411428999979 42.357588389000057 NAN))"
686,Franklin Street,5647800.000000000000000,5,2,,2011,BL,0.000195146506359,"MULTILINESTRING M ((-71.053276918999984 42.356926268000052 NAN, -71.053454491999958 42.356845336000049 NAN))"
687,John F. Fitzgerald Surface Road,45228800.000000000000000,3,2,,2014,BL,0.001188951646990,"MULTILINESTRING M ((-71.057507164999947 42.362779196000076 NAN, -71.057270242999948 42.36261677300007 NAN, -71.05699180199997 42.362436631000037 NAN, -71.056713127999956 42.362272870000027 NAN, -71.056494571999963 42.362158142000055 NAN))"
688,Cross Street,5860700.000000000000000,3,2,,2014,BL,0.000631542649030,"MULTILINESTRING M ((-71.055812599999967 42.362550655000064 NAN, -71.056361181999989 42.362863551000032 NAN))"
689,Salem Street,5243000.000000000000000,0,2,,2013,SLM,0.000285155881694,"MULTILINESTRING M ((-71.055527102999974 42.364749008000047 NAN, -71.055502058999934 42.365033062000066 NAN))"
690,Salem Street,5765100.000000000000000,0,2,,2013,SLM,0.000774700481226,"MULTILINESTRING M ((-71.054740273999982 42.366431661000036 NAN, -71.054312212999946 42.367077358000074 NAN))"
691,Commercial Street,5640400.000000000000000,5,2,,2017,SBL,0.000815390934893,"MULTILINESTRING M ((-71.054815710999947 42.367993728000044 NAN, -71.054441867999969 42.367894002000071 NAN, -71.054340131999936 42.367863876000058 NAN, -71.054185985999936 42.367818236000062 NAN, -71.054033664999963 42.367764230000034 NAN))"
692,Neponset Avenue,4856400.000000000000000,5,2,,2012,BL,0.000898264257899,"MULTILINESTRING M ((-71.04786729999995 42.289357983000059 NAN, -71.04816214799996 42.289750777000052 NAN, -71.048418700999946 42.290066890000048 NAN))"
693,Neponset Avenue,4804600.000000000000000,5,2,,2012,BL,0.000720194520499,"MULTILINESTRING M ((-71.053644112999962 42.295336645000077 NAN, -71.053417105999984 42.295177084000045 NAN, -71.05305414299994 42.294923590000053 NAN))"
694,Neponset Avenue,4807500.000000000000000,5,2,,2012,BL,0.000761828572198,"MULTILINESTRING M ((-71.05305414299994 42.294923590000053 NAN, -71.052715057999933 42.294670745000076 NAN, -71.052431966999961 42.294484519000036 NAN))"
695,Freeport Street,5810000.000000000000000,3,2,,2013,SLM,0.000342416643453,"MULTILINESTRING M ((-71.051052560999949 42.301755832000026 NAN, -71.051269618999982 42.30195868900006 NAN, -71.051303130999941 42.301989202000073 NAN))"
696,Freeport Street,4773100.000000000000000,3,2,,2013,BLSL,0.000868194206497,"MULTILINESTRING M ((-71.051052560999949 42.301755832000026 NAN, -71.050782273999971 42.301551086000075 NAN, -71.050317141999983 42.301298870000039 NAN))"
697,Freeport Street,5575000.000000000000000,3,2,,2013,SLM,0.000369534125948,"MULTILINESTRING M ((-71.049460342999964 42.300830167000072 NAN, -71.049147370999947 42.300633688000062 NAN))"
698,Old Colony Avenue,5699500.000000000000000,3,3,1,2016,BFBL,0.000753257348057,"MULTILINESTRING M ((-71.052659453999979 42.329364722000037 NAN, -71.052628579999975 42.329187951000051 NAN, -71.052609982999968 42.32905753700004 NAN, -71.052593586999933 42.328615764000062 NAN))"
699,D Street,4565700.000000000000000,5,2,,2013,BLSL,0.000470789168171,"MULTILINESTRING M ((-71.052786952999952 42.337184851000075 NAN, -71.053142932999947 42.336876759000063 NAN))"
700,D Street,4560200.000000000000000,5,2,,2013,BLSL,0.000474010215437,"MULTILINESTRING M ((-71.051672278999945 42.338092060000065 NAN, -71.052042782999933 42.337796404000073 NAN))"
701,Beacon Street,4462900.000000000000000,3,2,,2020,SBL,0.000486576458112,"MULTILINESTRING M ((-71.072040712999978 42.355586401000039 NAN, -71.072511146999943 42.35546210900003 NAN))"
702,Beacon Street,4459200.000000000000000,3,2,,2020,SBL,0.000483284597139,"MULTILINESTRING M ((-71.069430950999958 42.356183692000059 NAN, -71.069902909999939 42.356079679000061 NAN))"
703,Charles Street Circle,4438200.000000000000000,2,3,1,2018,BL,0.000304836236590,"MULTILINESTRING M ((-71.070883455999933 42.361401117000071 NAN, -71.071056460999955 42.361400052000079 NAN, -71.071188192999955 42.361395023000057 NAN))"
704,Harrison Avenue,5238100.000000000000000,5,2,,2019,BL,0.000404250455305,"MULTILINESTRING M ((-71.062510538999959 42.348200219000034 NAN, -71.062665700999958 42.347826932000032 NAN))"
705,Harrison Avenue,4502000.000000000000000,5,2,,2019,BL,0.000595074098955,"MULTILINESTRING M ((-71.061924507999947 42.349764169000025 NAN, -71.062118275999978 42.349201526000058 NAN))"
706,Harrison Avenue,5477300.000000000000000,5,2,,2019,BL,0.000230880998829,"MULTILINESTRING M ((-71.061463504999949 42.350863299000025 NAN, -71.061554109999975 42.350650939000047 NAN))"
707,Tremont Street,4489700.000000000000000,3,2,,2020,SBL,0.000645800982217,"MULTILINESTRING M ((-71.064725402999954 42.351716951000071 NAN, -71.064914489999978 42.351099452000028 NAN))"
708,Tremont Street,4463800.000000000000000,3,2,,2020,SBL,0.000669745246991,"MULTILINESTRING M ((-71.062913015999982 42.355647676000046 NAN, -71.063042920999976 42.355522179000047 NAN, -71.063208599999939 42.355342190000044 NAN, -71.063361395999948 42.35515132900008 NAN))"
709,Washington Street,5650000.000000000000000,3,2,,2020,SBL,0.000498179699549,"MULTILINESTRING M ((-71.062713284999973 42.351924522000047 NAN, -71.062595678999969 42.352408621000052 NAN))"
710,Columbia Road,5850100.000000000000000,3,1,1,2022,SBL,0.001292429907082,"MULTILINESTRING M ((-71.061069457999963 42.32021616600008 NAN, -71.061025431999951 42.32020181300004 NAN, -71.060791782999956 42.320145094000054 NAN, -71.060569594999947 42.320092879000072 NAN, -71.060363647999964 42.320052192000048 NAN, -71.06007847799998 42.320006406000061 NAN, -71.05979986899996 42.320013440000025 NAN))"
711,Tremont Street,4461400.000000000000000,3,2,,2020,SBL,0.000893754695694,"MULTILINESTRING M ((-71.062267891999966 42.356266210000058 NAN, -71.06251350399998 42.356027146000031 NAN, -71.062913015999982 42.355647676000046 NAN))"
712,Tremont Street,5307000.000000000000000,3,2,,2020,SBL,0.000896576289247,"MULTILINESTRING M ((-71.060441959999935 42.358009892000041 NAN, -71.060632357999964 42.357813804000045 NAN, -71.060830240999962 42.357613681000032 NAN, -71.06107463099994 42.357374691000075 NAN))"
713,Cambridge Street,5488000.000000000000000,3,2,1,,BL,0.002310397879451,"MULTILINESTRING M ((-71.061337057999935 42.360873819000062 NAN, -71.060711738999942 42.360618395000074 NAN, -71.060506433999933 42.360485207000067 NAN, -71.060365799999943 42.360347703000059 NAN, -71.060216200999946 42.360171358000059 NAN, -71.060082060999946 42.359985935000054 NAN, -71.05995435899996 42.359759453000038 NAN, -71.059878998999977 42.359530885000027 NAN, -71.059862260999978 42.359298755000054 NAN))"
714,Congress Street,5613200.000000000000000,5,2,,2019,SBL,0.002050367558665,"MULTILINESTRING M ((-71.052229005999948 42.352395958000045 NAN, -71.052160011999945 42.352337169000066 NAN, -71.05208745799996 42.352298626000049 NAN, -71.051856949999944 42.352202490000025 NAN, -71.050506224999936 42.351650353000025 NAN, -71.050356624999949 42.351572601000044 NAN))"
715,State Street,5791800.000000000000000,3,2,,2020,SBL,0.000665022156927,"MULTILINESTRING M ((-71.052637197999957 42.35949357100003 NAN, -71.053294178999977 42.359390467000026 NAN))"
716,Beach Street,5651500.000000000000000,0,2,,,SLM,0.000252017016103,"MULTILINESTRING M ((-71.05909599599994 42.351049960000068 NAN, -71.05934188599997 42.35110519300008 NAN))"
717,Summer Street,4488100.000000000000000,3,2,,2019,SLM,0.002810034247960,"MULTILINESTRING M ((-71.052848707999942 42.35144015700007 NAN, -71.053361722999966 42.351674469000045 NAN, -71.05370720999997 42.351848308000058 NAN, -71.054882777999978 42.35242992700006 NAN, -71.055392648999941 42.352629960000058 NAN))"
718,Congress Street,5824600.000000000000000,3,2,,2016,SLM,0.000327033216095,"MULTILINESTRING M ((-71.056448329999967 42.357742865000034 NAN, -71.056538974999967 42.358057085000041 NAN))"
719,State Street,5792000.000000000000000,3,2,,2020,SBL,0.000211911005054,"MULTILINESTRING M ((-71.053294178999977 42.359390467000026 NAN, -71.053356288999964 42.359381540000072 NAN, -71.053504431999954 42.359364128000038 NAN))"
720,Congress Street,5632900.000000000000000,3,2,1,2022,SLM,0.001248757617401,"MULTILINESTRING M ((-71.057606955999972 42.361531281000055 NAN, -71.057751821999943 42.361792076000029 NAN, -71.05795240599997 42.362015983000049 NAN, -71.058153065999988 42.362229427000045 NAN, -71.058390656999961 42.362495697000043 NAN))"
721,New Cypher Street,4538000.000000000000000,0,0,,2024,SBL,0.000968197027716,"MULTILINESTRING M ((-71.049388532999956 42.342368535000048 NAN, -71.048569179999959 42.34185271900003 NAN))"
722,A Street,5815900.000000000000000,5,2,,2013,BLSL,0.000850132462941,"MULTILINESTRING M ((-71.050594758999978 42.347598645000062 NAN, -71.051126502999978 42.346935340000073 NAN))"
723,Cross Street,4439400.000000000000000,3,2,,2014,BL,0.000574723540282,"MULTILINESTRING M ((-71.052809311999965 42.360923598000056 NAN, -71.052925216999938 42.36101300100006 NAN, -71.053106063999962 42.361120479000078 NAN, -71.05329712799994 42.361225387000047 NAN))"
724,Atlantic Avenue,4439300.000000000000000,5,2,,2017,SBL,0.001148789794609,"MULTILINESTRING M ((-71.052809311999965 42.360923598000056 NAN, -71.052650487999983 42.361100883000063 NAN, -71.052484598999968 42.361298482000052 NAN, -71.05235696799997 42.361425018000034 NAN, -71.05225360999998 42.361500871000032 NAN, -71.051956764999943 42.361676355000043 NAN))"
725,Commercial Street,5149300.000000000000000,5,2,,2017,SBL,0.000559776913323,"MULTILINESTRING M ((-71.051076465999984 42.364276646000064 NAN, -71.05106961599995 42.364836381000032 NAN))"
726,Commercial Street,5149500.000000000000000,5,2,,2017,SBL,0.000563420928475,"MULTILINESTRING M ((-71.05106961599995 42.364836381000032 NAN, -71.051108838999937 42.365398435000031 NAN))"
727,Atlantic Avenue,5284500.000000000000000,5,2,,2017,SBL,0.000292896550779,"MULTILINESTRING M ((-71.051070677999974 42.36225122500008 NAN, -71.051022827999986 42.362337226000079 NAN, -71.051006101999974 42.36250314800003 NAN, -71.051005313999951 42.362530854000056 NAN))"
728,Commercial Street,4432200.000000000000000,5,2,,2017,SBL,0.000313311247807,"MULTILINESTRING M ((-71.051401552999948 42.366373819000046 NAN, -71.051518592999969 42.366525969000065 NAN, -71.051604416999965 42.366611764000027 NAN))"
729,Seaport Boulevard,6272000.000000000000000,3,2,1,2018,SBL,0.001766855123228,"MULTILINESTRING M ((-71.045570186999953 42.351713418000031 NAN, -71.044890048999946 42.351399895000043 NAN, -71.044130159999952 42.351059483000029 NAN, -71.043945380999958 42.351045872000043 NAN))"
730,Seaport Boulevard,45261800.000000000000000,3,2,1,2018,SBL,0.001721084694050,"MULTILINESTRING M ((-71.043945380999958 42.351045872000043 NAN, -71.04405535099994 42.351182072000029 NAN, -71.045460319999961 42.351812294000069 NAN, -71.045465923999984 42.35181491700007 NAN))"
731,Maverick Street,4428600.000000000000000,5,2,,2015,BL,0.000756042313452,"MULTILINESTRING M ((-71.037962074999939 42.369726958000058 NAN, -71.038660148999952 42.370017290000078 NAN))"
732,Maverick Street,5621702.000000000000000,5,2,,2015,BL,0.000590989397627,"MULTILINESTRING M ((-71.03702384099995 42.369335800000044 NAN, -71.037569321999968 42.369563218000053 NAN))"
733,Marginal Street,4433200.000000000000000,0,2,,2015,SLM,0.000517982895331,"MULTILINESTRING M ((-71.037306724999951 42.365930727000034 NAN, -71.036831537999944 42.365724563000072 NAN))"
734,Chelsea Street,5281700.000000000000000,5,2,,2010,BL,0.001352545402124,"MULTILINESTRING M ((-71.036146071999951 42.372165746000064 NAN, -71.037192492999964 42.371308785000053 NAN))"
735,Chelsea Street,5138500.000000000000000,5,2,,2010,BL,0.000892544855178,"MULTILINESTRING M ((-71.035036942999966 42.373121081000079 NAN, -71.034362597999973 42.373705799000049 NAN))"
736,Meridian Street,4399200.000000000000000,3,2,,2013,BLSL,0.000610564272042,"MULTILINESTRING M ((-71.039300968999953 42.382003990000044 NAN, -71.039315259999967 42.382614387000046 NAN))"
737,Bennington Street,5823600.000000000000000,5,2,1,2008,SLM,0.000184400690844,"MULTILINESTRING M ((-71.022354338999946 42.381101405000038 NAN, -71.022177668999973 42.381154238000079 NAN))"
738,Bennington Street,6279000.000000000000000,5,2,1,2008,SLM,0.001872286986676,"MULTILINESTRING M ((-71.020557736999933 42.381831213000055 NAN, -71.020791581999958 42.38177498400006 NAN, -71.021536950999973 42.38149749300004 NAN, -71.02232236499998 42.381209847000036 NAN))"
739,Bennington Street,5708300.000000000000000,5,2,1,2008,SLM,0.001758480145363,"MULTILINESTRING M ((-71.022177668999973 42.381154238000079 NAN, -71.022001821999936 42.381220337000059 NAN, -71.020735332999948 42.381722616000047 NAN, -71.020557736999933 42.381831213000055 NAN))"
740,Bennington Street,4394500.000000000000000,5,2,,2008,SLM,0.001240149622791,"MULTILINESTRING M ((-71.016264295999974 42.383427825000069 NAN, -71.015103736999947 42.383864945000028 NAN))"
741,Bennington Street,5837800.000000000000000,5,2,,2008,SLM,0.003789317549393,"MULTILINESTRING M ((-71.010386477999987 42.385462346000054 NAN, -71.006795649999958 42.386672669000063 NAN))"
742,Saratoga Street,5192400.000000000000000,5,2,,2012,BL,0.001014248803214,"MULTILINESTRING M ((-71.006795649999958 42.386672669000063 NAN, -71.005836942999963 42.386341638000033 NAN))"
743,Truman Highway,6231900.000000000000000,5,3,,2010,BL,0.008837892206246,
744,American Legion Highway,6271401.000000000000000,5,2,1,2020,SBL,0.010231804149281,
745,Veterans Of Foreign Wars Parkway,6213500.000000000000000,2,3,1,2013,BL,0.000912335125092,"MULTILINESTRING M ((-71.172229089999973 42.271882527000059 NAN, -71.17239884199995 42.271811125000056 NAN, -71.172522503999971 42.271796899000037 NAN, -71.172634412999969 42.271803408000039 NAN, -71.172711780999975 42.271823323000035 NAN, -71.172820144999946 42.27189448200005 NAN, -71.173025781999968 42.272087558000067 NAN))"
746,Baker Street,5688100.000000000000000,6,2,,2014,BL,0.000364956334058,"MULTILINESTRING M ((-71.174022283999989 42.291290521000064 NAN, -71.174169778999953 42.291464133000034 NAN, -71.174271664999935 42.291555944000038 NAN))"
747,Veterans Of Foreign Wars Parkway,4824000.000000000000000,2,3,1,2013,SLM,0.000890530785499,"MULTILINESTRING M ((-71.163274678999983 42.292916707000074 NAN, -71.162466969999969 42.293291742000065 NAN))"
748,Commonwealth Avenue,6257300.000000000000000,3,2,1,2013,SLM,0.000577170597155,"MULTILINESTRING M ((-71.166127048999954 42.340096864000031 NAN, -71.166555095999968 42.340042400000073 NAN, -71.166698615999962 42.340017450000062 NAN))"
749,Lake Street,4549500.000000000000000,6,2,,2010,BL,0.000346127776840,"MULTILINESTRING M ((-71.166127048999954 42.340096864000031 NAN, -71.16613337299998 42.340442934000066 NAN))"
750,Lake Street,4547800.000000000000000,6,2,,2010,BL,0.000236828024231,"MULTILINESTRING M ((-71.16613337299998 42.340442934000066 NAN, -71.166118083999947 42.340679268000031 NAN))"
751,Commonwealth Avenue,6291200.000000000000000,3,2,1,2013,BL,0.001989040448473,"MULTILINESTRING M ((-71.161534036999967 42.340170668000042 NAN, -71.161586908999936 42.340168587000051 NAN, -71.162885019999976 42.340208946000075 NAN, -71.163522223999962 42.340224313000078 NAN))"
752,Lake Street,4529700.000000000000000,6,2,,2010,BL,0.001723969680012,"MULTILINESTRING M ((-71.164033278999966 42.34418032800005 NAN, -71.163798415999963 42.344593211000074 NAN, -71.163616818999969 42.344866142000058 NAN, -71.163488295999969 42.34500024700003 NAN, -71.163360057999967 42.345116912000037 NAN, -71.163148988999978 42.345262027000047 NAN, -71.162892670999952 42.345428954000056 NAN))"
753,Washington Street,5799100.000000000000000,3,2,,2010,BL,0.000251271150373,"MULTILINESTRING M ((-71.163333390999981 42.34912352300006 NAN, -71.163093170999957 42.349049824000076 NAN))"
754,Faneuil Street,4486300.000000000000000,6,2,,2017,SLM,0.000400645897975,"MULTILINESTRING M ((-71.164719165999941 42.352122870000073 NAN, -71.164329692999956 42.352216827000063 NAN))"
755,Faneuil Street,5376500.000000000000000,6,2,,2017,SLM,0.000280765839500,"MULTILINESTRING M ((-71.163179937999985 42.352414342000031 NAN, -71.16290098099995 42.352446161000046 NAN))"
756,Veterans Of Foreign Wars Parkway,6212100.000000000000000,2,3,1,2013,BL,0.002180830394757,"MULTILINESTRING M ((-71.155504507999979 42.295803135000028 NAN, -71.156562374999965 42.295849300000043 NAN, -71.156975849999981 42.295832300000029 NAN, -71.157274996999945 42.295805218000055 NAN, -71.157678525999984 42.295746617000077 NAN))"
757,Beacon Street,5679100.000000000000000,3,2,,2009,BFBL,0.002926954933418,"MULTILINESTRING M ((-71.157193400999972 42.331598281000026 NAN, -71.156949413999939 42.331631875000028 NAN, -71.156699644999946 42.331682332000071 NAN, -71.156440145999966 42.331778342000064 NAN, -71.156039177999958 42.331985337000049 NAN, -71.155538186999934 42.332212844000026 NAN, -71.155289749999952 42.332365710000033 NAN, -71.154930388999958 42.332625718000031 NAN, -71.154681417999939 42.332875924000064 NAN, -71.154645819999985 42.332923545000028 NAN))"
758,Washington Street,5798700.000000000000000,3,2,,2010,BL,0.000867923556212,"MULTILINESTRING M ((-71.161304512999948 42.348973325000031 NAN, -71.160437936999983 42.34892497900006 NAN))"
759,Washington Street,4506700.000000000000000,3,2,,2010,BL,0.001282095847140,"MULTILINESTRING M ((-71.160437936999983 42.34892497900006 NAN, -71.159904989999973 42.348900896000032 NAN, -71.159612192999987 42.348900030000038 NAN, -71.159326915999941 42.34891043600004 NAN, -71.15915711699995 42.348924001000057 NAN))"
760,Washington Street,4504300.000000000000000,3,2,,2010,BLSL,0.000604267121564,"MULTILINESTRING M ((-71.157079426999985 42.349099008000053 NAN, -71.156475347999958 42.349114085000053 NAN))"
761,Faneuil Street,4481900.000000000000000,6,2,,2017,BL,0.000386887721088,"MULTILINESTRING M ((-71.16056513999996 42.352680115000055 NAN, -71.160178549999955 42.352695290000042 NAN))"
762, ,6068700.000000000000000,0, ,,2019,BL,0.002655648498657,"MULTILINESTRING M ((-71.041857242999981 42.313281096000026 NAN, -71.041697089999957 42.313182553000047 NAN, -71.041598414999953 42.313120826000045 NAN, -71.041179345999979 42.312860318000048 NAN, -71.040804779999974 42.312632622000081 NAN, -71.040431842999965 42.312415059000045 NAN, -71.039982818999988 42.312131353000041 NAN, -71.039611115999946 42.311901978000037 NAN, -71.039594405999935 42.31189144700005 NAN))"
763,Summer Street,5610600.000000000000000,3,2,,2022,BL,0.003714824031866,
764,Northern Avenue,5665700.000000000000000,0,2,1,2023,SBL,0.000852719050077,"MULTILINESTRING M ((-71.035112869999978 42.34663241700008 NAN, -71.035127600999942 42.346700270000042 NAN, -71.035221545999946 42.34681237500007 NAN, -71.03541123499997 42.347022791000029 NAN, -71.035643085999936 42.347289936000038 NAN))"
765,Central Square,6256900.000000000000000,0,2,,2017,SLM,0.000251452151023,"MULTILINESTRING M ((-71.039538096999934 42.374369207000029 NAN, -71.039308763999941 42.374266083000066 NAN))"
766,Centre Street,4888800.000000000000000,5,2,,2023,SBL,0.001743205851193,"MULTILINESTRING M ((-71.153753516999984 42.28682864700005 NAN, -71.153430533999938 42.287064562000069 NAN, -71.153184623999948 42.28723769100003 NAN, -71.152988638999943 42.287356951000049 NAN, -71.152911880999966 42.287396669000032 NAN, -71.152720190999958 42.287458549000064 NAN, -71.15250561199997 42.287514730000055 NAN, -71.152306401999965 42.287531572000034 NAN, -71.152202941999974 42.287534070000049 NAN))"
767,Centre Street,5464701.000000000000000,5,1,,2023,SBL,0.000140244503175,"MULTILINESTRING M ((-71.15722151999995 42.283068626000045 NAN, -71.157211571999937 42.283089828000072 NAN, -71.157170097999938 42.283199043000025 NAN))"
768,Belgrade Avenue,5855500.000000000000000,3,2,,2009,BL,0.001329823399739,"MULTILINESTRING M ((-71.146502865999935 42.286027800000056 NAN, -71.145794055999943 42.286041373000046 NAN, -71.145173195999973 42.286046770000041 NAN))"
769,Centre Street,5610000.000000000000000,2,3,1,2011,BL,0.003031532643566,"MULTILINESTRING M ((-71.127814122999951 42.30011490000004 NAN, -71.127494995999939 42.300434429000063 NAN, -71.127175793999982 42.300740057000041 NAN, -71.126510966999945 42.301395682000077 NAN, -71.126162173999944 42.301737220000064 NAN, -71.12613876599994 42.301762064000059 NAN, -71.126036888999977 42.301870171000076 NAN, -71.125938581999947 42.301990828000044 NAN, -71.125702805999936 42.30228603300003 NAN))"
770,Beacon Street,5679200.000000000000000,3,2,,2009,BFBL,0.000671668923823,"MULTILINESTRING M ((-71.154645819999985 42.332923545000028 NAN, -71.154494246999946 42.333126322000055 NAN, -71.15428578999996 42.333489214000053 NAN))"
771,Beacon Street,5837300.000000000000000,3,2,,2009,BL,0.003962122765462,
772,Chestnut Hill Avenue,5125700.000000000000000,5,2,,2013,SLM,0.002324835497554,"MULTILINESTRING M ((-71.153365912999959 42.338193811000053 NAN, -71.153647503999935 42.338431549000063 NAN, -71.154454041999941 42.339171089000047 NAN, -71.155088896999985 42.339754245000051 NAN))"
773,Commonwealth Avenue,6237900.000000000000000,3,2,1,2013,SLM,0.000661450204521,"MULTILINESTRING M ((-71.152268401999947 42.339481852000063 NAN, -71.152414094999983 42.33926228200005 NAN, -71.152497499999981 42.339093730000059 NAN, -71.152588033999962 42.338904379000041 NAN))"
774,Chestnut Hill Avenue,5708800.000000000000000,5,2,,2013,BL,0.000348276076443,"MULTILINESTRING M ((-71.154553593999935 42.341566157000045 NAN, -71.154356564999944 42.341853343000025 NAN))"
775,Washington Street,5784100.000000000000000,3,2,,2010,BL,0.000150290701124,"MULTILINESTRING M ((-71.154800161999958 42.349137399000028 NAN, -71.154649894999977 42.349140068000054 NAN))"
776,Washington Street,5824300.000000000000000,3,2,,2010,BL,0.000985563008904,"MULTILINESTRING M ((-71.152091424999981 42.349057540000047 NAN, -71.151993940999944 42.349050533000025 NAN, -71.151106710999954 42.349017966000076 NAN))"
777,Cambridge Street,6241800.000000000000000,3,2,1,2010,SLM,0.001117719054025,"MULTILINESTRING M ((-71.149527439999986 42.349289418000069 NAN, -71.149774918999981 42.349217254000052 NAN, -71.150065048999977 42.349119601000041 NAN, -71.15035229199998 42.349063326000078 NAN, -71.150610221999955 42.349022723000076 NAN))"
778,Cambridge Street,5236900.000000000000000,3,2,1,2010,BL,0.001455915497818,"MULTILINESTRING M ((-71.150364572999933 42.348978628000054 NAN, -71.150154175999944 42.348994305000076 NAN, -71.14994377499994 42.349044310000068 NAN, -71.149456047999934 42.349228106000055 NAN, -71.149285599999985 42.349302477000037 NAN, -71.148985051999944 42.349416635000068 NAN))"
779,Faneuil Street,5291100.000000000000000,6,2,,2017,SLM,0.000417717974027,"MULTILINESTRING M ((-71.151611614999979 42.355423408000036 NAN, -71.151216545999944 42.355287729000054 NAN))"
780,Faneuil Street,5290800.000000000000000,6,2,,2017,SLM,0.000835701272894,"MULTILINESTRING M ((-71.151216545999944 42.355287729000054 NAN, -71.151044046999971 42.355236566000031 NAN, -71.150435135999942 42.35499311600006 NAN))"
781,Centre Street,4872600.000000000000000,5,2,,2010,BL,0.000404551162817,"MULTILINESTRING M ((-71.145515494999984 42.288016672000026 NAN, -71.145331058999943 42.288067312000067 NAN, -71.14512500099994 42.288122380000061 NAN))"
782,Veterans Of Foreign Wars Parkway,6287100.000000000000000,2,3,1,2013,BL,0.001652856949198,"MULTILINESTRING M ((-71.148382637999987 42.296360926000034 NAN, -71.148086827999975 42.296401309000032 NAN, -71.147661293999988 42.296433378000074 NAN, -71.147132090999946 42.296452294000062 NAN, -71.146834644999956 42.296459082000069 NAN, -71.146734154999933 42.296457805000045 NAN))"
783,Veterans Of Foreign Wars Parkway,5276300.000000000000000,2,3,1,2013,BL,0.002045491459072,"MULTILINESTRING M ((-71.145847432999972 42.296751294000046 NAN, -71.145975743999941 42.296687506000069 NAN, -71.146085423999978 42.296654549000039 NAN, -71.146248086999947 42.296638732000076 NAN, -71.146621721999963 42.296643823000068 NAN, -71.147109246999946 42.296645322000074 NAN, -71.147627369999952 42.296614733000069 NAN, -71.147689069999956 42.296611087000031 NAN, -71.14787126799996 42.296608608000042 NAN))"
784,Commonwealth Avenue Frontage Road Eb,5109400.000000000000000,0,2,1,2013,SLM,0.001131542593257,"MULTILINESTRING M ((-71.145046973999968 42.341738944000042 NAN, -71.144531664999988 42.341969007000046 NAN, -71.144233100999941 42.342115688000035 NAN, -71.144030794999935 42.342234391000034 NAN))"
785,Cambridge Street,5237300.000000000000000,3,2,,2010,BL,0.000713012141564,"MULTILINESTRING M ((-71.145621434999953 42.350808700000073 NAN, -71.145080697999958 42.351031418000048 NAN, -71.144962649999968 42.351081429000033 NAN))"
786,North Harvard Street,4442300.000000000000000,5,2,,2012,BL,0.000529052572720,"MULTILINESTRING M ((-71.128879814999948 42.360377026000037 NAN, -71.129287916999942 42.360713700000076 NAN))"
787,North Harvard Street,4449900.000000000000000,5,2,,2012,BL,0.000598118540028,"MULTILINESTRING M ((-71.127051414999983 42.35892052500003 NAN, -71.12708865899998 42.358972972000061 NAN, -71.127184729999954 42.35905318500005 NAN, -71.127363681999952 42.359197810000069 NAN, -71.127505486999951 42.359306307000054 NAN))"
788,North Harvard Street,5104300.000000000000000,5,2,,2012,BLSL,0.000522322854997,"MULTILINESTRING M ((-71.126487349999934 42.357986332000053 NAN, -71.126690075999988 42.358312784000077 NAN, -71.126759166999989 42.358432296000046 NAN))"
789,North Harvard Street,5104200.000000000000000,5,2,,2012,BLSL,0.000139690586794,"MULTILINESTRING M ((-71.126417927999967 42.357865113000059 NAN, -71.126487349999934 42.357986332000053 NAN))"
790,North Harvard Street,5638600.000000000000000,5,2,,2009,BL,0.001056588378984,"MULTILINESTRING M ((-71.127480251999941 42.364880122000045 NAN, -71.126774031999958 42.365396623000038 NAN, -71.126627490999965 42.365503963000037 NAN))"
791,Western Avenue,5151600.000000000000000,5,2,,2021,SBL,0.000708349058535,"MULTILINESTRING M ((-71.126154890999942 42.363502326000059 NAN, -71.125449100999958 42.363562483000067 NAN))"
792,Belgrade Avenue,4897100.000000000000000,3,2,,2009,BL,0.001217249201227,"MULTILINESTRING M ((-71.140547196999933 42.286143240000058 NAN, -71.139330358999985 42.286174877000064 NAN))"
793,Belgrade Avenue,4896000.000000000000000,3,2,,2009,BL,0.000777649852359,"MULTILINESTRING M ((-71.138201660999982 42.286231534000081 NAN, -71.137622558999965 42.286256153000068 NAN, -71.137424561999978 42.286259470000061 NAN))"
794,Commonwealth Avenue Frontage Road Eb,5110000.000000000000000,0,2,1,2013,SLM,0.000574659964463,"MULTILINESTRING M ((-71.140845314999979 42.346411850000038 NAN, -71.140703944999984 42.34670937900006 NAN, -71.140587234999941 42.346925082000041 NAN))"
795,Cambridge Street,5193400.000000000000000,3,2,,2010,BL,0.000580418628969,"MULTILINESTRING M ((-71.142151922999972 42.351883239000074 NAN, -71.141925258999947 42.351955681000049 NAN, -71.141604083999937 42.352074531000028 NAN))"
796,Everett Street,5719300.000000000000000,6,2,,2017,BLSL,0.000742148364694,"MULTILINESTRING M ((-71.139066790999948 42.353799651000031 NAN, -71.138903653999932 42.354304425000066 NAN, -71.138841136999986 42.354506649000029 NAN))"
797,Western Avenue,5126100.000000000000000,5,2,,2024,SBL,0.000968114518721,"MULTILINESTRING M ((-71.138634627999977 42.362780476000069 NAN, -71.137672065999936 42.362884014000031 NAN))"
798,Walter Street,4849600.000000000000000,6,2,,2016,BLSL,0.000527899848695,"MULTILINESTRING M ((-71.132960091999962 42.29025388000008 NAN, -71.132604856999933 42.290644375000056 NAN))"
799,Walter Street,5738000.000000000000000,6,2,,2016,BLSL,0.000633713106608,"MULTILINESTRING M ((-71.132494538999936 42.290781603000028 NAN, -71.132228204999933 42.29100272800008 NAN, -71.131982543999982 42.291152176000026 NAN))"
800,Centre Street,6288200.000000000000000,5,2,1,2010,BL,0.002265828447959,"MULTILINESTRING M ((-71.134285147999947 42.29590636100005 NAN, -71.134827265999945 42.295444431000078 NAN, -71.13522646499996 42.29512102700005 NAN, -71.135625605999962 42.29477455500006 NAN, -71.136010455999951 42.29443793300004 NAN))"
801,Veterans Of Foreign Wars Parkway,6221200.000000000000000,2,3,,2013,BL,0.000103206176218,"MULTILINESTRING M ((-71.132902247999937 42.296767924000051 NAN, -71.132978587999958 42.296837377000031 NAN))"
802,Cambridge Street,4471100.000000000000000,3,2,,2015,BLSL,0.000294390235105,"MULTILINESTRING M ((-71.136283699999979 42.354049714000041 NAN, -71.136010930999987 42.354160451000041 NAN))"
803,Franklin Street,4454600.000000000000000,0,2,,2010,SLM,0.000853951989131,"MULTILINESTRING M ((-71.133012515999951 42.357713619000037 NAN, -71.133062338999935 42.358313032000069 NAN, -71.133083446999933 42.358564620000038 NAN))"
804,Cambridge Street,5623800.000000000000000,3,2,,2022,SBL,0.000705309401639,"MULTILINESTRING M ((-71.131396335999966 42.356113975000028 NAN, -71.130738688999941 42.35636885100007 NAN))"
805,Everett Street,5645300.000000000000000,6,2,,2017,BLSL,0.000318802036491,"MULTILINESTRING M ((-71.135822209999958 42.361967406000076 NAN, -71.135706681999977 42.36226453900008 NAN))"
806,River Street,5737300.000000000000000,5,2,,2012,BLSL,0.001120313810506,"MULTILINESTRING M ((-71.130122401999984 42.252973908000058 NAN, -71.130323113999964 42.252801235000049 NAN, -71.130683051999938 42.252513171000032 NAN, -71.130862932999946 42.252350566000075 NAN, -71.130958300999964 42.252232144000061 NAN))"
807,River Street,5737200.000000000000000,5,2,,2012,BLSL,0.000189453101213,"MULTILINESTRING M ((-71.129978096999935 42.253096662000075 NAN, -71.130122401999984 42.252973908000058 NAN))"
808,River Street,5074200.000000000000000,5,2,,2012,SLM,0.000852024961041,"MULTILINESTRING M ((-71.127176568999971 42.255326551000053 NAN, -71.126812923999978 42.255403017000049 NAN, -71.126339795999968 42.255486446000077 NAN))"
809,River Street,5073300.000000000000000,5,2,,2012,SLM,0.000313407400016,"MULTILINESTRING M ((-71.125901327999941 42.255566609000027 NAN, -71.125592730999983 42.255621309000048 NAN))"
810,Cummins Highway,4922400.000000000000000,3,2,,2012,BL,0.000861706332070,"MULTILINESTRING M ((-71.125127238999937 42.284498734000067 NAN, -71.124761708999984 42.284194813000056 NAN, -71.12449548799998 42.283914850000031 NAN))"
811,Corinth Street,5807400.000000000000000,3,2,,2009,SLM,0.000761932929549,"MULTILINESTRING M ((-71.130401391999953 42.286584265000045 NAN, -71.12975563599997 42.286179863000029 NAN))"
812,Walter Street,4824900.000000000000000,6,2,,2016,BLSL,0.002171874352251,"MULTILINESTRING M ((-71.130471864999947 42.292754362000039 NAN, -71.130462163999937 42.293215736000036 NAN, -71.130475280999974 42.293435224000063 NAN, -71.130538790999935 42.293623368000056 NAN, -71.130600966999964 42.294106353000075 NAN, -71.130606539999974 42.294385464000072 NAN, -71.13057667399994 42.294567679000068 NAN, -71.130442212999981 42.29488122500004 NAN))"
813,Centre Street,5213200.000000000000000,2,3,1,2011,BL,0.000285313712758,"MULTILINESTRING M ((-71.130537683999933 42.297776129000056 NAN, -71.130394451999962 42.297836864000033 NAN, -71.130276840999954 42.297891630000038 NAN))"
814,Walter Street,5222400.000000000000000,6,2,,2016,SLM,0.000319154468239,"MULTILINESTRING M ((-71.130071193999981 42.297760316000051 NAN, -71.129980003999947 42.29771399100008 NAN, -71.129879572999982 42.297650084000054 NAN, -71.129819579999946 42.297572805000073 NAN))"
815,Centre Street,6221600.000000000000000,2,3,1,2011,BL,0.001675467949121,"MULTILINESTRING M ((-71.124781008999946 42.304408857000055 NAN, -71.124826415999962 42.304037630000039 NAN, -71.124876454999935 42.303812157000038 NAN, -71.12494806899997 42.303622768000025 NAN, -71.12499220899997 42.303497433000075 NAN, -71.125063416999978 42.303376687000025 NAN, -71.12516184499998 42.30320370000004 NAN, -71.125399653999978 42.302887119000047 NAN))"
816,Harvard Avenue,5871700.000000000000000,3,2,,2010,BL,0.000068173547572,"MULTILINESTRING M ((-71.129744003999974 42.348855932000049 NAN, -71.129783610999937 42.348911420000036 NAN))"
817,Brighton Avenue,5247000.000000000000000,3,2,1,2019,SLM,0.000901717563100,"MULTILINESTRING M ((-71.129302862999964 42.352629166000042 NAN, -71.128407380999988 42.352523305000034 NAN))"
818,Brighton Avenue,6243200.000000000000000,3,2,1,2013,SLM,0.003163074668778,"MULTILINESTRING M ((-71.125201611999955 42.352254065000068 NAN, -71.126917133999939 42.352443313000038 NAN, -71.12704778899996 42.35245757000007 NAN, -71.128344271999936 42.352612567000051 NAN))"
819,American Legion Highway,6278100.000000000000000,5,2,1,2009,SLM,0.001007712869112,"MULTILINESTRING M ((-71.119071905999988 42.27260043900003 NAN, -71.119639054999936 42.272624265000047 NAN, -71.120078533999958 42.272601589000033 NAN))"
820,Washington Street,5705100.000000000000000,3,2,,2009,BL-PEAKBUS,0.000753737039508,"MULTILINESTRING M ((-71.122464062999939 42.291757225000026 NAN, -71.121914425999933 42.292272995000076 NAN))"
821,Winship Street,5265600.000000000000000,5,2,,2024,SBLSL,0.000328616082783,"MULTILINESTRING M ((-71.152181388999963 42.346531897000034 NAN, -71.152097886999968 42.346666208000045 NAN, -71.152005920999954 42.346809736000068 NAN))"
822,Winship Street,5266000.000000000000000,5,2,,2024,SBLSL,0.000268395801496,"MULTILINESTRING M ((-71.151630049999937 42.347412177000081 NAN, -71.151491938999982 42.347642311000072 NAN))"
823,North Beacon Street,5233800.000000000000000,3,2,,2024,SBL,0.001966325804886,"MULTILINESTRING M ((-71.150987138999938 42.356648155000073 NAN, -71.149532257999965 42.35626785900007 NAN, -71.149082411999984 42.356160143000068 NAN))"
824,North Beacon Street,5726600.000000000000000,3,2,,2024,BL,0.000153777474987,"MULTILINESTRING M ((-71.146316945999956 42.355450571000063 NAN, -71.14616800899995 42.35541229200004 NAN))"
825,North Beacon Street,5576400.000000000000000,3,2,,2024,SBL,0.000473617031291,"MULTILINESTRING M ((-71.145621527999936 42.355276506000052 NAN, -71.145162026999969 42.35516173700006 NAN))"
826,Birmingham Parkway,5311800.000000000000000,3,3,1,2024,SBLSL,0.000604177814513,"MULTILINESTRING M ((-71.147445891999951 42.358861887000046 NAN, -71.14712373499998 42.35937300900008 NAN))"
827,Washington Street,4989100.000000000000000,3,2,,2016,BFBL,0.000628624806321,"MULTILINESTRING M ((-71.139621012999953 42.276080032000038 NAN, -71.139140981999958 42.276485913000045 NAN))"
828,North Beacon Street,5147900.000000000000000,3,2,,2024,SBL,0.000559872132036,"MULTILINESTRING M ((-71.139621513999941 42.35387533200003 NAN, -71.139579209999965 42.35387047100005 NAN, -71.139066790999948 42.353799651000031 NAN))"
829,Milton Street,5387300.000000000000000,3,2,,2023,SLM,0.001166365371443,"MULTILINESTRING M ((-71.134653843999956 42.238898026000072 NAN, -71.134037630999956 42.239490267000065 NAN, -71.133908128999963 42.239590015000033 NAN, -71.133772989999954 42.239650915000027 NAN))"
830,Milton Street,5631201.000000000000000,3,3,,2020,SLM,0.000716983971906,"MULTILINESTRING M ((-71.132834014999958 42.239429002000065 NAN, -71.132414395999945 42.239306707000026 NAN, -71.132151238999938 42.239211332000025 NAN))"
831,Hyde Park Avenue,5698000.000000000000000,3,2,,2020,SLM,0.000304955372641,"MULTILINESTRING M ((-71.132151238999938 42.239211332000025 NAN, -71.131964223999944 42.239402048000045 NAN, -71.131938182999988 42.239429511000026 NAN))"
832,Perkins Street,5345800.000000000000000,5,3,,2008,BL,0.001763044007696,"MULTILINESTRING M ((-71.118507035999983 42.321265384000071 NAN, -71.117824422999945 42.321142702000031 NAN, -71.117491264999956 42.321097140000063 NAN, -71.117117472999951 42.321063822000042 NAN, -71.116760196999962 42.321041685000068 NAN))"
833,Commonwealth Avenue,5119100.000000000000000,3,2,1,2019,SBL,0.001066879353121,"MULTILINESTRING M ((-71.122370656999976 42.351816629000041 NAN, -71.121312089999947 42.351683710000032 NAN))"
834,Commonwealth Avenue,6275800.000000000000000,3,2,1,2019,SBL,0.001460662362261,"MULTILINESTRING M ((-71.118520970999953 42.351552609000066 NAN, -71.119285161999983 42.351647193000076 NAN, -71.119972090999966 42.351718695000045 NAN))"
835,Cambridge Street,6265000.000000000000000,3,2,1,2022,BL,0.000740642296508,"MULTILINESTRING M ((-71.12324536999995 42.359101681000027 NAN, -71.123451929999987 42.359005577000062 NAN, -71.123932476999983 42.358826527000076 NAN))"
836,American Legion Highway,5119600.000000000000000,5,2,1,2020,SBL,0.000821557258889,"MULTILINESTRING M ((-71.109900874999937 42.285723648000044 NAN, -71.109586528999955 42.28591558100004 NAN, -71.109198919999983 42.286150513000052 NAN))"
837,American Legion Highway,5694900.000000000000000,5,2,1,2009,BFBL,0.001977822464203,"MULTILINESTRING M ((-71.117154347999985 42.273541547000036 NAN, -71.117139610999971 42.273559591000037 NAN, -71.116848652999977 42.273969950000037 NAN, -71.116380207999953 42.274598596000033 NAN, -71.116094305999979 42.274985335000054 NAN, -71.115985045999935 42.275136543000031 NAN))"
838,American Legion Highway,6291300.000000000000000,5,2,1,2009,SLM,0.000210426145012,"MULTILINESTRING M ((-71.116095104999943 42.277797798000051 NAN, -71.11597599299995 42.277624329000048 NAN))"
839,Washington Street,5117200.000000000000000,3,2,,2018,SBL,0.000964737795292,"MULTILINESTRING M ((-71.11503116199998 42.299677355000028 NAN, -71.115005939999946 42.299725916000057 NAN, -71.114897330999952 42.299948940000036 NAN, -71.114805360999981 42.300147823000032 NAN, -71.11473366599995 42.300313009000035 NAN, -71.114697392999972 42.300451874000032 NAN, -71.114671478999981 42.30056826100008 NAN))"
840,Blue Hill Avenue,5124000.000000000000000,2,2,1,2010,BL,0.000815953955229,"MULTILINESTRING M ((-71.093260904999966 42.278522136000049 NAN, -71.093190402999937 42.278767576000064 NAN, -71.09309202299994 42.279060694000066 NAN, -71.093020227999943 42.279301626000063 NAN))"
841,South Street,4748300.000000000000000,5,2,,2010,SLM,0.000227447835802,"MULTILINESTRING M ((-71.115245128999959 42.306641010000078 NAN, -71.115339766999966 42.306847834000052 NAN))"
842,Centre Street,4737100.000000000000000,5,2,,2011,SLM,0.000701051001750,"MULTILINESTRING M ((-71.117999293999958 42.308813163000025 NAN, -71.117699064999954 42.308880814000076 NAN, -71.117314412999974 42.308962810000025 NAN))"
843,Centre Street,4683100.000000000000000,5,2,,2010,SLM,0.000527210798503,"MULTILINESTRING M ((-71.114017454999953 42.316030931000057 NAN, -71.113945635999983 42.31621468700007 NAN, -71.113838632999943 42.316387070000076 NAN, -71.113762380999958 42.31648866300003 NAN))"
844,South Huntington Avenue,5127600.000000000000000,5,2,,2023,SBL,0.000536345105376,"MULTILINESTRING M ((-71.112090880999972 42.321610780000071 NAN, -71.112124046999952 42.321953001000054 NAN, -71.112139167999942 42.322144927000068 NAN))"
845,South Huntington Avenue,4635700.000000000000000,5,2,,2023,SBL,0.000783240954508,"MULTILINESTRING M ((-71.112202682999964 42.323133217000077 NAN, -71.112240227999962 42.323595312000066 NAN, -71.112258560999976 42.323914409000054 NAN))"
846,South Huntington Avenue,5127900.000000000000000,5,2,,2010,SLM,0.000778785022411,"MULTILINESTRING M ((-71.111297905999947 42.330074952000075 NAN, -71.111330475999978 42.330145813000058 NAN, -71.111579045999974 42.330759417000024 NAN, -71.111593200999948 42.330795497000054 NAN))"
847,Commonwealth Avenue,5249500.000000000000000,3,2,1,2018,SBL,0.002851001853984,"MULTILINESTRING M ((-71.113784929999952 42.350788207000051 NAN, -71.110953042999938 42.35045862000004 NAN))"
848,Commonwealth Avenue,5118900.000000000000000,3,2,1,2019,SBL,0.001451622400218,"MULTILINESTRING M ((-71.117237686999943 42.351214448000064 NAN, -71.115798412999936 42.351025509000067 NAN))"
849,Commonwealth Avenue,6294401.000000000000000,3,2,1,2019,SBL,0.002028775070066,"MULTILINESTRING M ((-71.113738742999942 42.35098513500003 NAN, -71.11575365799996 42.351221875000078 NAN))"
850,River Street,5047700.000000000000000,5,2,,2013,SLM,0.000920796403145,"MULTILINESTRING M ((-71.09912750999996 42.265141613000026 NAN, -71.098821577999956 42.265331859000071 NAN, -71.098328238999954 42.265597973000069 NAN))"
851,Centre Street,5600200.000000000000000,5,2,,2011,SLM,0.000149230126933,"MULTILINESTRING M ((-71.098535494999965 42.32261251500006 NAN, -71.098392845999967 42.322568687000057 NAN))"
852,Ruggles Street,5365300.000000000000000,5,2,,2010,SLM,0.000527828109396,"MULTILINESTRING M ((-71.092516071999967 42.336527514000068 NAN, -71.092025109999952 42.336333713000045 NAN))"
853,Morton Street,5106400.000000000000000,2,1,1,2013,BFBL,0.001025503050963,"MULTILINESTRING M ((-71.10571276099995 42.30017315300006 NAN, -71.105669534999947 42.300171409000029 NAN, -71.105382378999934 42.300182242000062 NAN, -71.105088240999976 42.300189673000034 NAN, -71.104842309999981 42.300184323000053 NAN, -71.104687713999965 42.300179854000078 NAN))"
854,Rossmore Street,4757500.000000000000000,0,2,,2017,SLMTC,0.000789839473561,"MULTILINESTRING M ((-71.106899561999967 42.304654051000057 NAN, -71.107117177999953 42.30482810500007 NAN, -71.107266079999988 42.304927645000078 NAN, -71.107388220999951 42.30500346000008 NAN, -71.107558467999979 42.305083943000056 NAN))"
855,Williams Street,4763700.000000000000000,0,2,,2017,SLMTC,0.002403546882529,"MULTILINESTRING M ((-71.105634566999981 42.304780821000065 NAN, -71.104960838999943 42.304178683000032 NAN, -71.104775232999941 42.303979421000065 NAN, -71.104626819999964 42.303832044000046 NAN, -71.104483495999943 42.303720139000063 NAN, -71.104313593999962 42.30361601900006 NAN, -71.104042440999933 42.303460348000044 NAN, -71.103761284999962 42.303297889000078 NAN))"
856,Centre Street,5827600.000000000000000,5,2,1,2010,SLM,0.000622712897055,"MULTILINESTRING M ((-71.109796265999933 42.321864792000042 NAN, -71.109255416999986 42.322173424000027 NAN))"
857,Huntington Avenue,5197400.000000000000000,3,2,,2013,SLM,0.000230050228423,"MULTILINESTRING M ((-71.109591499999965 42.333207673000061 NAN, -71.109362702999988 42.333231653000041 NAN))"
858,Brookline Avenue,6298100.000000000000000,2,2,,2013,SBL,0.000210649000280,"MULTILINESTRING M ((-71.105888087999972 42.340234251000027 NAN, -71.105731433999949 42.340375079000069 NAN))"
859,Commonwealth Avenue,6233700.000000000000000,3,2,1,2010,BL,0.002143536916523,"MULTILINESTRING M ((-71.106535500999939 42.350106401000062 NAN, -71.107755667999982 42.350247319000061 NAN, -71.108662934999984 42.350368011000057 NAN))"
860,Commonwealth Avenue,6225000.000000000000000,3,2,1,2010,BL,0.001350392778973,"MULTILINESTRING M ((-71.10362422299994 42.349741929000061 NAN, -71.104963436999981 42.34991532600003 NAN))"
861,River Street,5729800.000000000000000,5,2,,2013,SLM,0.000812763596626,"MULTILINESTRING M ((-71.101787712999965 42.263718818000029 NAN, -71.101349481999989 42.263898486000073 NAN, -71.101048329999969 42.264054428000065 NAN))"
862,Walk Hill Street,5168200.000000000000000,5,2,,2015,BL,0.000359402583180,"MULTILINESTRING M ((-71.102408390999983 42.284329624000065 NAN, -71.102446038999972 42.284358892000057 NAN, -71.102694928999938 42.284546564000038 NAN))"
863,Morton Street,5688300.000000000000000,2,1,1,2013,BFBL,0.006317513801352,
864,Centre Street,4637200.000000000000000,5,2,,2010,BLSL,0.000721407366337,"MULTILINESTRING M ((-71.102465773999938 42.322927209000056 NAN, -71.102108101999988 42.322922034000044 NAN, -71.101745040999958 42.322900519000029 NAN))"
865,Longwood Avenue,5196700.000000000000000,5,2,,2015,BLSL,0.001143406803134,"MULTILINESTRING M ((-71.103098289999934 42.336993117000077 NAN, -71.102032856999983 42.336578109000072 NAN))"
866,Saint Alphonsus Street,5350900.000000000000000,5,2,,2015,BL,0.000486390501341,"MULTILINESTRING M ((-71.099546949999933 42.33560304000008 NAN, -71.09927629699996 42.336007172000052 NAN))"
867,Mountfort Street,5782500.000000000000000,0,2,,2017,BL,0.001058589470571,"MULTILINESTRING M ((-71.103741371999945 42.347992959000067 NAN, -71.104782863999958 42.348182448000045 NAN))"
868,Beacon Street,5742700.000000000000000,3,2,1,2020,SBL,0.000779154873795,"MULTILINESTRING M ((-71.102514316999986 42.347292976000062 NAN, -71.102431841999987 42.347313221000036 NAN, -71.101764708999951 42.347505291000061 NAN))"
869,Commonwealth Avenue,6224700.000000000000000,3,2,1,2008,BL,0.002551980574408,"MULTILINESTRING M ((-71.098019587999943 42.349077080000029 NAN, -71.100555145999977 42.349366131000068 NAN))"
870,River Street,5730200.000000000000000,5,2,1,2013,SLM,0.000225804517591,"MULTILINESTRING M ((-71.094260411999983 42.267476569000053 NAN, -71.094447484999932 42.267350112000031 NAN))"
871,Blue Hill Avenue,5175400.000000000000000,2,2,1,2010,SLM,0.000463656544478,"MULTILINESTRING M ((-71.093610582999986 42.269515715000068 NAN, -71.093607607999957 42.269979362000072 NAN))"
872,Blue Hill Avenue,6248000.000000000000000,2,2,1,2010,BL,0.000497654426918,"MULTILINESTRING M ((-71.093735761999937 42.27170333600003 NAN, -71.093752964999965 42.271205979000058 NAN))"
873,Blue Hill Avenue,5486002.000000000000000,2,2,1,2010,SLM,0.000031206198642,"MULTILINESTRING M ((-71.093510711999954 42.273284605000072 NAN, -71.093509108999967 42.273315770000067 NAN))"
874,Blue Hill Avenue,5007300.000000000000000,2,2,1,2010,BL,0.002815110035273,"MULTILINESTRING M ((-71.093509108999967 42.273315770000067 NAN, -71.093451706999986 42.274852275000057 NAN, -71.093402030999982 42.276128842000048 NAN))"
875,Blue Hill Avenue,5124100.000000000000000,2,2,1,2010,BL,0.000826663962001,"MULTILINESTRING M ((-71.092726831999983 42.280113827000037 NAN, -71.092464452999934 42.28089774700004 NAN))"
876,Walnut Avenue,4720000.000000000000000,6,2,,2011,SLM,0.000668801475722,"MULTILINESTRING M ((-71.097848657999975 42.311075620000054 NAN, -71.097833211999955 42.311269129000038 NAN, -71.097796762999963 42.311427679000076 NAN, -71.09774611399996 42.311554109000042 NAN, -71.09763871399997 42.311693280000043 NAN))"
877,Walnut Avenue,5308300.000000000000000,6,2,,2011,SLM,0.000862987911373,"MULTILINESTRING M ((-71.09701802099994 42.31218612300006 NAN, -71.096798416999945 42.31225543000005 NAN, -71.096576382999956 42.312322015000063 NAN, -71.096391279999978 42.312400703000037 NAN, -71.096224894999978 42.312511265000069 NAN))"
878,Blue Hill Avenue,5691200.000000000000000,3,2,1,2012,BL,0.000583907019837,"MULTILINESTRING M ((-71.088422661999971 42.293106449000049 NAN, -71.088237810999942 42.29366032400003 NAN))"
879,Blue Hill Avenue,6278300.000000000000000,3,2,1,2012,SLM,0.002415919878116,"MULTILINESTRING M ((-71.088157212999988 42.294467498000074 NAN, -71.088912221999976 42.29217258400007 NAN))"
880,Blue Hill Avenue,6232000.000000000000000,3,2,1,2012,BL,0.000452872035334,"MULTILINESTRING M ((-71.087865929999964 42.295381227000064 NAN, -71.087997409999957 42.294947861000026 NAN))"
881,Blue Hill Avenue,6227400.000000000000000,3,2,1,2012,SLM,0.000364626457332,"MULTILINESTRING M ((-71.086826482999982 42.298807259000057 NAN, -71.08693277499998 42.298458469000025 NAN))"
882,Walnut Avenue,5598700.000000000000000,6,2,,2011,SLM,0.000146805937384,"MULTILINESTRING M ((-71.095145301999935 42.313290427000027 NAN, -71.095038141999964 42.313390770000069 NAN))"
883,Walnut Avenue,4698300.000000000000000,6,2,,2011,SLM,0.000406431637514,"MULTILINESTRING M ((-71.09439587199995 42.313884796000025 NAN, -71.094174255999974 42.314069697000036 NAN, -71.094088448999969 42.314150422000068 NAN))"
884,Walnut Avenue,4677700.000000000000000,6,2,,2011,SLM,0.001003194275952,"MULTILINESTRING M ((-71.093183715999942 42.31655214400007 NAN, -71.093090559999951 42.316684043000066 NAN, -71.092964213999949 42.316760123000051 NAN, -71.09272251699997 42.316852107000045 NAN, -71.092471043999979 42.316903548000028 NAN, -71.092293308999956 42.316924301000029 NAN))"
885,Ritchie Street,4642400.000000000000000,6,2,,2011,SLM,0.000393292408776,"MULTILINESTRING M ((-71.095782941999971 42.321979974000044 NAN, -71.095484404999979 42.322036879000052 NAN, -71.095398933999945 42.322063024000045 NAN))"
886,Huntington Avenue,5313200.000000000000000,3,2,1,2013,SLM,0.001719171735298,"MULTILINESTRING M ((-71.09710737599994 42.337039064000066 NAN, -71.096417112999973 42.337305778000029 NAN, -71.095493181999984 42.337630015000059 NAN))"
887,Huntington Avenue,6290000.000000000000000,3,2,1,2012,SLM,0.000250956441998,"MULTILINESTRING M ((-71.092233663999934 42.339145820000056 NAN, -71.092461774999947 42.339041204000068 NAN))"
888,Beacon Street,5459900.000000000000000,3,2,,2009,SLM,0.001130378015188,"MULTILINESTRING M ((-71.096234913999979 42.349032245000046 NAN, -71.096965293999972 42.348881515000073 NAN, -71.09734313499996 42.348809691000042 NAN))"
889,Bay State Road,5457900.000000000000000,6,2,,2019,CFBL,0.002416997556507,"MULTILINESTRING M ((-71.095284323999977 42.349957443000051 NAN, -71.095358596999972 42.349960157000055 NAN, -71.095838016999949 42.349989417000074 NAN, -71.096815193999987 42.350057554000045 NAN, -71.097695005999981 42.35013028700007 NAN))"
890,Commonwealth Avenue,6270102.000000000000000,3,2,1,2010,BL,0.000922220586846,"MULTILINESTRING M ((-71.091930909999974 42.349192895000044 NAN, -71.092852733999962 42.349165852000056 NAN))"
891,Babcock Street,5351200.000000000000000,0,2,,2014,SLM,0.000370318856465,"MULTILINESTRING M ((-71.121112776999951 42.352537760000075 NAN, -71.121040806999986 42.352901018000068 NAN))"
892,Babcock Street,4478800.000000000000000,0,2,,2014,BLSL,0.000954673017823,"MULTILINESTRING M ((-71.121040806999986 42.352901018000068 NAN, -71.12098777999995 42.353110161000075 NAN, -71.120833052999956 42.353832692000026 NAN))"
893,Western Avenue,4436000.000000000000000,5,2,,2021,SBL,0.001084761909157,"MULTILINESTRING M ((-71.119451925999954 42.36405933900005 NAN, -71.118807291999985 42.364072959000055 NAN, -71.118662402999973 42.364068538000026 NAN, -71.118533706999983 42.364052355000069 NAN, -71.118431871999974 42.364016008000078 NAN, -71.118380722999973 42.363990423000075 NAN))"
894,North Harvard Street,5872600.000000000000000,3,1,,,BL,0.000271036853293,"MULTILINESTRING M ((-71.123797872999944 42.36825715100008 NAN, -71.123620986999981 42.368462510000029 NAN))"
895,Cummins Highway,5161900.000000000000000,3,2,,2020,SBL,0.000276081458067,"MULTILINESTRING M ((-71.112744373999988 42.276329045000068 NAN, -71.112495257999967 42.27621004000008 NAN))"
896,Mount Hope Street,4944300.000000000000000,0,2,,2021,SLMTC,0.001466359425772,"MULTILINESTRING M ((-71.114853445999984 42.282365352000056 NAN, -71.114453921999939 42.282116428000052 NAN, -71.114030087999936 42.281845479000026 NAN, -71.113674352999965 42.281623707000051 NAN, -71.113609009999948 42.281590289000064 NAN))"
897,Washington Street,5629800.000000000000000,3,2,,2018,SBL,0.000627085026969,"MULTILINESTRING M ((-71.112678594999977 42.301151258000061 NAN, -71.112545613999941 42.301317203000053 NAN, -71.112273824999988 42.301630067000076 NAN))"
898,Seaverns Avenue,5612100.000000000000000,6,2,,2023,BL,0.002592100859957,"MULTILINESTRING M ((-71.111244909999982 42.311783042000059 NAN, -71.110777206999956 42.311536524000076 NAN, -71.109989988999985 42.31115460500007 NAN, -71.109584569999981 42.310942785000066 NAN, -71.108919698999955 42.310638923000056 NAN))"
899,Green Street,5212200.000000000000000,6,2,,2023,BFBL,0.001051547390071,"MULTILINESTRING M ((-71.108787134999943 42.311235484000065 NAN, -71.109403160999989 42.311500912000042 NAN, -71.109750688999952 42.31165651200007 NAN))"
900,Green Street,5528700.000000000000000,6,2,,2023,BL,0.000725261593415,"MULTILINESTRING M ((-71.106998187999977 42.310472003000029 NAN, -71.107657764999942 42.31077360300003 NAN))"
901,Seaverns Avenue,5530100.000000000000000,6,2,,2023,BL,0.000759612309225,"MULTILINESTRING M ((-71.113411115999952 42.312146978000044 NAN, -71.113271650999934 42.312114947000055 NAN, -71.112770729999966 42.311990030000061 NAN, -71.112672778999979 42.311968662000027 NAN))"
902,Green Street,4709600.000000000000000,6,2,,2023,BFBL,0.000301922969134,"MULTILINESTRING M ((-71.112223386999972 42.312698859000079 NAN, -71.112510912999937 42.312790980000045 NAN))"
903,Boylston Street,4663400.000000000000000,6,2,,2023,CFBL,0.001384448475615,"MULTILINESTRING M ((-71.110478652999973 42.318845358000033 NAN, -71.110700441999938 42.318965400000025 NAN, -71.110888855999974 42.31908926400007 NAN, -71.111340207999945 42.319361444000037 NAN, -71.111577907999958 42.31948434800006 NAN, -71.111669639999946 42.319548804000078 NAN))"
904,Washington Street,4744200.000000000000000,3,2,,2016,SLM,0.000314120330696,"MULTILINESTRING M ((-71.106603332999953 42.307373065000036 NAN, -71.106382296999982 42.307596257000057 NAN))"
905,Boylston Street,4675400.000000000000000,6,2,,2023,CFBL,0.001374226851326,"MULTILINESTRING M ((-71.105369196999959 42.316982882000048 NAN, -71.105576418999988 42.316945330000067 NAN, -71.105665396999939 42.316931571000055 NAN, -71.105755393999971 42.316937504000066 NAN, -71.10586066999997 42.316955311000072 NAN, -71.106125746999965 42.31703162000008 NAN, -71.106379133999951 42.317128705000073 NAN, -71.106673523999973 42.317276572000026 NAN))"
906,Washington Street,5734000.000000000000000,3,2,,2016,SLM,0.000333660572092,"MULTILINESTRING M ((-71.103292987999964 42.310716907000028 NAN, -71.103068534999977 42.310963788000038 NAN))"
907,Washington Street,5734200.000000000000000,3,2,,2016,SLM,0.000715500462816,"MULTILINESTRING M ((-71.103068534999977 42.310963788000038 NAN, -71.102809105999938 42.311230733000059 NAN, -71.102565943999934 42.311473013000068 NAN))"
908,Washington Street,4701300.000000000000000,3,2,,2016,SLM,0.001417697898586,"MULTILINESTRING M ((-71.10047394999998 42.313602798000034 NAN, -71.099921421999966 42.314148930000044 NAN, -71.099702998999987 42.314370430000054 NAN, -71.099481210999954 42.314614428000027 NAN))"
909,Washington Street,4688900.000000000000000,3,2,,2016,SLM,0.000757007025876,"MULTILINESTRING M ((-71.09896656799998 42.315131430000065 NAN, -71.098644901999933 42.315462853000042 NAN, -71.098435809999955 42.315671168000051 NAN))"
910,Park Drive,4544700.000000000000000,3,3,,2019,BL,0.001599341137224,"MULTILINESTRING M ((-71.099795306999965 42.340812970000059 NAN, -71.099993350999966 42.340889624000056 NAN, -71.100180697999974 42.340978616000029 NAN, -71.100308971999937 42.341054459000077 NAN, -71.100452923999967 42.341169188000038 NAN, -71.100767618999953 42.341449934000025 NAN, -71.101071795999985 42.34174639500003 NAN))"
911,River Street,5113900.000000000000000,5,2,,2023,SBLSL,0.000927784303065,"MULTILINESTRING M ((-71.092867370999954 42.268191119000051 NAN, -71.092823909999936 42.268231681000032 NAN, -71.092526026999963 42.268519849000029 NAN, -71.092375405999974 42.268645355000046 NAN, -71.092162625999947 42.268776269000057 NAN, -71.092155808999962 42.268780443000026 NAN))"
912,Walnut Entrance,5313000.000000000000000,0,2,,,SUP,0.000715144991410,"MULTILINESTRING M ((-71.096423437999988 42.311795587000063 NAN, -71.096613764999972 42.311958233000041 NAN, -71.096772963999967 42.312062612000034 NAN, -71.09701802099994 42.31218612300006 NAN))"
913,Washington Street,5162400.000000000000000,3,2,,2016,SLM,0.000174920816881,"MULTILINESTRING M ((-71.098304559999974 42.31580565400003 NAN, -71.098188022999977 42.315936101000034 NAN))"
914,Washington Street,4679500.000000000000000,3,2,,2016,SLM,0.000865731685407,"MULTILINESTRING M ((-71.097701122999979 42.316427371000032 NAN, -71.097307959999966 42.316822691000027 NAN, -71.097086348999937 42.31703686000003 NAN))"
915,Washington Street,4670000.000000000000000,3,2,,2016,SLM,0.001593417792796,"MULTILINESTRING M ((-71.096421398999951 42.317695680000043 NAN, -71.095913715999984 42.318212130000063 NAN, -71.095305843999938 42.318833447000031 NAN))"
916,Washington Street,4662900.000000000000000,3,2,,2016,SLM,0.001776312269636,"MULTILINESTRING M ((-71.095305843999938 42.318833447000031 NAN, -71.095041407999986 42.319102606000058 NAN, -71.094355164999968 42.319764718000044 NAN, -71.094040380999957 42.320079832000033 NAN))"
917,Ruggles Street,4586300.000000000000000,5,2,,2023,SBLBL,0.000372211474593,"MULTILINESTRING M ((-71.087043755999957 42.333854752000036 NAN, -71.08671557699995 42.333679139000026 NAN))"
918,Ruggles Street,4591900.000000000000000,5,2,,2023,SBLBL,0.000942018107175,"MULTILINESTRING M ((-71.085866087999989 42.33317194600005 NAN, -71.085562545999949 42.333000889000061 NAN, -71.085037863999958 42.332723284000053 NAN))"
919,Norfolk Street,4942900.000000000000000,5,2,,2017,BL,0.001012848079794,"MULTILINESTRING M ((-71.086975265999968 42.281657413000062 NAN, -71.086384157999987 42.282188156000075 NAN, -71.086204517999988 42.282312422000075 NAN))"
920,Blue Hill Avenue,4918100.000000000000000,3,2,1,2023,SBL,0.000615456944601,"MULTILINESTRING M ((-71.091382149999959 42.284245228000032 NAN, -71.091165299999943 42.284821217000058 NAN))"
921,Blue Hill Avenue,5111000.000000000000000,3,2,1,2010,BL,0.000686537471985,"MULTILINESTRING M ((-71.09057889099995 42.286561212000038 NAN, -71.090367213999968 42.287214302000052 NAN))"
922,Blue Hill Avenue,5111100.000000000000000,3,2,1,2010,BL,0.000673204713278,"MULTILINESTRING M ((-71.090367213999968 42.287214302000052 NAN, -71.090222086999972 42.287654933000056 NAN, -71.090155436999964 42.287853326000061 NAN))"
923,Blue Hill Avenue,4871900.000000000000000,3,2,1,2010,BL,0.001720959225834,"MULTILINESTRING M ((-71.090155436999964 42.287853326000061 NAN, -71.089614006999966 42.289486897000074 NAN))"
924,Warren Street,5601500.000000000000000,5,2,1,2011,BL,0.000998409362413,"MULTILINESTRING M ((-71.081923988999961 42.321735708000062 NAN, -71.082003780999969 42.321995399000059 NAN, -71.08215385699998 42.322405579000076 NAN, -71.082244353999954 42.322681059000047 NAN))"
925,Warren Street,5601400.000000000000000,5,2,1,2011,BL,0.001040006072115,"MULTILINESTRING M ((-71.081621388999963 42.320740904000047 NAN, -71.081899570999951 42.321672602000035 NAN, -71.081923988999961 42.321735708000062 NAN))"
926,Walnut Avenue,5741400.000000000000000,6,2,,2011,BLSL,0.000864782937555,"MULTILINESTRING M ((-71.084602627999971 42.322836506000044 NAN, -71.084581958999934 42.322864526000046 NAN, -71.084437088999948 42.323073319000059 NAN, -71.084222518999979 42.323388776000058 NAN, -71.084097377999967 42.323537437000027 NAN))"
927,Martin Luther King Boulevard,6239700.000000000000000,5,2,1,2010,BL,0.002734942181558,"MULTILINESTRING M ((-71.088605944999983 42.319982295000045 NAN, -71.088101356999971 42.319778486000075 NAN, -71.087686478999956 42.319595812000045 NAN, -71.087421205999988 42.319492455000045 NAN, -71.086773320999953 42.319259986000077 NAN, -71.08604274299995 42.31903509600005 NAN))"
928,Massachusetts Avenue,5200600.000000000000000,3,2,,2016,SBLBL,0.000473295672465,"MULTILINESTRING M ((-71.088315750999982 42.348486569000045 NAN, -71.088520503999973 42.348872989000029 NAN, -71.088533016999975 42.348906724000074 NAN))"
929,Massachusetts Avenue,5200500.000000000000000,3,2,,2016,SBLBL,0.000399091226989,"MULTILINESTRING M ((-71.088141596999947 42.348127481000063 NAN, -71.088315750999982 42.348486569000045 NAN))"
930,Boylston Street,5809600.000000000000000,3,2,,2024,SBLSL,0.001498468667189,"MULTILINESTRING M ((-71.089203505999933 42.346912300000042 NAN, -71.087758295999947 42.347308250000026 NAN))"
931,Massachusetts Avenue,5200400.000000000000000,3,2,,2016,SBL,0.000439398060872,"MULTILINESTRING M ((-71.087548543999958 42.346922148000033 NAN, -71.087758295999947 42.347308250000026 NAN))"
932,Commonwealth Avenue,6209300.000000000000000,3,2,1,2010,BL,0.001561378336173,"MULTILINESTRING M ((-71.084709828999962 42.350343103000057 NAN, -71.086216046999937 42.349931752000032 NAN))"
933,Massachusetts Avenue,5770300.000000000000000,3,2,1,2011,BL,0.001944560898293,"MULTILINESTRING M ((-71.08031940099994 42.339343009000061 NAN, -71.080416249999985 42.339435083000069 NAN, -71.080937718999962 42.339945085000068 NAN, -71.081300307999982 42.340309902000058 NAN, -71.081478706999974 42.340457973000071 NAN, -71.081746049999936 42.340660385000035 NAN))"
934,Massachusetts Avenue,5273600.000000000000000,3,2,1,2011,BL,0.001462290070647,"MULTILINESTRING M ((-71.078591785999947 42.337882054000033 NAN, -71.079236998999988 42.338417378000031 NAN, -71.079715913999962 42.338817267000024 NAN))"
935,Huntington Avenue,5978500.000000000000000,3,2,1,2022,SBL,0.000442948155213,"MULTILINESTRING M ((-71.085192460999963 42.342426357000079 NAN, -71.084852916999978 42.342710809000039 NAN))"
936,Huntington Avenue,5595800.000000000000000,3,2,1,2014,BL,0.001191931970372,"MULTILINESTRING M ((-71.079581387999951 42.346941123000079 NAN, -71.078681261999975 42.347722452000028 NAN))"
937,Beacon Street,4477200.000000000000000,3,2,,2018,SBL,0.002227089389650,"MULTILINESTRING M ((-71.079117748999977 42.35366676700005 NAN, -71.081261422999944 42.353062955000041 NAN))"
938,Cambridge Street,5226900.000000000000000,3,2,,2011,BL,0.000433126452215,"MULTILINESTRING M ((-71.079239317999964 42.382342796000046 NAN, -71.079639724999936 42.382289385000036 NAN, -71.079668771999934 42.382286678000071 NAN))"
939,Beacon Street,4491700.000000000000000,3,2,,2018,SBL,0.002585681885862,"MULTILINESTRING M ((-71.087003053999979 42.351536467000074 NAN, -71.089497742999981 42.350856557000043 NAN))"
940,Old Road,6282800.000000000000000,0,2,1,2009,BL,0.000555657398548,"MULTILINESTRING M ((-71.08556714499997 42.30188486000003 NAN, -71.085368718999973 42.30187079500007 NAN, -71.085286473999986 42.301906695000071 NAN, -71.085135473999969 42.301984107000067 NAN, -71.085075089999975 42.302060413000049 NAN))"
941,Blue Hill Avenue,5223000.000000000000000,5,2,1,2010,BL,0.000827237891867,"MULTILINESTRING M ((-71.084591978999981 42.305249669000034 NAN, -71.084530017999953 42.305507718000058 NAN, -71.084518710999987 42.305579502000057 NAN, -71.084479002999956 42.305831643000033 NAN, -71.084439398999962 42.306062203000067 NAN))"
942,Columbia Road,6257900.000000000000000,5,2,1,2010,SLM,0.000645664866238,"MULTILINESTRING M ((-71.084389098999964 42.303533303000052 NAN, -71.084563844999934 42.303529432000062 NAN, -71.085033298999974 42.303492865000067 NAN))"
943,Blue Hill Avenue,5223100.000000000000000,5,2,1,2010,BL,0.000717221272058,"MULTILINESTRING M ((-71.084439398999962 42.306062203000067 NAN, -71.08441111999997 42.306212339000069 NAN, -71.084344384999952 42.30644729900007 NAN, -71.084249326999952 42.306753055000058 NAN))"
944,Blue Hill Avenue,6240600.000000000000000,5,2,1,2010,BL,0.000725578874672,"MULTILINESTRING M ((-71.084029997999949 42.307425798000054 NAN, -71.084189727999956 42.307199614000069 NAN, -71.084299288999944 42.307023327000024 NAN, -71.084403619999989 42.306805946000054 NAN))"
945,Blue Hill Avenue,6290400.000000000000000,5,2,1,2010,BL,0.001089917930584,"MULTILINESTRING M ((-71.083254400999976 42.308478026000046 NAN, -71.083686513999965 42.307900027000073 NAN, -71.083898096999974 42.30759862900004 NAN))"
946,Warren Street,5601100.000000000000000,5,2,1,2011,BL,0.001318269320483,"MULTILINESTRING M ((-71.082927188999975 42.32471821200005 NAN, -71.083039084999939 42.324998834000041 NAN, -71.083164586999942 42.325343091000036 NAN, -71.08327597899995 42.325613580000038 NAN, -71.083305578999955 42.325753236000025 NAN, -71.083309438999947 42.325915864000081 NAN, -71.083308148999947 42.325967629000047 NAN))"
947,Dorchester Avenue,5590100.000000000000000,3,2,,2011,BLSL,0.001077820418974,"MULTILINESTRING M ((-71.057102326999939 42.34057709800004 NAN, -71.057103137999945 42.340461189000052 NAN, -71.057115130999989 42.340237287000036 NAN, -71.057122379999953 42.339499637000074 NAN))"
948,Massachusetts Avenue,5831400.000000000000000,3,2,1,2011,BL,0.001856694277310,"MULTILINESTRING M ((-71.075067331999946 42.33503058000008 NAN, -71.076516995999953 42.336190661000046 NAN))"
949,Columbus Avenue,5845500.000000000000000,3,2,,2009,BL,0.000848759890536,"MULTILINESTRING M ((-71.076502551999965 42.344835430000046 NAN, -71.07584266899994 42.345369235000078 NAN))"
950,Dartmouth Street,4523800.000000000000000,5,2,,2011,SLM,0.000509628562210,"MULTILINESTRING M ((-71.074872161999963 42.34511357000008 NAN, -71.07509681099998 42.34557101300004 NAN))"
951,Columbia Road,5392300.000000000000000,5,2,1,2010,SLM,0.000579033601158,"MULTILINESTRING M ((-71.066820082999982 42.31514833500006 NAN, -71.066643782999961 42.315378152000051 NAN, -71.066471128999979 42.31560255100004 NAN, -71.066467319999958 42.315607506000049 NAN))"
952,Norfolk Street,5217700.000000000000000,5,2,,2017,BL,0.000584228497065,"MULTILINESTRING M ((-71.079574072999947 42.286339717000033 NAN, -71.079444390999981 42.286497354000062 NAN, -71.079186825999955 42.286776888000077 NAN))"
953,Talbot Avenue,5847400.000000000000000,5,2,,2010,SLM,0.000863903993447,"MULTILINESTRING M ((-71.079534280999951 42.292447562000063 NAN, -71.078705842999966 42.292202571000075 NAN))"
954,New England Avenue,4841000.000000000000000,0,2,,2018,SLMTC,0.001214870721314,"MULTILINESTRING M ((-71.077181942999971 42.29174738100005 NAN, -71.077356713999961 42.291535893000059 NAN, -71.077954025999986 42.290809406000051 NAN))"
955,Talbot Avenue,5759500.000000000000000,5,2,,2010,SLM,0.000277413912926,"MULTILINESTRING M ((-71.076105969999958 42.291432816000054 NAN, -71.075840468999957 42.291352394000057 NAN))"
956,Talbot Avenue,4839200.000000000000000,5,2,,2010,SLM,0.000563288930975,"MULTILINESTRING M ((-71.07519393299998 42.291168919000029 NAN, -71.074652727999933 42.291012741000031 NAN))"
957,Norfolk Street,4860100.000000000000000,5,2,,2017,BL,0.000859730709338,"MULTILINESTRING M ((-71.073887960999969 42.289053997000053 NAN, -71.073244228999954 42.289213664000044 NAN, -71.073059248999982 42.289279935000025 NAN))"
958,Geneva Avenue,5573200.000000000000000,5,2,,2016,SLM,0.000186047453996,"MULTILINESTRING M ((-71.078258939999955 42.306049252000037 NAN, -71.078407530999982 42.306161209000038 NAN))"
959,Columbia Road,6239000.000000000000000,5,2,1,2010,BL,0.000829268586779,"MULTILINESTRING M ((-71.077630708999948 42.306446451000056 NAN, -71.077702551999948 42.306415767000033 NAN, -71.077917754999987 42.306314709000048 NAN, -71.078150624999978 42.306235663000052 NAN, -71.078407530999982 42.306161209000038 NAN))"
960,Geneva Avenue,4753200.000000000000000,5,2,,2016,SLM,0.001045298114105,"MULTILINESTRING M ((-71.078258939999955 42.306049252000037 NAN, -71.077961032999951 42.305849527000078 NAN, -71.077466652999988 42.305529228000069 NAN, -71.077379963999988 42.305484460000059 NAN))"
961,Columbia Road,5733000.000000000000000,5,2,1,2010,BFBL,0.000946130690916,"MULTILINESTRING M ((-71.073083784999938 42.309535267000058 NAN, -71.072292626999968 42.310054143000059 NAN))"
962,Dartmouth Street,4525400.000000000000000,5,2,,2011,SLM,0.000309230384923,"MULTILINESTRING M ((-71.074736543999961 42.344835665000062 NAN, -71.074872161999963 42.34511357000008 NAN))"
963,Dartmouth Street,5663200.000000000000000,5,2,,2011,SLM,0.000339493494424,"MULTILINESTRING M ((-71.07448885499997 42.344305827000028 NAN, -71.074632627999961 42.344613374000062 NAN))"
964,St James Avenue,4501900.000000000000000,3,2,,2015,SLM,0.001113415848768,"MULTILINESTRING M ((-71.075874483999939 42.349619860000075 NAN, -71.076413764999984 42.349486803000048 NAN, -71.076569764999988 42.349441237000065 NAN, -71.076683992999961 42.349403393000046 NAN, -71.076824332999934 42.349345955000047 NAN, -71.076933570999984 42.34928840300006 NAN))"
965,Stuart Street,4508300.000000000000000,3,2,,2017,BL,0.001102589836456,"MULTILINESTRING M ((-71.076452840999934 42.348295748000055 NAN, -71.07538855699994 42.348583852000047 NAN))"
966,Dartmouth Street,5269200.000000000000000,5,2,,2024,SBL,0.000418544267944,"MULTILINESTRING M ((-71.078723021999963 42.352849433000074 NAN, -71.078850263999982 42.353108168000063 NAN, -71.078906500999949 42.353225612000074 NAN))"
967,Dartmouth Street,4486900.000000000000000,5,2,,2024,SBL,0.000406642989445,"MULTILINESTRING M ((-71.078136387999962 42.351701756000068 NAN, -71.078319978999957 42.352064596000048 NAN))"
968,Commonwealth Avenue,4483200.000000000000000,3,2,1,2010,BL,0.002220646304777,"MULTILINESTRING M ((-71.075981879999972 42.352268704000039 NAN, -71.073842628999955 42.352864418000081 NAN))"
969,Beacon Street,4465500.000000000000000,3,2,,2024,SBL,0.001816662331949,"MULTILINESTRING M ((-71.07306119499998 42.355305023000028 NAN, -71.074815194999985 42.354832005000048 NAN))"
970,Cambridge Street,45727700.000000000000000,3,2,,2011,BL,0.000809045804625,"MULTILINESTRING M ((-71.075394847999974 42.383567270000071 NAN, -71.07616010199996 42.383304703000078 NAN))"
971,Sullivan Square,5619400.000000000000000,3,2,,2014,BFBL,0.001092569502026,"MULTILINESTRING M ((-71.072737520999965 42.38498416200008 NAN, -71.072803718999978 42.385052315000053 NAN, -71.072892295999964 42.385138018000077 NAN, -71.07298108599997 42.385192048000079 NAN, -71.073090363999938 42.385237894000056 NAN, -71.073194301999933 42.38524929600004 NAN, -71.073329906999959 42.385247048000053 NAN, -71.073461975999976 42.385218618000067 NAN, -71.073596118999944 42.385158527000044 NAN, -71.073695126999951 42.385074902000042 NAN))"
972,Dorchester Avenue,5398401.000000000000000,3,2,,2010,SLM,0.000346061699084,"MULTILINESTRING M ((-71.067885403999981 42.272931633000042 NAN, -71.067876815999966 42.27296672600005 NAN, -71.067797709999979 42.273261842000068 NAN, -71.067796495999971 42.273266070000034 NAN))"
973,Talbot Avenue,4847300.000000000000000,5,2,,2010,SLM,0.000393528298514,"MULTILINESTRING M ((-71.071996421999984 42.290225240000041 NAN, -71.071602895999945 42.290226585000028 NAN))"
974,Geneva Avenue,4771200.000000000000000,5,2,,2016,SLM,0.000731116508010,"MULTILINESTRING M ((-71.069523167999932 42.302292427000054 NAN, -71.069024398999943 42.301986705000047 NAN, -71.068897548999985 42.30191420500006 NAN))"
975,Geneva Avenue,4762800.000000000000000,5,2,,2016,SLM,0.000837570791727,"MULTILINESTRING M ((-71.071426490999954 42.30341535000008 NAN, -71.071559346999948 42.303496873000029 NAN, -71.071680620999985 42.303582291000055 NAN, -71.07188851899997 42.303833461000067 NAN, -71.072023328999933 42.303990955000074 NAN))"
976,Columbia Road,6230000.000000000000000,5,2,1,2010,BL,0.001128760441338,"MULTILINESTRING M ((-71.069298756999956 42.311993444000052 NAN, -71.069582726999954 42.311762118000047 NAN, -71.069720727999936 42.311647281000035 NAN, -71.069936263999978 42.311501790000079 NAN, -71.070217463999938 42.311343038000075 NAN))"
977,Columbia Road,6230200.000000000000000,5,2,1,2010,BL,0.001200658250627,"MULTILINESTRING M ((-71.067898486999979 42.313774155000033 NAN, -71.068237901999964 42.313197552000076 NAN, -71.068352473999937 42.31298922600007 NAN, -71.068485196999973 42.31275902200008 NAN, -71.068499570999961 42.31273488000005 NAN))"
978,Albany Street,5677500.000000000000000,5,2,,2012,BL,0.001271628811996,"MULTILINESTRING M ((-71.072463318999951 42.334251037000058 NAN, -71.07199804399994 42.334578216000068 NAN, -71.071434600999964 42.334998345000031 NAN))"
979,Albany Street,5678100.000000000000000,5,2,,2012,BL,0.000317879868248,"MULTILINESTRING M ((-71.069284489999973 42.336517895000043 NAN, -71.069023111999968 42.336698807000062 NAN))"
980,Washington Street,5133100.000000000000000,3,2,,2011,SLM,0.001120896237235,"MULTILINESTRING M ((-71.067928201999962 42.342133600000068 NAN, -71.06757857499997 42.342406874000062 NAN, -71.067061443999933 42.34282750300008 NAN, -71.067067709999947 42.342819023000061 NAN))"
981,Berkeley Street,5764700.000000000000000,3,2,,2023,SBL,0.000316272712435,"MULTILINESTRING M ((-71.070823146999942 42.346687547000045 NAN, -71.070957451999959 42.346973887000047 NAN))"
982,Washington Street,5716300.000000000000000,3,2,,2016,SLM,0.002894974249177,"MULTILINESTRING M ((-71.091941433999978 42.321700251000038 NAN, -71.091784336999979 42.321810539000069 NAN, -71.091498860999934 42.322016032000079 NAN, -71.091084756999976 42.322326286000077 NAN, -71.090463674999967 42.322778163000066 NAN, -71.089835725999933 42.323236198000075 NAN, -71.089600188999952 42.323402843000054 NAN))"
983,Boylston Street,5626800.000000000000000,3,2,,2024,SBL,0.001169343522051,"MULTILINESTRING M ((-71.086734165999985 42.347596645000067 NAN, -71.086471187999962 42.347664307000059 NAN, -71.085602853999944 42.347892434000073 NAN))"
984,Morton Street,5135600.000000000000000,2,1,1,2020,BL,0.000792623744952,"MULTILINESTRING M ((-71.081102237999971 42.279402265000044 NAN, -71.080438824999987 42.278968519000045 NAN))"
985,Selden Street,4952800.000000000000000,0,2,,2021,SLMTC,0.002541700588642,"MULTILINESTRING M ((-71.081595555999968 42.280629603000079 NAN, -71.080726225999967 42.280831254000077 NAN, -71.079732275999959 42.281027940000058 NAN, -71.079111700999988 42.281167462000042 NAN))"
986,Tremont Street,4546000.000000000000000,3,2,,2023,SBL,0.000855097384977,"MULTILINESTRING M ((-71.078074466999965 42.34052895800005 NAN, -71.077972468999974 42.340581889000077 NAN, -71.077318042999934 42.340927718000046 NAN))"
987,Tremont Street,4543500.000000000000000,3,2,,2023,SBL,0.000836499046972,"MULTILINESTRING M ((-71.077318042999934 42.340927718000046 NAN, -71.076592661999939 42.341344315000072 NAN))"
988,Tremont Street,4541400.000000000000000,3,2,,2023,SBL,0.000690733924612,"MULTILINESTRING M ((-71.076592661999939 42.341344315000072 NAN, -71.075982390999968 42.341667862000065 NAN))"
989,Milton Avenue,4922100.000000000000000,6,2,,2021,SLMTC,0.000793202534896,"MULTILINESTRING M ((-71.076631722999934 42.28378329700007 NAN, -71.076831165999977 42.28404512000003 NAN, -71.077085650999948 42.284433189000026 NAN))"
990,Milton Avenue,4940700.000000000000000,6,2,,2021,SLMTC,0.000401764162185,"MULTILINESTRING M ((-71.076027308999983 42.281815033000044 NAN, -71.076060004999988 42.281940066000061 NAN, -71.076102911999953 42.282209194000075 NAN))"
991,Norwell Street,4780300.000000000000000,0,2,,2021,SLMTC,0.001010217883406,"MULTILINESTRING M ((-71.078841646999933 42.29978810800003 NAN, -71.078861339999946 42.300131983000028 NAN, -71.078836395999986 42.300577542000042 NAN, -71.078818831999968 42.300796361000039 NAN))"
992,Norwell Street,5273100.000000000000000,0,2,,2021,SLMTC,0.000831146253771,"MULTILINESTRING M ((-71.07759071199996 42.302131054000029 NAN, -71.077787175999958 42.302052998000079 NAN, -71.077999888999955 42.301981193000074 NAN, -71.078289084999938 42.301864653000052 NAN, -71.07836234399997 42.301824703000079 NAN))"
993,Quincy Street,4703300.000000000000000,5,2,,2019,SLM,0.000553566946708,"MULTILINESTRING M ((-71.076185726999938 42.31343195200003 NAN, -71.075668674999974 42.313234231000081 NAN))"
994,Tremont Street,4537500.000000000000000,3,2,,2023,SBL,0.000848752958734,"MULTILINESTRING M ((-71.075349685999981 42.341999198000053 NAN, -71.074601894999944 42.342400683000051 NAN))"
995,Berkeley Street,5170300.000000000000000,3,2,,2024,SBL,0.000436879502693,"MULTILINESTRING M ((-71.073265037999988 42.351666970000053 NAN, -71.073456402999966 42.35205970800007 NAN))"
996,Washington Street,5147000.000000000000000,5,2,,,SLM,0.000172741768552,"MULTILINESTRING M ((-71.071171309999954 42.286279395000065 NAN, -71.071170331999951 42.286452134000058 NAN))"
997,Quincy Street,5835000.000000000000000,5,2,,2019,SLM,0.000437890352615,"MULTILINESTRING M ((-71.071932647999972 42.311993719000043 NAN, -71.071517511999957 42.311854399000026 NAN))"
998,Tremont Street,4529900.000000000000000,3,2,,2023,SBL,0.000313987732218,"MULTILINESTRING M ((-71.071863966999956 42.343841434000069 NAN, -71.071584435999966 42.343984440000042 NAN))"
999,Tremont Street,4528800.000000000000000,3,2,,2023,SBL,0.000581750067693,"MULTILINESTRING M ((-71.071584435999966 42.343984440000042 NAN, -71.071076013999971 42.344267177000063 NAN))"
1000,Arlington Street,5318200.000000000000000,3,2,,2024,SBL,0.000521347224664,"MULTILINESTRING M ((-71.069897862999937 42.35015640000006 NAN, -71.069716099999937 42.34966776400006 NAN))"
1001,Arlington Street,5318100.000000000000000,3,2,,2024,SBL,0.000323214786616,"MULTILINESTRING M ((-71.069716099999937 42.34966776400006 NAN, -71.069624130999955 42.349357910000037 NAN))"
1002,Arlington Street,5317800.000000000000000,3,2,,2024,SBL,0.000158874456668,"MULTILINESTRING M ((-71.069447108999952 42.348758700000076 NAN, -71.069387044999985 42.348611617000074 NAN))"
1003,Arlington Street,5317500.000000000000000,3,2,,2024,SBL,0.000078508835197,"MULTILINESTRING M ((-71.069228214999953 42.348152994000031 NAN, -71.069192474999966 42.348083092000024 NAN))"
1004,Adams Street,5695700.000000000000000,5,2,,2017,BL,0.000289036094370,"MULTILINESTRING M ((-71.066386952999949 42.272404607000055 NAN, -71.066113490999953 42.272498204000044 NAN))"
1005,Adams Street,5868600.000000000000000,5,2,,2017,BFBL,0.000192733140860,"MULTILINESTRING M ((-71.060452736999935 42.277093886000046 NAN, -71.060314779999942 42.277228474000026 NAN))"
1006,Dorchester Avenue,5198700.000000000000000,3,2,,2010,SLM,0.000432032567917,"MULTILINESTRING M ((-71.064422220999973 42.285291803000064 NAN, -71.064351968999972 42.285535179000078 NAN, -71.064303424999935 42.285707180000031 NAN))"
1007,Dorchester Avenue,4883000.000000000000000,3,2,,2011,SLM,0.000582395118362,"MULTILINESTRING M ((-71.063965272999951 42.286942687000078 NAN, -71.063796987999979 42.287500239000053 NAN))"
1008,Ashmont Street,5574500.000000000000000,5,2,,2013,SLM,0.000239541210410,"MULTILINESTRING M ((-71.061007448999987 42.286677085000065 NAN, -71.060772218999944 42.286722327000064 NAN))"
1009,Dorchester Avenue,5152500.000000000000000,3,2,,2011,SLM,0.000419186709940,"MULTILINESTRING M ((-71.062611294999954 42.291817750000064 NAN, -71.062489220999964 42.292218768000055 NAN))"
1010,Geneva Avenue,5687200.000000000000000,5,2,,2016,SLM,0.000338194204998,"MULTILINESTRING M ((-71.064090961999966 42.299082714000065 NAN, -71.063943998999946 42.299002216000076 NAN, -71.063919081999984 42.298988566000048 NAN, -71.063799859999961 42.298911028000077 NAN))"
1011,Dorchester Avenue,4785200.000000000000000,3,2,,2011,SLM,0.001162062446250,"MULTILINESTRING M ((-71.06065343399996 42.298655955000072 NAN, -71.060480899999959 42.299162281000065 NAN, -71.060306929999967 42.299764816000049 NAN))"
1012,D Street,5591300.000000000000000,5,2,,2013,BLSL,0.000122332608248,"MULTILINESTRING M ((-71.055220866999946 42.33514161800008 NAN, -71.055308111999977 42.335055865000072 NAN))"
1013,Dorchester Avenue,46178200.000000000000000,3,2,1,2011,BFBL,0.001083440920217,"MULTILINESTRING M ((-71.057230734999962 42.34163940500008 NAN, -71.057184379999967 42.340735902000063 NAN, -71.057102326999939 42.34057709800004 NAN))"
1014,Dorchester Avenue,4536500.000000000000000,3,2,1,2011,SLM,0.000632364142334,"MULTILINESTRING M ((-71.057060449999938 42.342188899000064 NAN, -71.057078209999986 42.342660958000067 NAN, -71.057163967999941 42.342796000000078 NAN))"
1015,Mount Vernon Street,6305001.000000000000000,6,2,1,2013,BFBL,0.004259624870195,"MULTILINESTRING M ((-71.04894115899998 42.32009546900008 NAN, -71.048933708999982 42.320092851000027 NAN, -71.04777977599997 42.319710753000038 NAN, -71.046646487999965 42.319307342000059 NAN, -71.04593411999997 42.319076272000075 NAN, -71.044902701999945 42.318741702000068 NAN))"
1016,Old Colony Avenue,5736900.000000000000000,3,3,1,2016,BFBL,0.001501572574911,"MULTILINESTRING M ((-71.052535076999959 42.32681864500006 NAN, -71.052474594999978 42.325318291000031 NAN))"
1017,Columbia Road,5392500.000000000000000,5,2,1,2010,SLM,0.000809494997665,"MULTILINESTRING M ((-71.066029887999946 42.316156842000055 NAN, -71.065862382999967 42.316362715000025 NAN, -71.065723530999946 42.316515808000077 NAN, -71.065597767999975 42.316640247000066 NAN, -71.065476688999979 42.316745578000052 NAN))"
1018,Kneeland Street,5760500.000000000000000,3,2,,2017,SBLBL,0.000187317846726,"MULTILINESTRING M ((-71.062187006999977 42.350804186000062 NAN, -71.062004805999948 42.350760703000049 NAN))"
1019,Essex Street,5293600.000000000000000,5,2,,2012,SLM,0.000546984498852,"MULTILINESTRING M ((-71.060666212999934 42.352556793000076 NAN, -71.06013530599995 42.352567141000065 NAN, -71.060119337999936 42.352566615000057 NAN))"
1020,Winter Street,5419400.000000000000000,0,2,,0,PED,0.001053579330943,"MULTILINESTRING M ((-71.062267891999966 42.356266210000058 NAN, -71.061313496999958 42.355819937000035 NAN))"
1021,Washington Street,5366401.000000000000000,0,2,,0,PED,0.001307727909231,"MULTILINESTRING M ((-71.060463308999942 42.355520462000072 NAN, -71.060004857999957 42.355957343000057 NAN, -71.059691389999955 42.356246329000044 NAN, -71.059572376999938 42.356333693000067 NAN, -71.059489621999944 42.356390650000037 NAN))"
1022,Warren Street,5779500.000000000000000,5,2,,2012,BL,0.000630678577067,"MULTILINESTRING M ((-71.062275294999949 42.374132627000051 NAN, -71.062764105999975 42.374486838000053 NAN, -71.062786768999956 42.374501554000062 NAN))"
1023,Warren Street,4423700.000000000000000,5,2,,2012,BL,0.000467861281383,"MULTILINESTRING M ((-71.061900349999974 42.373852787000033 NAN, -71.062275294999949 42.374132627000051 NAN))"
1024,Main Street,5521900.000000000000000,5,2,,2011,BL,0.000599845464356,"MULTILINESTRING M ((-71.065827837999962 42.376560101000052 NAN, -71.065793295999981 42.376534083000081 NAN, -71.065404762999947 42.376255219000029 NAN, -71.065342053999984 42.376208246000033 NAN))"
1025,Oliver Street,5451500.000000000000000,0,2,,2011,SLM,0.000950283735356,"MULTILINESTRING M ((-71.05241822499994 42.35544408800007 NAN, -71.053137679999963 42.356064913000068 NAN))"
1026,Seaport Boulevard,45232300.000000000000000,3,2,,2012,SLM,0.000189252600388,"MULTILINESTRING M ((-71.051889881999955 42.355144736000057 NAN, -71.051927761999934 42.355162096000072 NAN, -71.051975679999941 42.355183888000056 NAN, -71.052061244999948 42.355225033000067 NAN))"
1027,Saratoga Street,4392100.000000000000000,5,2,,2012,BLSL,0.002325512533759,"MULTILINESTRING M ((-71.002950019999957 42.385305686000038 NAN, -71.002104587999952 42.385004937000076 NAN, -71.001032099999975 42.38462329400005 NAN, -71.000761003999969 42.384520834000057 NAN))"
1028,Ashmont Street,5131300.000000000000000,5,2,,2013,SLM,0.001063189733523,"MULTILINESTRING M ((-71.055348021999976 42.288251111000079 NAN, -71.054888787999971 42.288411386000064 NAN, -71.054331752999985 42.288561051000045 NAN))"
1029,Ashmont Street,5131400.000000000000000,5,2,,2013,SLM,0.000775565156835,"MULTILINESTRING M ((-71.054331752999985 42.288561051000045 NAN, -71.053583570999933 42.28876531800006 NAN))"
1030,Adams Street,6252000.000000000000000,5,2,,2013,SLM,0.000704681830878,"MULTILINESTRING M ((-71.056431346999943 42.297340486000053 NAN, -71.056604943999957 42.29755272400007 NAN, -71.056819295999958 42.297926054000072 NAN))"
1031,Neponset Avenue,4795400.000000000000000,5,2,,2012,BL,0.000691971173656,"MULTILINESTRING M ((-71.055827277999981 42.296906006000029 NAN, -71.055261051999935 42.296508247000077 NAN))"
1032,Dorchester Avenue,4746700.000000000000000,3,2,,2011,SLM,0.000305404263128,"MULTILINESTRING M ((-71.058638721999955 42.306738568000071 NAN, -71.058560100999955 42.307033679000028 NAN))"
1033,Freeport Street,4755600.000000000000000,3,2,,2013,BL,0.000446578100004,"MULTILINESTRING M ((-71.05692051699998 42.305124356000078 NAN, -71.056555999999944 42.304866365000066 NAN))"
1034,Dorchester Avenue,4712700.000000000000000,3,2,,2011,BL,0.000971509468899,"MULTILINESTRING M ((-71.057420368999942 42.312020336000046 NAN, -71.057207345999984 42.312968203000025 NAN))"
1035,Dorchester Avenue,4697600.000000000000000,3,2,,2011,BL,0.000502360309124,"MULTILINESTRING M ((-71.056988713999942 42.313957691000041 NAN, -71.056874031999939 42.314446786000076 NAN))"
1036,Dorchester Avenue,4678300.000000000000000,3,2,,2011,BL,0.000601122464196,"MULTILINESTRING M ((-71.056674724999937 42.316329334000045 NAN, -71.056687005999947 42.316930331000037 NAN))"
1037,Dorchester Avenue,4685500.000000000000000,3,2,,2011,BL,0.000900461405518,"MULTILINESTRING M ((-71.056664725999951 42.315428995000048 NAN, -71.056662759999938 42.315709767000044 NAN, -71.056674724999937 42.316329334000045 NAN))"
1038,Dorchester Avenue,4660000.000000000000000,3,2,,2011,BL,0.000770551514268,"MULTILINESTRING M ((-71.056732143999966 42.319091223000044 NAN, -71.056746395999937 42.319385002000047 NAN, -71.056764098999963 42.319861100000026 NAN))"
1039,Dorchester Avenue,4633000.000000000000000,3,2,,2011,BL,0.000696028301124,"MULTILINESTRING M ((-71.056822093999983 42.323408497000059 NAN, -71.056843305999962 42.324104202000058 NAN))"
1040,Dorchester Avenue,5844800.000000000000000,3,2,,2011,SLM,0.000410553745419,"MULTILINESTRING M ((-71.057017910999946 42.329520039000045 NAN, -71.056954750999978 42.329795098000034 NAN, -71.05695744999997 42.329923406000034 NAN))"
1041,Surface Artery,5587500.000000000000000,3,2,,2011,BL,0.001058585887766,"MULTILINESTRING M ((-71.05934188599997 42.35110519300008 NAN, -71.059514179999951 42.350677575000077 NAN, -71.059733607999988 42.350121758000057 NAN))"
1042,High Street,5349500.000000000000000,5,2,,2011,BL,0.001073574907592,"MULTILINESTRING M ((-71.056175903999986 42.35363376600003 NAN, -71.055832214999953 42.353798004000055 NAN, -71.05550408299996 42.353942317000076 NAN, -71.055361220999941 42.354010276000054 NAN, -71.055254890999947 42.354096837000043 NAN, -71.055226302999984 42.354123194000067 NAN))"
1043,High Street,5490800.000000000000000,3,2,,2011,BL,0.000435620482331,"MULTILINESTRING M ((-71.054629324999951 42.354644048000068 NAN, -71.054314519999934 42.354945151000038 NAN))"
1044,Purchase Street,5651800.000000000000000,3,2,,2011,SLM,0.000472146854392,"MULTILINESTRING M ((-71.053665399999943 42.354337718000068 NAN, -71.054082569999935 42.35411660300008 NAN))"
1045,Purchase Street,5482300.000000000000000,3,2,,2011,BL,0.000374493436639,"MULTILINESTRING M ((-71.053333172999942 42.354510549000054 NAN, -71.053665399999943 42.354337718000068 NAN))"
1046,Franklin Street,5492200.000000000000000,5,2,,2016,PED,0.000859930960780,"MULTILINESTRING M ((-71.058919838999941 42.355748391000077 NAN, -71.059057228999961 42.355935548000048 NAN, -71.059489621999944 42.356390650000037 NAN))"
1047,Milk Street,5834200.000000000000000,5,2,,2024,SBL,0.000468372903181,"MULTILINESTRING M ((-71.05782828599996 42.356792726000037 NAN, -71.057360254999935 42.356774833000031 NAN))"
1048,Broad Street,5279400.000000000000000,5,2,,2013,SLM,0.000340524191585,"MULTILINESTRING M ((-71.054204790999961 42.358371440000042 NAN, -71.054357319999951 42.358675893000054 NAN))"
1049,Oliver Street,5391600.000000000000000,0,2,,2011,BLSL,0.001181169109146,"MULTILINESTRING M ((-71.053929315999937 42.35661658500004 NAN, -71.05484839099995 42.357358516000033 NAN))"
1050,Oliver Street,5391500.000000000000000,0,2,,2011,BL,0.000964899020394,"MULTILINESTRING M ((-71.053137679999963 42.356064913000068 NAN, -71.05357721699994 42.35637167200008 NAN, -71.053929315999937 42.35661658500004 NAN))"
1051,Cross Street,45227300.000000000000000,3,2,,2014,BL,0.000706180802081,"MULTILINESTRING M ((-71.056361181999989 42.362863551000032 NAN, -71.056972694999956 42.363216741000031 NAN))"
1052,North Washington Street,5793700.000000000000000,3,2,,2019,SLM,0.000944291872083,"MULTILINESTRING M ((-71.058527847999983 42.366889398000069 NAN, -71.05843084199995 42.365950102000056 NAN))"
1053,Salem Street,5243300.000000000000000,0,2,,2013,SLM,0.000108596422248,"MULTILINESTRING M ((-71.055089783999961 42.365894616000048 NAN, -71.055031517999964 42.365986258000078 NAN))"
1054,First Avenue,5996700.000000000000000,0,8,,0,SLM,0.000271565279873,"MULTILINESTRING M ((-71.055980545999944 42.374001876000079 NAN, -71.055761599999983 42.374162532000071 NAN))"
1055,Neponset Avenue,4848700.000000000000000,5,2,,2012,BLSL,0.000465385236601,"MULTILINESTRING M ((-71.048418700999946 42.290066890000048 NAN, -71.048453815999949 42.290110354000035 NAN, -71.04871206699994 42.290428165000037 NAN))"
1056,Freeport Street,5488704.000000000000000,3,2,,2013,SLM,0.001835361864632,"MULTILINESTRING M ((-71.047551245999955 42.296656240000061 NAN, -71.047576353999943 42.296827671000074 NAN, -71.047675293999987 42.297036256000069 NAN, -71.048187685999949 42.298015099000054 NAN, -71.048293489999935 42.298323872000026 NAN))"
1057,Columbia Road,6298600.000000000000000,3,1,1,2016,BFBL,0.002218843438303,"MULTILINESTRING M ((-71.052301967999938 42.327074681000056 NAN, -71.052321733999975 42.327767067000025 NAN, -71.052342960999965 42.328177909000033 NAN, -71.05234139099997 42.328399961000059 NAN, -71.052297449999969 42.328633921000062 NAN, -71.052234315999954 42.328821947000051 NAN, -71.052152038999964 42.328956792000042 NAN, -71.051930327999969 42.32915646500004 NAN))"
1058,Marginal Road,4510900.000000000000000,5,2,,2019,BL,0.001492305958475,"MULTILINESTRING M ((-71.065730470999938 42.347692504000065 NAN, -71.066214288999959 42.34776748400003 NAN, -71.06720841899994 42.347898395000072 NAN))"
1059,Charles Street,5264200.000000000000000,3,2,,2020,SBL,0.000369383838479,"MULTILINESTRING M ((-71.067469168999935 42.352503807000062 NAN, -71.067622763999964 42.352839743000061 NAN))"
1060,Park Plaza,4486500.000000000000000,3,2,,2020,BL,0.000660067586588,"MULTILINESTRING M ((-71.067252296999982 42.351824957000076 NAN, -71.067504506999967 42.351815743000031 NAN, -71.067908214999989 42.351758906000043 NAN))"
1061,Beacon Street,4461800.000000000000000,3,2,,2020,SBL,0.000768507592720,"MULTILINESTRING M ((-71.071296881999956 42.355779442000028 NAN, -71.071383727999944 42.355754446000049 NAN, -71.072040712999978 42.355586401000039 NAN))"
1062,Beacon Street,4460800.000000000000000,3,2,,2020,SBL,0.001425938355266,"MULTILINESTRING M ((-71.069902909999939 42.356079679000061 NAN, -71.071296881999956 42.355779442000028 NAN))"
1063,Charles Street Circle,5873700.000000000000000,3,3,1,2018,SLM,0.000730394898448,"MULTILINESTRING M ((-71.070781929999953 42.360916254000074 NAN, -71.070560313999977 42.360886502000028 NAN, -71.070457937999947 42.360886120000032 NAN, -71.070350601999962 42.360898371000076 NAN, -71.070238236999955 42.360934108000038 NAN, -71.07013552899997 42.360982535000062 NAN, -71.070084071999986 42.361022114000036 NAN))"
1064,Cambridge Street,6236500.000000000000000,3,2,1,2022,SBL,0.000830032950343,"MULTILINESTRING M ((-71.067873001999942 42.361229896000054 NAN, -71.068702662999954 42.361205050000081 NAN))"
1065,West Fourth Street,5672401.000000000000000,3,1,,2021,SBLBL,0.000588775278612,"MULTILINESTRING M ((-71.061162602999957 42.342647506000048 NAN, -71.060913254999946 42.342584855000041 NAN, -71.06068752799996 42.342522548000034 NAN, -71.060593420999965 42.342497018000074 NAN))"
1066,Shawmut Avenue,5626000.000000000000000,5,2,,2020,SBL,0.000833029388468,"MULTILINESTRING M ((-71.065730470999938 42.347692504000065 NAN, -71.065794514999936 42.34728649300007 NAN, -71.065817322999976 42.347174743000039 NAN, -71.065898960999959 42.346877817000063 NAN))"
1067,Marginal Road,4511500.000000000000000,5,2,,2019,BL,0.001361732393980,"MULTILINESTRING M ((-71.064411995999933 42.347352163000039 NAN, -71.064909826999951 42.347485151000058 NAN, -71.065489500999945 42.347629702000063 NAN, -71.065730470999938 42.347692504000065 NAN))"
1068,Harrison Avenue,5238000.000000000000000,5,2,,2019,BL,0.000627376307790,"MULTILINESTRING M ((-71.062665700999958 42.347826932000032 NAN, -71.062890368999945 42.347241163000035 NAN))"
1069,Harrison Avenue,4509000.000000000000000,5,2,,2019,BL,0.000507529101537,"MULTILINESTRING M ((-71.062310084999979 42.348666485000081 NAN, -71.062510538999959 42.348200219000034 NAN))"
1070,Harrison Avenue,4505500.000000000000000,5,2,,2019,BL,0.000568383289813,"MULTILINESTRING M ((-71.062118275999978 42.349201526000058 NAN, -71.062310084999979 42.348666485000081 NAN))"
1071,Tremont Street,4473100.000000000000000,3,2,,2020,SBL,0.001957530015055,"MULTILINESTRING M ((-71.063361395999948 42.35515132900008 NAN, -71.063419108999938 42.35506896000004 NAN, -71.06359301599997 42.354768026000045 NAN, -71.063803956999948 42.354349626000044 NAN, -71.063987975999964 42.353984017000073 NAN, -71.064135778999969 42.353644719000044 NAN, -71.064235682999936 42.353403145000073 NAN))"
1072,Cambridge Street,46180100.000000000000000,3,2,1,2022,SBL,0.000921301281946,"MULTILINESTRING M ((-71.062834750999968 42.361310333000063 NAN, -71.063755977999961 42.361298634000036 NAN))"
1073,Summer Street,5626701.000000000000000,3,2,1,2019,SBL,0.002009624524031,"MULTILINESTRING M ((-71.04750710899998 42.349038464000046 NAN, -71.048703728999953 42.349588679000078 NAN, -71.049356864999936 42.349819037000032 NAN))"
1074,Summer Street,45265500.000000000000000,3,2,1,2019,SBL,0.002070520875290,"MULTILINESTRING M ((-71.049356864999936 42.349819037000032 NAN, -71.048747786999968 42.349473282000076 NAN, -71.047500518999982 42.34890616000007 NAN))"
1075,Centre Street,5464702.000000000000000,5,2,,2023,SBL,0.000573370479629,"MULTILINESTRING M ((-71.157170097999938 42.283199043000025 NAN, -71.156966538999939 42.283735063000051 NAN))"
1076,Beach Street,5347200.000000000000000,0,2,,,SLM,0.000451883310208,"MULTILINESTRING M ((-71.058107849999942 42.350836080000079 NAN, -71.058550296999954 42.35092794500008 NAN))"
1077,Congress Street,5266500.000000000000000,3,2,1,2022,SLM,0.001374146533694,"MULTILINESTRING M ((-71.057151339999962 42.36023838400007 NAN, -71.057464163999953 42.361247082000034 NAN, -71.057606955999972 42.361531281000055 NAN))"
1078,D Street,5473000.000000000000000,5,2,,2013,BL,0.000512579614397,"MULTILINESTRING M ((-71.042583260999947 42.345896749000076 NAN, -71.042204218999984 42.346241807000069 NAN))"
1079,D Street,4568200.000000000000000,5,2,,2013,BLSL,0.000480542996855,"MULTILINESTRING M ((-71.053142932999947 42.336876759000063 NAN, -71.053500509999935 42.336555729000054 NAN))"
1080,D Street,4561800.000000000000000,5,2,,2013,BLSL,0.000471145109215,"MULTILINESTRING M ((-71.052042782999933 42.337796404000073 NAN, -71.052405919999956 42.337496222000027 NAN))"
1081,Seaport Boulevard,6197700.000000000000000,3,2,,2012,SLM,0.000613313095361,"MULTILINESTRING M ((-71.051408798999944 42.354764326000065 NAN, -71.051536946999988 42.354865901000039 NAN, -71.051724042999979 42.355013923000058 NAN, -71.051889881999955 42.355144736000057 NAN))"
1082,Broad Street,5487200.000000000000000,5,2,,2013,SLM,0.000374642177939,"MULTILINESTRING M ((-71.052684137999961 42.357448763000036 NAN, -71.052337775999945 42.357305969000038 NAN))"
1083,Atlantic Avenue,5424100.000000000000000,3,2,,2011,BL,0.000870953692833,"MULTILINESTRING M ((-71.052185498999961 42.360322068000073 NAN, -71.05223067299994 42.360385217000044 NAN, -71.052369988999942 42.36054583300006 NAN, -71.05253668499995 42.360714210000026 NAN, -71.052809311999965 42.360923598000056 NAN))"
1084,High Street,5624700.000000000000000,3,2,,2011,BL,0.000695033142586,"MULTILINESTRING M ((-71.05217664099996 42.356580051000037 NAN, -71.051917206999974 42.356635761000064 NAN, -71.051628178999977 42.356688113000075 NAN, -71.051492225999937 42.356687583000053 NAN))"
1085,Commercial Street,5149700.000000000000000,5,2,,2017,SBL,0.000453012905535,"MULTILINESTRING M ((-71.052507816999935 42.367196408000041 NAN, -71.052318213999968 42.367118757000071 NAN, -71.052090298999985 42.367020671000034 NAN))"
1086,Neponset Avenue,5205700.000000000000000,5,2,,2012,BLSL,0.000916556841499,"MULTILINESTRING M ((-71.04415023699994 42.286464005000028 NAN, -71.043859933999954 42.286341312000047 NAN, -71.043670191999979 42.286252558000058 NAN, -71.043315193999945 42.286086499000078 NAN))"
1087,Drydock Avenue,5278600.000000000000000,0,2,,2013,BL,0.002590258756701,"MULTILINESTRING M ((-71.036931092999964 42.344637860000034 NAN, -71.03434120299994 42.344681566000077 NAN))"
1088,Northern Avenue,5198300.000000000000000,5,5,,2017,SLM,0.001273192099961,"MULTILINESTRING M ((-71.037515073999941 42.348269146000064 NAN, -71.036335246999954 42.347790579000048 NAN))"
1089,Marginal Street,4432700.000000000000000,0,2,,2015,SLM,0.001980849474977,"MULTILINESTRING M ((-71.039124907999962 42.366716841000027 NAN, -71.037306724999951 42.365930727000034 NAN))"
1090,Maverick Street,4430000.000000000000000,5,2,,2015,BL,0.000726994799932,"MULTILINESTRING M ((-71.035516194999957 42.368671170000027 NAN, -71.036183608999977 42.368959406000045 NAN))"
1091,Chelsea Street,5281800.000000000000000,5,2,,2010,BL,0.000328386994801,"MULTILINESTRING M ((-71.035896266999941 42.372378902000037 NAN, -71.036146071999951 42.372165746000064 NAN))"
1092,Chelsea Street,5717600.000000000000000,5,2,,2010,BL,0.000396305144914,"MULTILINESTRING M ((-71.035337514999981 42.372862790000056 NAN, -71.035036942999966 42.373121081000079 NAN))"
1093,Meridian Street,4416600.000000000000000,3,2,,2013,BLSL,0.000724190960075,"MULTILINESTRING M ((-71.039162894999947 42.377144076000036 NAN, -71.039191796999944 42.377867690000073 NAN))"
1094,Maverick Street,4433400.000000000000000,0,2,,2015,BL,0.001063085383121,"MULTILINESTRING M ((-71.028865491999966 42.365759369000045 NAN, -71.027887133999968 42.365343477000067 NAN))"
1095,Veterans Of Foreign Wars Parkway,5171000.000000000000000,2,3,1,2013,SLM,0.000924206989580,"MULTILINESTRING M ((-71.169613978999962 42.289448640000046 NAN, -71.168871129999957 42.289998489000027 NAN))"
1096,Faneuil Street,4479000.000000000000000,6,2,,2017,BL,0.000906805603841,"MULTILINESTRING M ((-71.159730950999972 42.352982058000066 NAN, -71.159346459999938 42.353276328000049 NAN, -71.15901467499998 42.353538116000038 NAN))"
1097,Bennington Street,4393300.000000000000000,5,2,,2008,SLM,0.002668130822357,"MULTILINESTRING M ((-71.015103736999947 42.383864945000028 NAN, -71.01257974899994 42.38473005000003 NAN))"
1098,Saratoga Street,5826300.000000000000000,5,2,1,2012,BL,0.001332933623500,"MULTILINESTRING M ((-71.006795649999958 42.386672669000063 NAN, -71.007354652999936 42.38685176000007 NAN, -71.007841958999961 42.38703960600003 NAN, -71.007913093999946 42.387080875000038 NAN, -71.008046137999941 42.387128898000071 NAN))"
1099,Veterans Of Foreign Wars Parkway,5017700.000000000000000,2,3,1,2013,BL,0.002100793120891,"MULTILINESTRING M ((-71.173025781999968 42.272087558000067 NAN, -71.173364746999937 42.272506599000053 NAN, -71.173510519999979 42.272741652000036 NAN, -71.173616442999958 42.272998152000071 NAN, -71.173687823999956 42.273234553000066 NAN, -71.173717754999984 42.273463133000064 NAN, -71.173712742999953 42.273766067000054 NAN, -71.173670106999964 42.273989306000033 NAN))"
1100,Veterans Of Foreign Wars Parkway,6213600.000000000000000,2,3,1,2013,BL,0.001080066840270,"MULTILINESTRING M ((-71.173459271999945 42.272248028000035 NAN, -71.17308699299997 42.271860966000077 NAN, -71.172728464999977 42.271453119000057 NAN))"
1101,Veterans Of Foreign Wars Parkway,6288900.000000000000000,2,3,1,2013,SLM,0.000743060846588,"MULTILINESTRING M ((-71.172106317999976 42.277568895000059 NAN, -71.172369200999981 42.276873890000047 NAN))"
1102,Veterans Of Foreign Wars Parkway,6238900.000000000000000,2,3,1,2013,BL,0.000700724753787,"MULTILINESTRING M ((-71.170895655999971 42.28102367300005 NAN, -71.170900200999938 42.280813161000026 NAN, -71.170911307999972 42.280671986000073 NAN, -71.170950339999933 42.280479546000038 NAN, -71.170992582999986 42.280333332000055 NAN))"
1103,Beacon Street,5357800.000000000000000,3,2,,2009,BL,0.000665420338353,"MULTILINESTRING M ((-71.165437593999968 42.333680858000037 NAN, -71.165190724999945 42.333699261000049 NAN, -71.164776654999969 42.333755460000077 NAN))"
1104,Faneuil Street,5454600.000000000000000,3,2,,2017,SLM,0.000503630782899,"MULTILINESTRING M ((-71.168072786999971 42.351098957000033 NAN, -71.167809804999933 42.351160089000075 NAN, -71.167584185999942 42.351220771000044 NAN))"
1105,Washington Street,5799300.000000000000000,3,2,,2010,BL,0.001083987785109,"MULTILINESTRING M ((-71.164268691999951 42.349667709000073 NAN, -71.163744956999949 42.349336450000067 NAN, -71.163542820999965 42.34922444700004 NAN, -71.163385679999976 42.349140145000035 NAN, -71.163333390999981 42.34912352300006 NAN))"
1106,Faneuil Street,5363900.000000000000000,6,2,,2017,BL,0.000912448905125,"MULTILINESTRING M ((-71.167584185999942 42.351220771000044 NAN, -71.167385315999979 42.351279276000071 NAN, -71.166726677999975 42.351531139000031 NAN))"
1107,Faneuil Street,4486700.000000000000000,6,2,,2017,SLM,0.000412838778546,"MULTILINESTRING M ((-71.165115570999944 42.352007549000064 NAN, -71.164719165999941 42.352122870000073 NAN))"
1108,Veterans Of Foreign Wars Parkway,6212300.000000000000000,2,3,1,2013,SLM,0.001497627013013,"MULTILINESTRING M ((-71.161288981999974 42.294133403000046 NAN, -71.162033247999943 42.293777164000062 NAN, -71.162636602999953 42.293480152000029 NAN))"
1109,Faneuil Street,4464700.000000000000000,6,2,,2017,SLM,0.001901165435109,"MULTILINESTRING M ((-71.156135310999957 42.355361626000047 NAN, -71.155848814999956 42.355556580000041 NAN, -71.155675773999974 42.355639336000081 NAN, -71.155465242999981 42.355711295000049 NAN, -71.155254759999934 42.355738798000061 NAN, -71.154999448999945 42.355743658000051 NAN, -71.15432932799996 42.355684817000053 NAN))"
1110,Market Street,4488700.000000000000000,5,2,,2013,BL,0.001060592724145,"MULTILINESTRING M ((-71.151915924999969 42.351648749000049 NAN, -71.151718340999935 42.351953122000054 NAN, -71.151366826999947 42.352555816000063 NAN))"
1111,Summer Street,45263200.000000000000000,3,2,1,2023,SBL,0.002120695834463,"MULTILINESTRING M ((-71.042204218999984 42.346241807000069 NAN, -71.042081435999933 42.346176041000035 NAN, -71.041921377999984 42.346072437000032 NAN, -71.041206793999947 42.34560818500006 NAN, -71.040418695999961 42.345098417000031 NAN))"
1112,State Street,5791801.000000000000000,3,2,,2020,SBL,0.000231988087139,"MULTILINESTRING M ((-71.052408014999969 42.359529538000061 NAN, -71.052637197999957 42.35949357100003 NAN))"
1113,University Of Massachusetts Access Road,5438801.000000000000000,0,B,,2019,BL,0.001585192669858,"MULTILINESTRING M ((-71.045384178999939 42.314147777000073 NAN, -71.045327701999952 42.314171551000072 NAN, -71.044930110999985 42.314348346000031 NAN, -71.044581340999969 42.314457255000036 NAN, -71.044386996999947 42.31449305600006 NAN, -71.043965895999975 42.314459312000054 NAN, -71.043867794999983 42.314426808000064 NAN))"
1114,Mount Vernon Street,4676100.000000000000000,6,2,,2019,SBL,0.000681688225933,"MULTILINESTRING M ((-71.039330854999946 42.316817056000048 NAN, -71.039277365999965 42.316796587000056 NAN, -71.038683022999976 42.316605139000046 NAN))"
1115, ,6066300.000000000000000,0, ,,2019,SBL,0.001070931901903,"MULTILINESTRING M ((-71.038683022999976 42.316605139000046 NAN, -71.037745993999977 42.316448416000071 NAN, -71.03764130199994 42.316387974000065 NAN))"
1116,Summer Street,4551400.000000000000000,3,2,,2023,BLSL,0.000663964960800,"MULTILINESTRING M ((-71.035526952999987 42.339231549000033 NAN, -71.035551662999978 42.339895054000067 NAN))"
1117,Central Square,5858800.000000000000000,0,2,,2017,SLM,0.000259150826178,"MULTILINESTRING M ((-71.039768920999961 42.374487018000025 NAN, -71.039538096999934 42.374369207000029 NAN))"
1118,Beacon Street,5248700.000000000000000,3,2,,2009,BL,0.005098777807038,
1119,Commonwealth Avenue,6227000.000000000000000,3,2,1,2013,BL,0.002959723942391,"MULTILINESTRING M ((-71.155040938999946 42.33863240800008 NAN, -71.155193423999947 42.338701219000029 NAN, -71.155852446999972 42.339025608000043 NAN, -71.156236812999964 42.339195562000043 NAN, -71.156655546999957 42.339356052000028 NAN, -71.157033532999947 42.339479848000053 NAN, -71.157624103999979 42.339666167000075 NAN, -71.157788665999988 42.339716854000073 NAN))"
1120,Lake Street,5786200.000000000000000,6,2,,2011,BL,0.000170404030400,"MULTILINESTRING M ((-71.162118327999963 42.346381240000028 NAN, -71.162016644999937 42.346517981000034 NAN))"
1121,Brighton Avenue,5262000.000000000000000,3,2,1,2019,SLM,0.001215185736948,"MULTILINESTRING M ((-71.135641598999939 42.353378657000064 NAN, -71.134435394999969 42.353231184000038 NAN))"
1122,Brighton Avenue,5261800.000000000000000,3,2,1,2019,SLM,0.000874107988105,"MULTILINESTRING M ((-71.134039901999984 42.353195632000052 NAN, -71.133172684999977 42.353086090000033 NAN))"
1123,Harvard Avenue,5576000.000000000000000,3,2,,2010,BL,0.000123590513139,"MULTILINESTRING M ((-71.132081847999984 42.352948687000037 NAN, -71.132106748999945 42.353069743000049 NAN))"
1124,Harvard Avenue,5262800.000000000000000,3,2,,2010,BL,0.001323318397183,"MULTILINESTRING M ((-71.131447248999962 42.351162957000042 NAN, -71.131601452999973 42.351451545000032 NAN, -71.131733511999983 42.35179914400004 NAN, -71.131813601999966 42.352017157000034 NAN, -71.131927483999959 42.352392268000074 NAN))"
1125,Brighton Avenue,5426600.000000000000000,3,2,1,2019,SLM,0.000948569440239,"MULTILINESTRING M ((-71.131135730999972 42.352841560000059 NAN, -71.13019342299998 42.35273275000003 NAN))"
1126,Franklin Street,5279600.000000000000000,0,2,,2010,SLM,0.000463965257305,"MULTILINESTRING M ((-71.133068523999953 42.359731570000065 NAN, -71.13298188899995 42.359887154000035 NAN, -71.132911492999938 42.359990463000031 NAN, -71.132814016999987 42.360118442000044 NAN))"
1127,Chestnut Hill Avenue,4551100.000000000000000,5,2,,2013,SLM,0.000664337888281,"MULTILINESTRING M ((-71.155088896999985 42.339754245000051 NAN, -71.155267993999985 42.339944403000061 NAN, -71.155306074999942 42.339999136000074 NAN, -71.155329565999978 42.340076065000062 NAN, -71.155342413999961 42.34015493000004 NAN, -71.155341929999963 42.34024361400003 NAN, -71.155320218999975 42.340328290000059 NAN))"
1128,Chestnut Hill Avenue,5846000.000000000000000,5,2,,2013,BL,0.000407067716295,"MULTILINESTRING M ((-71.154760186999965 42.341215410000075 NAN, -71.154553593999935 42.341566157000045 NAN))"
1129,Commonwealth Avenue Frontage Road Eb,5108200.000000000000000,0,2,1,2013,SLM,0.000534894392333,"MULTILINESTRING M ((-71.152453538999964 42.338565922000043 NAN, -71.152215598999987 42.33904498000004 NAN))"
1130,Commonwealth Avenue Frontage Road Eb,5108500.000000000000000,0,2,1,2013,SLM,0.001005963025579,"MULTILINESTRING M ((-71.151148666999973 42.340279113000065 NAN, -71.150295248999953 42.340811691000056 NAN))"
1131,Commonwealth Avenue Frontage Road Eb,5108700.000000000000000,0,2,1,2013,SLM,0.003556143112264,"MULTILINESTRING M ((-71.150295248999953 42.340811691000056 NAN, -71.150009301999944 42.341003270000044 NAN, -71.14978218899995 42.341112139000074 NAN, -71.149547704999975 42.341195737000078 NAN, -71.149275516999978 42.341276434000065 NAN, -71.149033689999953 42.341331945000036 NAN, -71.148814630999937 42.341367876000049 NAN, -71.148554058999935 42.341406500000062 NAN, -71.14686052899998 42.341380357000048 NAN))"
1132,Chestnut Hill Avenue,5656500.000000000000000,5,2,,2013,BLSL,0.000993960539869,"MULTILINESTRING M ((-71.153729627999951 42.34847247600004 NAN, -71.153850148999936 42.348295471000029 NAN, -71.153954793999958 42.348106595000047 NAN, -71.153992549999941 42.347940767000068 NAN, -71.154000737999979 42.347795620000056 NAN, -71.153989138999975 42.347655403000033 NAN, -71.153949525999963 42.34755520200008 NAN))"
1133,Market Street,5589500.000000000000000,5,2,1,2013,BLSL,0.000340266192536,"MULTILINESTRING M ((-71.153421158999947 42.349466722000045 NAN, -71.153452388999938 42.34912789200007 NAN))"
1134,Centre Street,4870800.000000000000000,5,2,,2019,BFBL,0.003088038231250,"MULTILINESTRING M ((-71.144784858999969 42.288201793000042 NAN, -71.144640650999975 42.288240175000055 NAN, -71.144156375999955 42.288345582000034 NAN, -71.143635409999945 42.288472823000063 NAN, -71.143052985999987 42.288612251000075 NAN, -71.142934641999943 42.288667027000031 NAN, -71.142778808999935 42.288752068000065 NAN, -71.142726893999964 42.288786233000053 NAN, -71.142443144999959 42.289043062000076 NAN, -71.142026726999973 42.289410324000073 NAN))"
1135,Veterans Of Foreign Wars Parkway,6287000.000000000000000,2,3,1,2013,BL,0.005751672434998,"MULTILINESTRING M ((-71.145361806999972 42.296244936000051 NAN, -71.145123681999962 42.296313897000061 NAN, -71.144910946999971 42.296322118000035 NAN, -71.144111903999942 42.296259639000027 NAN, -71.142801887999951 42.296114337000063 NAN, -71.141654168999935 42.295985849000033 NAN, -71.141235367999968 42.295928274000062 NAN, -71.140719922999949 42.295871520000048 NAN, -71.140087471999948 42.295798078000075 NAN, -71.13965275399994 42.295741010000029 NAN))"
1136,Commonwealth Avenue Frontage Road Eb,5109000.000000000000000,0,2,1,2013,SLM,0.000550828069374,"MULTILINESTRING M ((-71.14686052899998 42.341380357000048 NAN, -71.146311741999966 42.341427732000056 NAN))"
1137,Commonwealth Avenue Frontage Road Wb,5309900.000000000000000,0,2,1,2013,BL,0.001091449005534,"MULTILINESTRING M ((-71.145924105999939 42.341905650000058 NAN, -71.146116022999934 42.341868539000075 NAN, -71.146460451999985 42.341819521000048 NAN, -71.146742525999969 42.341799568000056 NAN, -71.147007660999975 42.341790256000024 NAN))"
1138,Cambridge Street,5237200.000000000000000,3,2,,2010,BL,0.000868398326137,"MULTILINESTRING M ((-71.146417767999935 42.350462334000042 NAN, -71.145621434999953 42.350808700000073 NAN))"
1139,Cambridge Street,5193200.000000000000000,3,2,,2010,BL,0.001004512766926,"MULTILINESTRING M ((-71.143981290999989 42.351441586000078 NAN, -71.143608595999979 42.351515833000065 NAN, -71.143151221999972 42.351606692000075 NAN, -71.142997212999944 42.351642789000039 NAN))"
1140,Centre Street,4856700.000000000000000,5,2,,2019,BFBL,0.000927257318849,"MULTILINESTRING M ((-71.141719584999976 42.289648510000063 NAN, -71.141152630999954 42.290131774000031 NAN, -71.141008005999936 42.29024273400006 NAN))"
1141,Centre Street,4843300.000000000000000,5,2,,2019,BFBL,0.000830575338222,"MULTILINESTRING M ((-71.140382793999947 42.290774208000073 NAN, -71.139746368999965 42.291307892000077 NAN))"
1142,Centre Street,4834200.000000000000000,5,2,,2019,BFBL,0.000847997532371,"MULTILINESTRING M ((-71.139161913999942 42.291799532000027 NAN, -71.138704965999978 42.292188039000052 NAN, -71.138509511999985 42.292341037000028 NAN))"
1143,Commonwealth Avenue Frontage Road Eb,5109600.000000000000000,0,2,1,2013,SLM,0.001338528481381,"MULTILINESTRING M ((-71.142675631999964 42.343637865000062 NAN, -71.141929861999984 42.344749389000071 NAN))"
1144,Commonwealth Avenue Frontage Road Eb,5110100.000000000000000,0,2,1,2013,SLM,0.000571982039782,"MULTILINESTRING M ((-71.140587234999941 42.346925082000041 NAN, -71.140549141999941 42.34702062100007 NAN, -71.140478291999955 42.347208337000041 NAN, -71.140383560999965 42.347459557000036 NAN))"
1145,Cambridge Street,4482400.000000000000000,3,2,,2010,BL,0.000759264988238,"MULTILINESTRING M ((-71.140266815999951 42.352551451000068 NAN, -71.139847945999975 42.352705437000054 NAN, -71.139555044999952 42.352815755000051 NAN))"
1146,Cambridge Street,4480000.000000000000000,3,2,,2010,BL,0.000587720484885,"MULTILINESTRING M ((-71.139555044999952 42.352815755000051 NAN, -71.139277806999985 42.352913529000034 NAN, -71.138997382999946 42.353000990000055 NAN))"
1147,Cambridge Street,5193800.000000000000000,3,2,,2010,SLM,0.000933477278538,"MULTILINESTRING M ((-71.138345965999974 42.353227020000077 NAN, -71.137470099999973 42.35354988000006 NAN))"
1148,Everett Street,5624000.000000000000000,6,2,,2024,BLSL,0.000426971949021,"MULTILINESTRING M ((-71.138623817999985 42.355349569000055 NAN, -71.138634058999969 42.355449757000031 NAN, -71.13862762499997 42.355567613000062 NAN, -71.138578500999984 42.355769966000025 NAN))"
1149,Brighton Avenue,5576100.000000000000000,3,2,1,2019,SLM,0.000673356782010,"MULTILINESTRING M ((-71.137470099999973 42.35354988000006 NAN, -71.136804177999977 42.353450094000038 NAN))"
1150,Brighton Avenue,6244600.000000000000000,3,2,1,2013,SLM,0.001563663822837,"MULTILINESTRING M ((-71.135735709999949 42.35350727000008 NAN, -71.136002077999933 42.353519341000037 NAN, -71.136253649999958 42.35353649700005 NAN, -71.13649802599997 42.35354712600008 NAN, -71.136827206999953 42.353575209000041 NAN, -71.137076932999946 42.353602165000041 NAN, -71.137294685999962 42.353622557000051 NAN))"
1151,Western Avenue,5126000.000000000000000,5,2,,2024,SBL,0.000304748067563,"MULTILINESTRING M ((-71.137672065999936 42.362884014000031 NAN, -71.137369998999986 42.362924349000025 NAN))"
1152,Walter Street,5175800.000000000000000,6,2,,2016,BLSL,0.000231202142325,"MULTILINESTRING M ((-71.134160490999989 42.288916822000033 NAN, -71.133993976999989 42.289077220000081 NAN))"
1153,Belgrade Avenue,4891100.000000000000000,3,2,,2009,BL,0.000746092885509,"MULTILINESTRING M ((-71.131664874999956 42.286581007000052 NAN, -71.131174402999989 42.286707164000063 NAN, -71.130949415999964 42.286789722000037 NAN))"
1154,Centre Street,6292100.000000000000000,5,2,1,2010,SLM,0.000450549736907,"MULTILINESTRING M ((-71.136010455999951 42.29443793300004 NAN, -71.136339092999947 42.294129724000072 NAN))"
1155,Centre Street,6247900.000000000000000,5,2,1,2010,BL,0.000825218994810,"MULTILINESTRING M ((-71.132978587999958 42.296837377000031 NAN, -71.133108139999933 42.29674944900006 NAN, -71.133298387999957 42.296616703000041 NAN, -71.133630078999943 42.296403938000026 NAN, -71.13366113099994 42.29637477700004 NAN))"
1156,Cambridge Street,5623700.000000000000000,3,2,1,2022,SBL,0.002859783835098,"MULTILINESTRING M ((-71.130738688999941 42.35636885100007 NAN, -71.130233499999974 42.356486517000064 NAN, -71.129517602999954 42.356731792000062 NAN, -71.128027485999951 42.357269969000072 NAN))"
1157,Western Avenue,5638900.000000000000000,5,2,,2015,BLSL,0.000445015024339,"MULTILINESTRING M ((-71.132645902999968 42.363340738000034 NAN, -71.132209309999951 42.363254570000038 NAN))"
1158,River Street,5079000.000000000000000,5,2,,2012,BLSL,0.000693639918359,"MULTILINESTRING M ((-71.129467886999976 42.253565990000027 NAN, -71.129648077999946 42.253384821000054 NAN, -71.129978096999935 42.253096662000075 NAN))"
1159,South Street,4886800.000000000000000,3,2,,2009,BL,0.001734700943160,"MULTILINESTRING M ((-71.127045520999957 42.287468656000044 NAN, -71.127659454999957 42.287065511000037 NAN, -71.127909106999937 42.286976290000041 NAN, -71.128174849999937 42.286923131000037 NAN, -71.128300487999979 42.286917914000071 NAN, -71.128637947999948 42.286942638000028 NAN))"
1160,Washington Street,4865500.000000000000000,3,2,,2009,BL-PEAKBUS,0.001600358999105,"MULTILINESTRING M ((-71.125814623999986 42.288623790000031 NAN, -71.125096746999986 42.289298928000051 NAN, -71.124649764999958 42.289721173000032 NAN))"
1161,Walter Street,5222500.000000000000000,6,2,,2016,SLM,0.000467808547549,"MULTILINESTRING M ((-71.130537683999933 42.297776129000056 NAN, -71.130366184999957 42.297784174000071 NAN, -71.130263971999966 42.297780647000025 NAN, -71.130071193999981 42.297760316000051 NAN))"
1162,Washington Street,4843200.000000000000000,3,2,,2009,BL-PEAKBUS,0.000715213392300,"MULTILINESTRING M ((-71.123595910999938 42.290720996000061 NAN, -71.123072355999966 42.291208254000026 NAN))"
1163,Washington Street,5116800.000000000000000,3,2,,2009,BL-PEAKBUS,0.000204766799691,"MULTILINESTRING M ((-71.120391569999981 42.293709016000037 NAN, -71.120252543999982 42.293859353000073 NAN))"
1164,Centre Street,6264500.000000000000000,2,3,1,2011,BL,0.000429872217262,"MULTILINESTRING M ((-71.124146144999941 42.306390814000054 NAN, -71.124271921999934 42.306177404000039 NAN, -71.124348705999978 42.306012223000039 NAN))"
1165,Perkins Street,4648700.000000000000000,5,2,,2010,SLM,0.000350452494630,"MULTILINESTRING M ((-71.114501639999958 42.321244142000069 NAN, -71.114154460999941 42.321291930000029 NAN))"
1166,Huntington Avenue,5383300.000000000000000,3,2,1,2010,SLM,0.000726918399724,"MULTILINESTRING M ((-71.112748694999937 42.331827960000055 NAN, -71.112518936999948 42.331855791000066 NAN, -71.112255687999948 42.331904172000066 NAN, -71.112143968999987 42.331931386000065 NAN, -71.112045358999978 42.331986234000055 NAN))"
1167,Brighton Avenue,5246900.000000000000000,3,2,1,2019,SLM,0.000706163757809,"MULTILINESTRING M ((-71.128407380999988 42.352523305000034 NAN, -71.127706727999964 42.352435256000035 NAN))"
1168,Brighton Avenue,5720800.000000000000000,3,2,1,2019,SLM,0.001875333146914,"MULTILINESTRING M ((-71.126942492999945 42.352335130000029 NAN, -71.12508110999994 42.35210681500007 NAN))"
1169,Brighton Avenue,5246700.000000000000000,3,2,1,2010,BL,0.000384732941177,"MULTILINESTRING M ((-71.12508110999994 42.35210681500007 NAN, -71.124697633999972 42.352075741000078 NAN))"
1170,Cambridge Street,5609900.000000000000000,3,2,1,2022,SBL,0.000666307543667,"MULTILINESTRING M ((-71.126417927999967 42.357865113000059 NAN, -71.125783765999984 42.358069574000069 NAN))"
1171,North Harvard Street,5813800.000000000000000,5,2,,2009,BLSL,0.000735245522530,"MULTILINESTRING M ((-71.130233974999953 42.362670140000034 NAN, -71.130301791999955 42.362520910000057 NAN, -71.130361901999947 42.362361301000078 NAN, -71.130411623999976 42.362129637000066 NAN, -71.130417894999937 42.361965921000035 NAN))"
1172,North Harvard Street,5814000.000000000000000,5,2,,2009,BLSL,0.000096129000954,"MULTILINESTRING M ((-71.130182810999941 42.362751522000053 NAN, -71.130233974999953 42.362670140000034 NAN))"
1173,Western Avenue,4436200.000000000000000,5,2,,2012,BL,0.000991983942765,"MULTILINESTRING M ((-71.129755677999981 42.36320618600007 NAN, -71.129196979999961 42.363252214000056 NAN, -71.128767313999958 42.363290778000078 NAN))"
1174,Western Avenue,5151800.000000000000000,5,2,,2021,SBL,0.000751388878058,"MULTILINESTRING M ((-71.128767313999958 42.363290778000078 NAN, -71.12832685799998 42.363325369000052 NAN, -71.128018109999971 42.363348005000034 NAN))"
1175,South Street,4551200.000000000000000,0,2,,2023,CFBS,0.002183793165383,"MULTILINESTRING M ((-71.155679124999949 42.340248921000068 NAN, -71.156069989999935 42.340166254000053 NAN, -71.156618528999957 42.340028346000054 NAN, -71.157522471999982 42.339820508000059 NAN, -71.157671385999947 42.339791392000052 NAN, -71.157743316999984 42.33975218900008 NAN, -71.157788665999988 42.339716854000073 NAN))"
1176,Neponset Valley Parkway,5099700.000000000000000,5,3,,2020,SLM,0.000965142154425,"MULTILINESTRING M ((-71.133772989999954 42.239650915000027 NAN, -71.133767420999959 42.23976231000006 NAN, -71.133757025999955 42.239825300000064 NAN, -71.133661323999945 42.240038256000048 NAN, -71.133424609999963 42.240541674000042 NAN))"
1177,Neponset Valley Parkway,5100400.000000000000000,3,3,,2020,SLM,0.001039158634711,"MULTILINESTRING M ((-71.13190179299994 42.237244480000072 NAN, -71.131805920999966 42.237193532000049 NAN, -71.131678192999971 42.237152046000062 NAN, -71.131337225999971 42.237058667000042 NAN, -71.130908913999974 42.236946439000064 NAN))"
1178,Centre Street,4881000.000000000000000,5,2,,2023,SBL,0.001180191726867,"MULTILINESTRING M ((-71.152202941999974 42.287534070000049 NAN, -71.151961752999966 42.287536156000044 NAN, -71.151609765999979 42.287497950000045 NAN, -71.151032251999936 42.287405044000025 NAN))"
1179,Centre Street,5373300.000000000000000,3,2,1,2023,BL,0.000372908857502,"MULTILINESTRING M ((-71.148435493999955 42.287167581000062 NAN, -71.148238644999935 42.287125902000071 NAN, -71.148069374999977 42.28709714200005 NAN))"
1180,North Beacon Street,5576300.000000000000000,3,2,,2024,SBL,0.000285752569985,"MULTILINESTRING M ((-71.14589876399998 42.355345750000026 NAN, -71.145621527999936 42.355276506000052 NAN))"
1181,Ramp - Soldiers Field Rd Wb To Birmingham,4442200.000000000000000,3,3,,2022,SUP,0.000770797241582,"MULTILINESTRING M ((-71.147372595999968 42.360450968000066 NAN, -71.147084939999957 42.360471469000061 NAN, -71.146604982999975 42.360520072000043 NAN))"
1182,Washington Street,5281100.000000000000000,3,2,,2016,BFBL,0.000200559122442,"MULTILINESTRING M ((-71.138317927999935 42.277184998000052 NAN, -71.138169219999952 42.277319571000078 NAN))"
1183,North Beacon Street,5841800.000000000000000,3,2,,2024,SBL,0.000793196262036,"MULTILINESTRING M ((-71.143349440999941 42.354694731000052 NAN, -71.142579259999934 42.354505043000074 NAN))"
1184,North Beacon Street,5842000.000000000000000,3,2,,2024,SBL,0.000214810024878,"MULTILINESTRING M ((-71.142579259999934 42.354505043000074 NAN, -71.142370579999977 42.354454092000026 NAN))"
1185,North Beacon Street,4471600.000000000000000,3,2,,2024,SBL,0.001015861218198,"MULTILINESTRING M ((-71.141664083999956 42.354271424000046 NAN, -71.140681816999972 42.354012338000075 NAN))"
1186,Poplar Street,4934300.000000000000000,6,2,,2023,CFBL,0.002422922804834,"MULTILINESTRING M ((-71.128714131999971 42.284966724000071 NAN, -71.128499556999941 42.28421202800007 NAN, -71.128280188999952 42.283564789000025 NAN, -71.128124525999965 42.283070805000079 NAN, -71.128046157999961 42.282898935000048 NAN, -71.127942536999967 42.282673523000028 NAN))"
1187, ,6317600.000000000000000,0, ,,,SUP,0.000158923875862,"MULTILINESTRING M ((-71.119457891999957 42.307331136000073 NAN, -71.119300621999969 42.307354004000047 NAN))"
1188,American Legion Highway,5172500.000000000000000,5,2,1,2020,SBL,0.000707833584022,"MULTILINESTRING M ((-71.116357568999945 42.279963205000058 NAN, -71.116198484999984 42.280394819000037 NAN, -71.116111124999975 42.280626747000042 NAN))"
1189,Centre Street,5199300.000000000000000,5,2,,2011,SLM,0.000594695358811,"MULTILINESTRING M ((-71.120129531999964 42.308964272000026 NAN, -71.11966124099996 42.308899140000051 NAN, -71.119540521999966 42.308882237000034 NAN))"
1190,Perkins Street,5150400.000000000000000,5,3,1,2008,BL,0.000134462138607,"MULTILINESTRING M ((-71.123959533999937 42.319240242000035 NAN, -71.123843692999969 42.319308513000067 NAN))"
1191,Perkins Street,6229000.000000000000000,5,3,1,2008,BL,0.000621083573638,"MULTILINESTRING M ((-71.123270949999949 42.319642685000076 NAN, -71.123835285999974 42.319383321000032 NAN))"
1192,Perkins Street,5150600.000000000000000,5,3,1,2008,BL,0.000364825762617,"MULTILINESTRING M ((-71.123570742999959 42.319434786000045 NAN, -71.123270949999949 42.319642685000076 NAN))"
1193,Cambridge Street,6269000.000000000000000,3,2,1,2022,SBL,0.003403723029578,
1194,American Legion Highway,6232400.000000000000000,5,2,1,2020,BL,0.000960052583983,"MULTILINESTRING M ((-71.11648648299996 42.28000920900007 NAN, -71.116531159999965 42.27988894300006 NAN, -71.116704747999961 42.279471446000059 NAN, -71.116743659999941 42.279333155000074 NAN, -71.116768665999984 42.279207758000041 NAN, -71.116780487999961 42.279100324000069 NAN))"
1195,American Legion Highway,6222900.000000000000000,5,2,1,2009,BFBL,0.001220296606485,"MULTILINESTRING M ((-71.115853731999948 42.277205465000065 NAN, -71.115844158999948 42.277034939000032 NAN, -71.115830548999952 42.27687396500005 NAN, -71.115847652999946 42.276458757000057 NAN, -71.115898232999939 42.275989079000055 NAN))"
1196,Walk Hill Street,5133300.000000000000000,5,2,,2015,BL,0.003081481026325,"MULTILINESTRING M ((-71.111138848999985 42.291062623000073 NAN, -71.111987177999936 42.29171096500005 NAN, -71.112457044999985 42.292053542000076 NAN, -71.112628948999941 42.292199294000056 NAN, -71.112952777999965 42.292567259000066 NAN, -71.113400490999936 42.293126954000059 NAN))"
1197,South Street,4774800.000000000000000,6,2,,2018,SBL,0.000606750030698,"MULTILINESTRING M ((-71.114608954999937 42.30100553300008 NAN, -71.114564748999953 42.301323994000029 NAN, -71.114519039999948 42.301578335000045 NAN, -71.114527278999958 42.301603858000078 NAN))"
1198,Arborway,5764200.000000000000000,0,3,1,2018,SBL,0.005585758917891,
1199,South Huntington Avenue,5127700.000000000000000,5,2,,2023,SBL,0.001842123733436,"MULTILINESTRING M ((-71.111395973999947 42.326543604000051 NAN, -71.111312766999959 42.326701005000075 NAN, -71.111200391999944 42.326933986000029 NAN, -71.111137457999973 42.327064471000028 NAN, -71.110999024999956 42.327410052000062 NAN, -71.110901723999973 42.327665181000043 NAN, -71.110900478999952 42.327669551000042 NAN, -71.110808721999945 42.327991786000041 NAN, -71.110747539999977 42.328260539000041 NAN))"
1200,South Street,5167000.000000000000000,5,2,,2010,SLM,0.000429422372392,"MULTILINESTRING M ((-71.115339766999966 42.306847834000052 NAN, -71.115408825999964 42.307084954000061 NAN, -71.115443378999942 42.307231366000053 NAN, -71.11544986399997 42.30726271900005 NAN))"
1201,South Street,4750100.000000000000000,5,2,,2010,SLM,0.000366557144061,"MULTILINESTRING M ((-71.115095745999952 42.306306273000075 NAN, -71.115245128999959 42.306641010000078 NAN))"
1202,Centre Street,4734100.000000000000000,5,2,,2010,BL,0.000394780980498,"MULTILINESTRING M ((-71.115582201999985 42.30930589500008 NAN, -71.11554575599996 42.309471200000075 NAN, -71.115509686999985 42.309606124000027 NAN, -71.115472829999987 42.309683653000036 NAN))"
1203,Centre Street,4697700.000000000000000,5,2,,2010,BL,0.000501933904946,"MULTILINESTRING M ((-71.114113864999979 42.314145133000068 NAN, -71.114116681999974 42.314647059000038 NAN))"
1204,Centre Street,4702900.000000000000000,5,2,,2010,BL,0.000226687648650,"MULTILINESTRING M ((-71.114093636999939 42.313452397000049 NAN, -71.114102488999947 42.313647682000067 NAN, -71.114095292999934 42.313678043000039 NAN))"
1205,Centre Street,4686700.000000000000000,5,2,,2010,BL,0.000532229603107,"MULTILINESTRING M ((-71.114091152999947 42.315507318000073 NAN, -71.114089883999952 42.31571550600006 NAN, -71.11405850999995 42.315888146000077 NAN, -71.114017454999953 42.316030931000057 NAN))"
1206,Huntington Avenue,6270800.000000000000000,3,2,1,2013,SLM,0.000851310028675,"MULTILINESTRING M ((-71.11268026099998 42.331968670000037 NAN, -71.113528294999981 42.331894057000056 NAN))"
1207,Commonwealth Avenue,6294400.000000000000000,3,2,1,2018,SBL,0.002838223893289,"MULTILINESTRING M ((-71.110919915999943 42.350653881000028 NAN, -71.113738742999942 42.35098513500003 NAN))"
1208,American Legion Highway,5120300.000000000000000,5,2,1,2020,SBL,0.007070020153398,
1209,Walk Hill Street,5688900.000000000000000,5,2,,2015,BL,0.001165007213105,"MULTILINESTRING M ((-71.109408298999938 42.289737578000029 NAN, -71.109460600999967 42.289777451000077 NAN, -71.110333219999973 42.290445930000033 NAN))"
1210,Arborway,5241500.000000000000000,0,3,1,2018,SBL,0.000509271458809,"MULTILINESTRING M ((-71.111031571999945 42.301262168000051 NAN, -71.110522985999978 42.301288582000041 NAN))"
1211,James Shea Circle,5489300.000000000000000,2,1,1,2018,SBL,0.000213939999865,"MULTILINESTRING M ((-71.106444259999932 42.300859983000066 NAN, -71.106551543999956 42.300883218000081 NAN, -71.106655566999962 42.300888727000029 NAN))"
1212,Huntington Avenue,5679400.000000000000000,3,2,,2013,SLM,0.001304985233235,"MULTILINESTRING M ((-71.110806676999971 42.332764861000044 NAN, -71.110733813999957 42.332804162000059 NAN, -71.11041675599995 42.332967391000068 NAN, -71.110240099999942 42.33305288400004 NAN, -71.110099666999986 42.333105864000061 NAN, -71.109869685999968 42.333168104000038 NAN, -71.109591499999965 42.333207673000061 NAN))"
1213,Brookline Avenue,4570000.000000000000000,2,2,,2023,BLSL,0.000686448058484,"MULTILINESTRING M ((-71.109832426999958 42.336536199000079 NAN, -71.109334083999954 42.337008285000024 NAN))"
1214,Longwood Avenue,5318500.000000000000000,5,2,,2015,BLSL,0.000233672670743,"MULTILINESTRING M ((-71.109248731999969 42.340068952000081 NAN, -71.10904071799996 42.339962495000066 NAN))"
1215,Brookline Avenue,6297900.000000000000000,2,2,,2020,BL,0.001036195305801,"MULTILINESTRING M ((-71.106521253999972 42.33962826700008 NAN, -71.10728332399998 42.338926163000053 NAN))"
1216,Commonwealth Avenue,5176700.000000000000000,3,2,1,2008,BL,0.002331233021419,"MULTILINESTRING M ((-71.108884118999981 42.350205023000058 NAN, -71.108148487999983 42.35011417700008 NAN, -71.107489035999947 42.350032589000079 NAN, -71.106570339999962 42.349920292000036 NAN))"
1217,Park Drive,5383400.000000000000000,2,2,,2015,BL,0.000141350128304,"MULTILINESTRING M ((-71.105137479999939 42.346686919000035 NAN, -71.105066858999976 42.346564475000037 NAN))"
1218,Commonwealth Avenue,6233600.000000000000000,3,2,1,2008,BL,0.001583633441047,"MULTILINESTRING M ((-71.104963436999981 42.34991532600003 NAN, -71.106535500999939 42.350106401000062 NAN))"
1219,River Street,5053200.000000000000000,5,2,,2013,SLM,0.001286379840177,"MULTILINESTRING M ((-71.103941752999958 42.263601348000066 NAN, -71.103661238999962 42.263606571000025 NAN, -71.102655421999941 42.263605906000066 NAN))"
1220,River Street,5155800.000000000000000,5,2,,2013,SLM,0.000475562420231,"MULTILINESTRING M ((-71.102251039999942 42.263618175000033 NAN, -71.102135046999933 42.263627176000057 NAN, -71.101961475999985 42.263673279000045 NAN, -71.101787712999965 42.263718818000029 NAN))"
1221,River Street,5729900.000000000000000,5,2,,2013,SLM,0.000207208718839,"MULTILINESTRING M ((-71.101048329999969 42.264054428000065 NAN, -71.100869889999956 42.264159759000052 NAN))"
1222,Walk Hill Street,4947100.000000000000000,5,2,,2014,SLM,0.002029853753902,"MULTILINESTRING M ((-71.099632416999953 42.28234481700008 NAN, -71.099301200999946 42.282147287000043 NAN, -71.09880420099995 42.281892903000028 NAN, -71.098321042999942 42.281638569000052 NAN, -71.098183257999949 42.281529485000078 NAN, -71.098066051999979 42.281431170000076 NAN, -71.097928585999966 42.281270884000037 NAN))"
1223,Walk Hill Street,5168300.000000000000000,5,2,,2015,BL,0.000964408060900,"MULTILINESTRING M ((-71.104199066999968 42.285770540000044 NAN, -71.104932651999945 42.286342510000054 NAN, -71.10495911199996 42.28636417000007 NAN))"
1224,Morton Street,5688400.000000000000000,2,1,1,2013,BFBL,0.004532357883769,"MULTILINESTRING M ((-71.099797365999962 42.296386815000062 NAN, -71.099455279999972 42.296066490000044 NAN, -71.099189678999949 42.295789287000048 NAN, -71.098692367999945 42.295327832000055 NAN, -71.097597833999941 42.294270650000044 NAN, -71.096925690999967 42.293626830000051 NAN, -71.096692385999972 42.293399248000071 NAN, -71.09654661999997 42.293230494000056 NAN))"
1225,Forsyth Street,5380800.000000000000000,0,2,,2012,BL,0.000977045918353,"MULTILINESTRING M ((-71.090142220999951 42.338697599000056 NAN, -71.090300823999939 42.339035212000056 NAN, -71.090518110999938 42.339476005000051 NAN, -71.090568082999937 42.339576904000069 NAN))"
1226,Forsyth Street,5380900.000000000000000,0,2,,2012,BL,0.000260056425188,"MULTILINESTRING M ((-71.090037008999957 42.338459776000036 NAN, -71.090142220999951 42.338697599000056 NAN))"
1227,Massachusetts Avenue,5200000.000000000000000,3,2,,2016,SBL,0.001810716979892,"MULTILINESTRING M ((-71.085796889999983 42.343340479000062 NAN, -71.085852275999969 42.343395821000058 NAN, -71.085907381999959 42.343495054000073 NAN, -71.086548051999955 42.344869179000057 NAN, -71.086596573999941 42.344959778000032 NAN))"
1228,Centre Street,4637400.000000000000000,5,2,,2010,BLSL,0.000404945735104,"MULTILINESTRING M ((-71.101745040999958 42.322900519000029 NAN, -71.101341480999963 42.322867047000045 NAN))"
1229,Centre Street,4637500.000000000000000,5,2,,2010,BLSL,0.000757023625579,"MULTILINESTRING M ((-71.101341480999963 42.322867047000045 NAN, -71.100621010999987 42.322827973000074 NAN, -71.100585984999952 42.32282222300006 NAN))"
1230,Centre Street,5147300.000000000000000,5,2,,2011,SLM,0.001838428396450,"MULTILINESTRING M ((-71.10036176999995 42.322815816000059 NAN, -71.100088786999947 42.322788984000056 NAN, -71.100011869999946 42.322780839000075 NAN, -71.09994046099996 42.322772150000048 NAN, -71.099811211999963 42.322767197000076 NAN, -71.099685829999942 42.322758450000038 NAN, -71.099649968999984 42.322755946000029 NAN, -71.09876273499998 42.322650442000054 NAN, -71.098535494999965 42.32261251500006 NAN))"
1231,Tremont Street,5316000.000000000000000,5,2,,2015,SLM,0.000709238372960,"MULTILINESTRING M ((-71.10264402699994 42.333455645000072 NAN, -71.102032870999949 42.333229583000048 NAN, -71.101978778999978 42.333209751000027 NAN))"
1232,Palace Road,5745000.000000000000000,0,2,,2012,SLM,0.000967074966908,"MULTILINESTRING M ((-71.100898524999934 42.336158409000063 NAN, -71.100366832999953 42.336966207000046 NAN))"
1233,Huntington Avenue,6241500.000000000000000,3,2,1,2013,SLM,0.001112296679032,"MULTILINESTRING M ((-71.100325737999981 42.335942748000036 NAN, -71.100683366999988 42.335781172000054 NAN, -71.100995252999951 42.335649801000045 NAN, -71.101358344999937 42.335532932000035 NAN))"
1234,Saint Alphonsus Street,5350600.000000000000000,5,2,,2015,BL,0.000576598300747,"MULTILINESTRING M ((-71.100364189999937 42.334480591000045 NAN, -71.100050359999955 42.33496430200006 NAN))"
1235,Beacon Street,5190000.000000000000000,3,2,1,2018,SBL,0.000779864067125,"MULTILINESTRING M ((-71.104055725999956 42.346882181000069 NAN, -71.103301636999959 42.347081022000054 NAN))"
1236,Beacon Street,5190100.000000000000000,3,2,1,2020,SBL,0.000815351016726,"MULTILINESTRING M ((-71.103301636999959 42.347081022000054 NAN, -71.102514316999986 42.347292976000062 NAN))"
1237,River Street,5868800.000000000000000,5,2,,2013,SLM,0.000490440758705,"MULTILINESTRING M ((-71.094887150999966 42.267132876000062 NAN, -71.094786709999937 42.267185263000044 NAN, -71.094447484999932 42.267350112000031 NAN))"
1238,Blue Hill Avenue,6285400.000000000000000,5,2,1,2010,SLM,0.000334477207739,"MULTILINESTRING M ((-71.084693043999948 42.305616908000047 NAN, -71.084721763999937 42.305456083000081 NAN, -71.084741142999974 42.305286076000073 NAN))"
1239,Warren Street,4714200.000000000000000,5,2,,2010,SLM,0.000309013546250,"MULTILINESTRING M ((-71.082916629999943 42.311879930000032 NAN, -71.082922328999985 42.311992493000048 NAN, -71.082972438999946 42.31218229600006 NAN))"
1240,Blue Hill Avenue,5175300.000000000000000,2,2,1,2010,SLM,0.001008408557229,"MULTILINESTRING M ((-71.093709701999956 42.267674377000048 NAN, -71.093683114999976 42.268335443000069 NAN, -71.093651728999987 42.268680828000072 NAN))"
1241,Blue Hill Avenue,6282300.000000000000000,2,2,1,2010,BL,0.000835833754218,"MULTILINESTRING M ((-71.093577019999941 42.277256530000045 NAN, -71.093623218999937 42.276421974000073 NAN))"
1242,Blue Hill Avenue,4966300.000000000000000,2,2,1,2010,BL,0.000863757713483,"MULTILINESTRING M ((-71.093020227999943 42.279301626000063 NAN, -71.092954015999965 42.279464570000073 NAN, -71.092863554999951 42.279715774000067 NAN, -71.092726831999983 42.280113827000037 NAN))"
1243,Morton Street,5690800.000000000000000,2,1,1,2013,BL,0.000351335767794,"MULTILINESTRING M ((-71.09654661999997 42.293230494000056 NAN, -71.096415008999941 42.293040405000056 NAN, -71.096360414999936 42.292933395000034 NAN))"
1244,American Legion Highway,6236100.000000000000000,5,2,1,2020,SBL,0.000789206632773,"MULTILINESTRING M ((-71.094550049999953 42.293214463000027 NAN, -71.094753902999969 42.293010924000043 NAN, -71.095092180999984 42.292641186000026 NAN))"
1245,Walnut Avenue,5308200.000000000000000,6,2,,2011,SLM,0.000808283018658,"MULTILINESTRING M ((-71.09763871399997 42.311693280000043 NAN, -71.097490250999954 42.311882981000053 NAN, -71.097328953999977 42.31203315700003 NAN, -71.097181447999958 42.312115950000077 NAN, -71.09701802099994 42.31218612300006 NAN))"
1246,Walnut Avenue,4710200.000000000000000,6,2,,2011,SLM,0.001331502642477,"MULTILINESTRING M ((-71.096224894999978 42.312511265000069 NAN, -71.095980301999987 42.312680040000032 NAN, -71.095359315999985 42.313137568000059 NAN, -71.095145301999935 42.313290427000027 NAN))"
1247,Canterbury Street,4948500.000000000000000,0,2,,2021,SLMTC,0.000441617315815,"MULTILINESTRING M ((-71.113851832999956 42.281223107000073 NAN, -71.113781663999987 42.281359604000045 NAN, -71.113609009999948 42.281590289000064 NAN))"
1248,Eliot Street,4712100.000000000000000,0,2,,2023,CFBL,0.002029926652060,"MULTILINESTRING M ((-71.119616676999954 42.313793233000069 NAN, -71.119310341999949 42.313485551000042 NAN, -71.118949881999981 42.313102860000072 NAN, -71.118366358999936 42.312529232000031 NAN, -71.118191561999936 42.312348032000045 NAN))"
1249,North Harvard Street,5491500.000000000000000,3,3,,,BL,0.000197410503028,"MULTILINESTRING M ((-71.123620986999981 42.368462510000029 NAN, -71.123492296999984 42.368612209000048 NAN))"
1250,Washington Street,4743000.000000000000000,3,2,,2016,SLM,0.000248797862519,"MULTILINESTRING M ((-71.106382296999982 42.307596257000057 NAN, -71.106201576999979 42.307767256000034 NAN))"
1251,Boylston Street,4667800.000000000000000,6,2,,2023,CFBL,0.000777616984206,"MULTILINESTRING M ((-71.108648155999958 42.318081765000045 NAN, -71.108889825999938 42.318173739000031 NAN, -71.109368908999954 42.318373436000059 NAN))"
1252,Boylston Street,5766200.000000000000000,6,2,,2023,CFBL,0.000214002337876,"MULTILINESTRING M ((-71.10844327999996 42.318019936000042 NAN, -71.108648155999958 42.318081765000045 NAN))"
1253,Seaverns Avenue,5530300.000000000000000,6,2,,2023,SBL,0.000788533873038,"MULTILINESTRING M ((-71.114181305999978 42.31231606700004 NAN, -71.113756376999959 42.31222348700004 NAN, -71.113411115999952 42.312146978000044 NAN))"
1254,Essex Street,5871500.000000000000000,2,2,,2018,BL,0.000190507372584,"MULTILINESTRING M ((-71.110953042999938 42.35045862000004 NAN, -71.110986853999975 42.35027113700005 NAN))"
1255,Washington Street,5734500.000000000000000,3,2,,2016,SLM,0.001220835861370,"MULTILINESTRING M ((-71.102565943999934 42.311473013000068 NAN, -71.101703421999957 42.312337013000047 NAN))"
1256,Ruggles Street,4589600.000000000000000,5,2,,2023,SBLBL,0.000989381776808,"MULTILINESTRING M ((-71.08671557699995 42.333679139000026 NAN, -71.085866087999989 42.33317194600005 NAN))"
1257,Washington Street,4705600.000000000000000,3,2,,2016,SLM,0.000790899787483,"MULTILINESTRING M ((-71.101036202999978 42.313046566000025 NAN, -71.10047394999998 42.313602798000034 NAN))"
1258,Brookline Avenue,4532200.000000000000000,3,2,,2019,SBLSL,0.002288356622496,"MULTILINESTRING M ((-71.102649087999964 42.343321813000045 NAN, -71.101824812999951 42.34409032800005 NAN, -71.101668254999936 42.344229329000029 NAN, -71.100982572999953 42.344889790000025 NAN))"
1259,Brookline Avenue,5354500.000000000000000,3,2,,2019,BLSL,0.000514699518678,"MULTILINESTRING M ((-71.099703050999949 42.346075418000055 NAN, -71.099501116999988 42.346281220000037 NAN, -71.099347223999985 42.346447238000053 NAN))"
1260,Boylston Street,4529600.000000000000000,2,2,,2022,SBL,0.001174486259611,"MULTILINESTRING M ((-71.100003740999966 42.343980686000066 NAN, -71.099514881999937 42.344106500000066 NAN, -71.098870992999935 42.344290622000074 NAN))"
1261,Maitland Street,5742900.000000000000000,0,2,,,SLM,0.000314406118907,"MULTILINESTRING M ((-71.101619229999983 42.347226567000064 NAN, -71.101764708999951 42.347505291000061 NAN))"
1262, ,5903300.000000000000000,0, ,,,SUP,0.001480453815107,"MULTILINESTRING M ((-71.098069219999957 42.306977931000063 NAN, -71.097893003999957 42.306955498000036 NAN, -71.097786488999986 42.306941942000037 NAN, -71.097703387999957 42.30693896400004 NAN, -71.097612537999964 42.306938646000049 NAN, -71.09744146099996 42.306947966000052 NAN, -71.097066567999946 42.306982151000057 NAN, -71.096596481999939 42.307040208000046 NAN))"
1263,Thornton Street,5832200.000000000000000,0,2,,2011,SLM,0.000517414984150,"MULTILINESTRING M ((-71.093098085999941 42.321857770000065 NAN, -71.093239365999978 42.321755174000032 NAN, -71.093519430999947 42.321557477000056 NAN))"
1264,Huntington Avenue,6261600.000000000000000,3,2,1,2012,SLM,0.001066526402051,"MULTILINESTRING M ((-71.094753568999977 42.338126507000027 NAN, -71.094821830999933 42.338096361000055 NAN, -71.095746007999935 42.33773612400006 NAN))"
1265,Museum Road,5381200.000000000000000,0,2,,2010,SLM,0.002321601005598,"MULTILINESTRING M ((-71.096853195999984 42.339070875000061 NAN, -71.094727685999942 42.338137045000053 NAN))"
1266,Ruggles Street,6305500.000000000000000,5,2,,2010,SLM,0.000643624621324,"MULTILINESTRING M ((-71.093666230999986 42.336965790000079 NAN, -71.093062878999945 42.336741694000068 NAN))"
1267,Forsyth Way,5424900.000000000000000,5,2,1,2011,BL,0.001671042642613,"MULTILINESTRING M ((-71.093707079999945 42.340763655000046 NAN, -71.093619047999937 42.340750977000027 NAN, -71.093477422999968 42.340675169000065 NAN, -71.093361422999976 42.340561800000046 NAN, -71.092621905999977 42.339542553000058 NAN))"
1268,Commonwealth Avenue,6224600.000000000000000,3,2,1,2023,SBL,0.000903031940499,"MULTILINESTRING M ((-71.096234913999979 42.349032245000046 NAN, -71.096530077999944 42.348997996000037 NAN, -71.096729996999954 42.348981052000056 NAN, -71.096896203999961 42.348980303000076 NAN, -71.097134941999968 42.348992377000059 NAN))"
1269,Brookline Avenue,45732100.000000000000000,3,2,1,2009,SLM,0.000793592144713,"MULTILINESTRING M ((-71.096234913999979 42.349032245000046 NAN, -71.096720969999978 42.348903387000064 NAN, -71.096863890999941 42.348872130000075 NAN, -71.096906861999969 42.348847578000061 NAN, -71.096930760999953 42.348830016000079 NAN, -71.096945169999969 42.348808895000047 NAN, -71.096969152999975 42.348777220000045 NAN))"
1270,Blue Hill Avenue,5124200.000000000000000,2,2,1,2010,BL,0.000805027829549,"MULTILINESTRING M ((-71.092464452999934 42.28089774700004 NAN, -71.092204887999969 42.28165978100003 NAN))"
1271,Blue Hill Avenue,6223900.000000000000000,2,2,1,2023,SBL,0.000793532169493,"MULTILINESTRING M ((-71.091547868999953 42.284281268000029 NAN, -71.09168056599998 42.283915428000057 NAN, -71.091807697999968 42.283531563000054 NAN))"
1272,Blue Hill Avenue,6218800.000000000000000,3,2,1,2010,BL,0.000548729325329,"MULTILINESTRING M ((-71.090756200999976 42.286623176000035 NAN, -71.090933650999943 42.286103931000071 NAN))"
1273,Blue Hill Avenue,6219100.000000000000000,3,2,1,2010,BL,0.000687434752828,"MULTILINESTRING M ((-71.090122013999974 42.288548621000075 NAN, -71.090308812999979 42.287983290000057 NAN, -71.090334961999986 42.28789504100007 NAN))"
1274,Blue Hill Avenue,6219300.000000000000000,3,2,1,2010,BL,0.000548593782138,"MULTILINESTRING M ((-71.089801039999941 42.289508617000081 NAN, -71.089915779999956 42.289169160000029 NAN, -71.089976251999985 42.288988756000037 NAN))"
1275,Blue Hill Avenue,6219400.000000000000000,3,2,1,2010,BL,0.000296898418203,"MULTILINESTRING M ((-71.089710348999972 42.289791325000067 NAN, -71.089801039999941 42.289508617000081 NAN))"
1276,Blue Hill Avenue,4856600.000000000000000,3,2,1,2010,BL,0.000851749440039,"MULTILINESTRING M ((-71.089614006999966 42.289486897000074 NAN, -71.089355520999959 42.290298477000078 NAN))"
1277,Blue Hill Avenue,5111300.000000000000000,3,2,1,2010,BL,0.000196996535237,"MULTILINESTRING M ((-71.089113798999961 42.291007357000069 NAN, -71.089049122999938 42.291193434000036 NAN))"
1278,Blue Hill Avenue,4805400.000000000000000,3,2,1,2012,BL,0.001825117379359,"MULTILINESTRING M ((-71.087839186999986 42.294919725000057 NAN, -71.087718205999977 42.295312047000039 NAN, -71.087279184999943 42.296656761000065 NAN))"
1279,Talbot Avenue,5691000.000000000000000,5,2,,2010,BL,0.001257052695431,"MULTILINESTRING M ((-71.087180685999954 42.294691000000057 NAN, -71.086954789999936 42.294616071000064 NAN, -71.085975709999957 42.294333452000046 NAN))"
1280,Blue Hill Avenue,6227300.000000000000000,3,2,1,2012,SLM,0.000805071385660,"MULTILINESTRING M ((-71.086554700999955 42.299565068000049 NAN, -71.086826482999982 42.298807259000057 NAN))"
1281,Walnut Avenue,4666600.000000000000000,6,2,,2011,SLM,0.001253177366760,"MULTILINESTRING M ((-71.091004387999988 42.318276916000059 NAN, -71.090905990999943 42.318515146000038 NAN, -71.090843685999971 42.318682042000034 NAN, -71.090802442999973 42.318757856000047 NAN, -71.090674068999988 42.318882879000057 NAN, -71.090407372999948 42.319087310000043 NAN, -71.090238190999969 42.319221189000075 NAN))"
1282,Walnut Avenue,5189400.000000000000000,6,2,,2011,SLM,0.000950408714994,"MULTILINESTRING M ((-71.086944532999951 42.320440225000027 NAN, -71.086746289999951 42.320496671000058 NAN, -71.086526661999983 42.320545401000061 NAN, -71.086322339999981 42.320571112000039 NAN, -71.086013948999948 42.320626830000037 NAN))"
1283,Walnut Avenue,4651300.000000000000000,6,2,,2011,BLSL,0.000806345690914,"MULTILINESTRING M ((-71.086013948999948 42.320626830000037 NAN, -71.086013223999942 42.320737678000057 NAN, -71.086003951999942 42.320822045000057 NAN, -71.085973149999973 42.320895087000054 NAN, -71.085951450999971 42.320937209000078 NAN, -71.085913848999951 42.321006281000052 NAN, -71.085831489999975 42.321107269000038 NAN, -71.085664951999945 42.321326119000048 NAN))"
1284,Huntington Avenue,5978400.000000000000000,3,2,1,2012,SLM,0.001648819287055,"MULTILINESTRING M ((-71.086469565999948 42.341383642000039 NAN, -71.086040521999962 42.341722519000029 NAN, -71.085192460999963 42.342426357000079 NAN))"
1285,Commonwealth Avenue,5859202.000000000000000,3,2,1,2010,BL,0.000121909061634,"MULTILINESTRING M ((-71.09171155699994 42.348864062000075 NAN, -71.091589671999941 42.348866484000041 NAN))"
1286,Hereford Street,5269700.000000000000000,5,2,,2013,BL,0.000469716318148,"MULTILINESTRING M ((-71.085838722999938 42.349158267000064 NAN, -71.085926231999963 42.349335766000081 NAN, -71.086048635999987 42.349578464000047 NAN))"
1287,Boylston Street,5650300.000000000000000,3,2,,2020,SBL,0.000175713870769,"MULTILINESTRING M ((-71.064151543999969 42.352348685000038 NAN, -71.063976331999982 42.352335414000038 NAN))"
1288,Boylston Street,5861900.000000000000000,3,2,,2020,SBL,0.000420154518181,"MULTILINESTRING M ((-71.063976331999982 42.352335414000038 NAN, -71.063556450999954 42.352320256000041 NAN))"
1289,Washington Street,4465300.000000000000000,0,2,,0,PED,0.000994739541492,"MULTILINESTRING M ((-71.061254356999939 42.354792868000061 NAN, -71.061182020999979 42.354859569000041 NAN, -71.060975118999977 42.355048967000073 NAN, -71.060523845999967 42.355468035000058 NAN))"
1290,Massachusetts Avenue,5589000.000000000000000,3,2,,2022,SBLBL,0.001031636693869,"MULTILINESTRING M ((-71.089940329999934 42.351788432000035 NAN, -71.089497742999981 42.350856557000043 NAN))"
1291,Willowwood Street,5723700.000000000000000,0,2,,2015,SLM,0.000654699145139,"MULTILINESTRING M ((-71.085414007999987 42.282633790000034 NAN, -71.085561149999933 42.283271740000032 NAN))"
1292,Ballou Avenue,4925600.000000000000000,0,2,,2015,SLM,0.000741840757972,"MULTILINESTRING M ((-71.085045701999945 42.283469634000028 NAN, -71.084754363999934 42.283581119000075 NAN, -71.084350821999976 42.283729336000079 NAN))"
1293,Warren Street,5191800.000000000000000,5,2,,2010,SLM,0.000153121249745,"MULTILINESTRING M ((-71.083711333999986 42.314068289000033 NAN, -71.083715446999975 42.314221355000029 NAN))"
1294,Walnut Avenue,4647200.000000000000000,6,2,,2011,BLSL,0.000445090145773,"MULTILINESTRING M ((-71.085664951999945 42.321326119000048 NAN, -71.08543883699997 42.321664043000055 NAN, -71.085417427999971 42.32169603400007 NAN))"
1295,Warren Street,6263500.000000000000000,5,2,1,2011,BL,0.002472317890299,"MULTILINESTRING M ((-71.082854978999933 42.324054543000045 NAN, -71.082735526999954 42.323684426000057 NAN, -71.082594742999959 42.32324141600003 NAN, -71.082551494999962 42.323105314000031 NAN, -71.082391439999981 42.322649349000073 NAN, -71.08233751399996 42.32249571300008 NAN, -71.082148282999981 42.321928961000026 NAN, -71.082071633999988 42.321709800000065 NAN))"
1296,Martin Luther King Boulevard,6248600.000000000000000,5,2,1,2010,BL,0.000153509278634,"MULTILINESTRING M ((-71.082135022999978 42.317936099000065 NAN, -71.081988426999942 42.317890550000072 NAN))"
1297,Warren Street,5602300.000000000000000,5,2,1,2011,BL,0.000352701532963,"MULTILINESTRING M ((-71.081392164999954 42.319458836000081 NAN, -71.081379908999963 42.319678803000045 NAN, -71.081386046999967 42.31981105400007 NAN))"
1298,Warren Street,5799700.000000000000000,5,2,1,2011,BL,0.000660184649726,"MULTILINESTRING M ((-71.083308148999947 42.325967629000047 NAN, -71.083280701999968 42.326076686000079 NAN, -71.083271488999969 42.326128501000028 NAN, -71.083184829999936 42.326615957000058 NAN))"
1299,Warren Street,4614500.000000000000000,5,2,,2011,SLM,0.000774706736434,"MULTILINESTRING M ((-71.083448351999948 42.328658332000032 NAN, -71.083469395999941 42.328716364000059 NAN, -71.083461849999935 42.328796237000063 NAN, -71.083358216999954 42.329420441000025 NAN))"
1300,Warren Street,6264200.000000000000000,5,2,1,2021,SBL,0.000380148444976,"MULTILINESTRING M ((-71.083206827999959 42.327651374000027 NAN, -71.083242927999947 42.327454128000056 NAN, -71.083275261999972 42.327277436000031 NAN))"
1301,Warren Street,5601300.000000000000000,5,2,1,2011,BL,0.000185759450909,"MULTILINESTRING M ((-71.083093855999948 42.327273967000053 NAN, -71.083066458999951 42.327457695000078 NAN))"
1302,Washington Street,5271600.000000000000000,3,2,,2011,SLM,0.001047547764730,"MULTILINESTRING M ((-71.082714848999956 42.331076900000028 NAN, -71.082371697999974 42.331393010000056 NAN, -71.081970514999966 42.331739857000059 NAN, -71.081933021999987 42.331773922000025 NAN))"
1303,Washington Street,6245300.000000000000000,3,2,1,2011,SLM,0.000680404903904,"MULTILINESTRING M ((-71.080678743999954 42.333539220000034 NAN, -71.081076347999954 42.332987077000041 NAN))"
1304,Massachusetts Avenue,5260300.000000000000000,3,2,,2011,BL,0.001796102831804,"MULTILINESTRING M ((-71.083255618999942 42.341632558000072 NAN, -71.083204642999988 42.341599175000056 NAN, -71.083171387999982 42.341581612000027 NAN, -71.083119666999949 42.341546536000067 NAN, -71.083024155999965 42.341480356000034 NAN, -71.082024844999978 42.340823455000077 NAN, -71.081746049999936 42.340660385000035 NAN))"
1305,Massachusetts Avenue,4536900.000000000000000,3,2,,2022,SBLBL,0.000912333253834,"MULTILINESTRING M ((-71.084852916999978 42.342710809000039 NAN, -71.084524623999982 42.342486800000074 NAN, -71.084096637999949 42.342200538000043 NAN))"
1306,Belvidere Street,5342900.000000000000000,5,2,,2013,BL,0.001003962637578,"MULTILINESTRING M ((-71.084406808999972 42.346048156000052 NAN, -71.084024732999978 42.345985445000053 NAN, -71.083833220999963 42.345953804000033 NAN, -71.083413715999939 42.345902207000051 NAN))"
1307,Norfolk Street,4867900.000000000000000,5,2,,2017,BL,0.000549464070412,"MULTILINESTRING M ((-71.076802941999972 42.288240432000066 NAN, -71.076511932999949 42.288297321000073 NAN, -71.076265633999981 42.288354930000025 NAN))"
1308,Columbia Road,6284100.000000000000000,5,2,1,2010,BL,0.000721838036285,"MULTILINESTRING M ((-71.075527957999952 42.308045738000033 NAN, -71.075689775999933 42.307908474000044 NAN, -71.076076719999946 42.307576795000045 NAN))"
1309,Geneva Avenue,5854300.000000000000000,5,2,,2016,SLM,0.002377334971070,"MULTILINESTRING M ((-71.074161337999954 42.304918893000035 NAN, -71.073590614999944 42.30479523200006 NAN, -71.073117812999953 42.304680377000068 NAN, -71.07287127799998 42.304593935000071 NAN, -71.072692200999938 42.304508302000045 NAN, -71.072480859999985 42.304373595000072 NAN, -71.072023328999933 42.303990955000074 NAN))"
1310,Columbia Road,5218000.000000000000000,5,2,1,2010,BL,0.001668100488748,"MULTILINESTRING M ((-71.074491276999936 42.308641168000065 NAN, -71.074031759999968 42.308940500000062 NAN, -71.073811801999966 42.309089656000026 NAN, -71.073614995999947 42.30922311300003 NAN, -71.073226068999986 42.309452372000067 NAN, -71.073083784999938 42.309535267000058 NAN))"
1311,Dorchester Avenue,4942000.000000000000000,3,2,,2010,SLM,0.000427597340760,"MULTILINESTRING M ((-71.065440672999955 42.281652235000081 NAN, -71.065322292999952 42.282063119000043 NAN))"
1312,Dorchester Avenue,4928800.000000000000000,3,2,,2010,SLM,0.000695775055369,"MULTILINESTRING M ((-71.065055886999971 42.283036123000045 NAN, -71.06487244799996 42.283707281000034 NAN))"
1313,Washington Street,4559900.000000000000000,3,2,,2011,SLM,0.000852886029981,"MULTILINESTRING M ((-71.074977664999949 42.337927591000039 NAN, -71.074288131999936 42.338429546000043 NAN))"
1314,Columbus Avenue,4522200.000000000000000,3,2,,2009,BL,0.000780506699384,"MULTILINESTRING M ((-71.07584266899994 42.345369235000078 NAN, -71.075239360999944 42.345864422000034 NAN))"
1315,Dartmouth Street,5663300.000000000000000,5,2,,2011,SLM,0.000245380976722,"MULTILINESTRING M ((-71.074632627999961 42.344613374000062 NAN, -71.074736543999961 42.344835665000062 NAN))"
1316,West Dedham Street,5616300.000000000000000,5,2,,2011,BLSL,0.000516357822955,"MULTILINESTRING M ((-71.07375596199995 42.342839574000038 NAN, -71.073729653999976 42.342732475000048 NAN, -71.073614278999969 42.342606416000081 NAN, -71.073435997999979 42.342453023000076 NAN))"
1317,Huntington Avenue,5595400.000000000000000,3,2,1,2015,SLM,0.002303962857679,"MULTILINESTRING M ((-71.076933570999984 42.34928840300006 NAN, -71.076964989999965 42.349197481000033 NAN, -71.07799493899995 42.348356239000054 NAN, -71.07839705899994 42.348058000000037 NAN, -71.078572013999974 42.347969540000065 NAN, -71.078746706999937 42.347921310000061 NAN))"
1318,Dartmouth Street,4508400.000000000000000,5,2,,2011,BL,0.001103105818923,"MULTILINESTRING M ((-71.076452840999934 42.348295748000055 NAN, -71.07666237899997 42.348750605000077 NAN, -71.076933570999984 42.34928840300006 NAN))"
1319,Stuart Street,4503600.000000000000000,3,2,,2017,BL,0.002188077045954,"MULTILINESTRING M ((-71.074349384999948 42.348942381000029 NAN, -71.074000921999982 42.349068819000081 NAN, -71.073274270999946 42.349258564000081 NAN, -71.07224602499997 42.349541145000046 NAN))"
1320,Dartmouth Street,5269300.000000000000000,5,2,,2024,SBL,0.000489125190028,"MULTILINESTRING M ((-71.078906500999949 42.353225612000074 NAN, -71.079117748999977 42.35366676700005 NAN))"
1321,Sullivan Square,5872200.000000000000000,3,2,,2014,BFBL,0.000592247012703,"MULTILINESTRING M ((-71.073715980999964 42.383910044000061 NAN, -71.073565740999982 42.383879194000031 NAN, -71.073411619999945 42.383873114000039 NAN, -71.073279606999961 42.383893280000052 NAN, -71.073192082999981 42.383927377000077 NAN, -71.073139694999952 42.383950231000028 NAN))"
1322,Sullivan Square,5699300.000000000000000,3,2,,2014,BFBL,0.000131691438367,"MULTILINESTRING M ((-71.073139694999952 42.383950231000028 NAN, -71.073040473999981 42.384036821000052 NAN))"
1323,Main Street,5699200.000000000000000,5,2,1,2014,BFBL,0.000793596271264,"MULTILINESTRING M ((-71.073040473999981 42.384036821000052 NAN, -71.072893585999964 42.384098236000057 NAN, -71.072805357999982 42.384115000000065 NAN, -71.072720080999943 42.384110729000042 NAN, -71.072645721999947 42.384068954000043 NAN, -71.07255880799994 42.383973837000042 NAN, -71.072369352999942 42.383818399000063 NAN))"
1324,Dorchester Avenue,5398500.000000000000000,3,2,,2010,SLM,0.000663490407223,"MULTILINESTRING M ((-71.067796495999971 42.273266070000034 NAN, -71.067712726999957 42.273557498000059 NAN, -71.06762151099997 42.273906021000073 NAN))"
1325,Norfolk Street,5847600.000000000000000,5,2,,2017,BL,0.000828660294487,"MULTILINESTRING M ((-71.072620584999981 42.289681751000046 NAN, -71.072418032999963 42.28988131400007 NAN, -71.072226873999966 42.290047160000029 NAN, -71.071996421999984 42.290225240000041 NAN))"
1326,Geneva Avenue,4768700.000000000000000,5,2,,2016,SLM,0.000751367214666,"MULTILINESTRING M ((-71.070172678999938 42.302670167000031 NAN, -71.069793084999958 42.30244986200006 NAN, -71.069523167999932 42.302292427000054 NAN))"
1327,Monsignor Reynolds Way,5671100.000000000000000,5,2,,2011,SLM,0.000263051556707,"MULTILINESTRING M ((-71.069617560999973 42.340420937000033 NAN, -71.069452997999974 42.340368556000044 NAN, -71.069365819999973 42.340344814000048 NAN))"
1328,Washington Street,5715900.000000000000000,3,2,,2016,SLM,0.001153837918722,"MULTILINESTRING M ((-71.094040380999957 42.320079832000033 NAN, -71.093590377999988 42.32046424400005 NAN, -71.093146315999945 42.320808700000043 NAN))"
1329,Boylston Street,4526700.000000000000000,2,2,,2022,SBL,0.002634784772383,"MULTILINESTRING M ((-71.097874161999982 42.344567236000046 NAN, -71.097000206999951 42.34479938000004 NAN, -71.095655247999957 42.345144644000072 NAN, -71.095326771999964 42.345239707000076 NAN))"
1330,Ipswich Street,4517400.000000000000000,0,2,,2022,BL,0.001679493119126,"MULTILINESTRING M ((-71.095692501999963 42.346110901000031 NAN, -71.095506524999962 42.34619183500007 NAN, -71.095270310999979 42.346359246000077 NAN, -71.094943321999949 42.346665321000046 NAN, -71.094395703999965 42.347161926000069 NAN))"
1331,Washington Street,4474800.000000000000000,3,2,,2020,SBL,0.000616652437688,"MULTILINESTRING M ((-71.062516126999981 42.353288578000047 NAN, -71.062462043999972 42.35345830600005 NAN, -71.062387698999942 42.353594755000074 NAN, -71.062288386999967 42.353749676000064 NAN, -71.062232632999951 42.353831614000057 NAN))"
1332,Winter Place,5534400.000000000000000,0,0,,,PED,0.000442790184472,"MULTILINESTRING M ((-71.061598172999936 42.355480787000033 NAN, -71.061313496999958 42.355819937000035 NAN))"
1333,Jackson Place,5531500.000000000000000,0,0,,,PED,0.000362161670281,"MULTILINESTRING M ((-71.060987466999961 42.355672710000078 NAN, -71.061227212999938 42.355401264000079 NAN))"
1334,Fuller Street,4960900.000000000000000,0,2,,2021,SLMTC,0.003055035119382,"MULTILINESTRING M ((-71.078529940999942 42.280427079000049 NAN, -71.079128585999968 42.280308859000058 NAN, -71.080007426999941 42.280100507000043 NAN, -71.080785323999976 42.279945230000067 NAN, -71.081513326999982 42.279771762000053 NAN))"
1335,Ruggles Street,4601200.000000000000000,5,2,,2023,BLSL,0.000816140207811,"MULTILINESTRING M ((-71.084035701999937 42.332050984000034 NAN, -71.083378856999957 42.331566588000044 NAN))"
1336,Boylston Street,4507900.000000000000000,3,2,,2024,SBL,0.002029025294450,"MULTILINESTRING M ((-71.083757762999937 42.348393714000053 NAN, -71.081793812999933 42.348903463000056 NAN))"
1337,Milton Avenue,4933400.000000000000000,6,2,,2021,SLMTC,0.000365708499295,"MULTILINESTRING M ((-71.076161971999966 42.282554901000026 NAN, -71.076209939999956 42.28291745000007 NAN))"
1338,Milton Avenue,4948900.000000000000000,6,2,,2021,SLMTC,0.000652711890841,"MULTILINESTRING M ((-71.075736172999939 42.281046447000051 NAN, -71.075856901999941 42.281377191000047 NAN, -71.075955592999946 42.281661152000027 NAN))"
1339,Milton Avenue,4956000.000000000000000,6,2,,2021,SLMTC,0.000754793192168,"MULTILINESTRING M ((-71.075467166999942 42.280341527000076 NAN, -71.075604174999967 42.280729724000025 NAN, -71.075736172999939 42.281046447000051 NAN))"
1340,Milton Avenue,5752700.000000000000000,6,2,,2021,SLMTC,0.003239808555555,"MULTILINESTRING M ((-71.078858490999949 42.28713704200004 NAN, -71.07860046199994 42.286598358000049 NAN, -71.078113194999958 42.285915153000076 NAN, -71.077625887999943 42.285210000000063 NAN, -71.077085650999948 42.284433189000026 NAN))"
1341,Norwell Street,5272901.000000000000000,0,2,,2021,SLMTC,0.001011922056829,"MULTILINESTRING M ((-71.078743234999934 42.298781738000059 NAN, -71.078743798999938 42.298785981000037 NAN, -71.078817513999979 42.299342374000048 NAN, -71.078841646999933 42.29978810800003 NAN))"
1342,Quincy Street,5721200.000000000000000,5,2,,2019,SLM,0.001602782620274,"MULTILINESTRING M ((-71.074650073999976 42.312849244000063 NAN, -71.074087960999975 42.312615617000063 NAN, -71.073617627999965 42.312406241000076 NAN, -71.073298740999974 42.312280142000077 NAN, -71.07317170999994 42.31223071800008 NAN))"
1343,Tremont Street,5227700.000000000000000,3,2,,2020,SBL,0.000749154592755,"MULTILINESTRING M ((-71.061273408999966 42.357182317000024 NAN, -71.061818667999944 42.356672141000047 NAN, -71.061820443999977 42.356670472000076 NAN))"
1344,Tremont Street,4534400.000000000000000,3,2,,2023,SBLBL,0.000682799723498,"MULTILINESTRING M ((-71.07375596199995 42.342839574000038 NAN, -71.073157763999973 42.343168777000074 NAN))"
1345,Berkeley Street,5170100.000000000000000,3,2,,2024,SBL,0.000546135466770,"MULTILINESTRING M ((-71.072823078999988 42.350763782000058 NAN, -71.073067951999974 42.351251943000079 NAN))"
1346,Washington Street,5327900.000000000000000,5,2,,,SLM,0.000244513043701,"MULTILINESTRING M ((-71.069506040999954 42.278834396000036 NAN, -71.069539230999965 42.278884604000041 NAN, -71.069641041999944 42.279038262000029 NAN))"
1347,Washington Street,5724600.000000000000000,5,2,,,SLM,0.000488797988821,"MULTILINESTRING M ((-71.071385934999967 42.283069108000063 NAN, -71.071448115999942 42.283393265000029 NAN, -71.071477560999938 42.28354924100006 NAN))"
1348,Washington Street,4913500.000000000000000,5,2,,,SLM,0.000926539417117,"MULTILINESTRING M ((-71.071541182999965 42.284506050000061 NAN, -71.071523899999988 42.284568445000048 NAN, -71.071467111999937 42.284701591000044 NAN, -71.071302615999969 42.285074038000062 NAN, -71.071246050999946 42.285173989000043 NAN, -71.071177557999988 42.285356609000075 NAN))"
1349,Quincy Street,4717500.000000000000000,5,2,,2019,SLM,0.000766572431743,"MULTILINESTRING M ((-71.070932765999942 42.311618615000043 NAN, -71.070390412999984 42.311412335000057 NAN, -71.070217463999938 42.311343038000075 NAN))"
1350,Massachusetts Avenue,6282700.000000000000000,3,2,1,2023,SBL,0.002132632204605,"MULTILINESTRING M ((-71.066620146999981 42.326471980000065 NAN, -71.066450774999964 42.326290161000031 NAN, -71.066113737999956 42.325844927000048 NAN, -71.06573822699994 42.32537029000008 NAN, -71.065265383999986 42.324826636000068 NAN))"
1351,Massachusetts Avenue,5566900.000000000000000,3,2,,2023,SBL,0.000328199984480,"MULTILINESTRING M ((-71.069828575999964 42.330334489000052 NAN, -71.069602311999972 42.330096750000052 NAN))"
1352,Massachusetts Avenue,6231600.000000000000000,3,2,1,2023,SBL,0.000602187896353,"MULTILINESTRING M ((-71.067565044999981 42.327544642000078 NAN, -71.067204106999952 42.327125772000045 NAN, -71.067174059999957 42.327086736000069 NAN))"
1353,Berkeley Street,4523300.000000000000000,3,2,,2023,SBL,0.000424840605643,"MULTILINESTRING M ((-71.070218129999944 42.345444567000072 NAN, -71.070171744999982 42.345406135000076 NAN, -71.070063293999965 42.345347770000046 NAN, -71.069833869999968 42.345272538000074 NAN))"
1354,Washington Street,5132900.000000000000000,3,2,,2011,SLM,0.000537669020102,"MULTILINESTRING M ((-71.068782380999949 42.34166977700005 NAN, -71.068632697999988 42.34173551400005 NAN, -71.068415135999942 42.341820928000061 NAN, -71.068292253999971 42.341888963000031 NAN))"
1355,Arlington Street,5272400.000000000000000,3,2,,2020,SBL,0.000441542174178,"MULTILINESTRING M ((-71.071478432999982 42.353482246000056 NAN, -71.07127544399998 42.353090130000055 NAN))"
1356,Arlington Street,5272200.000000000000000,3,2,,2020,SBL,0.000403746445285,"MULTILINESTRING M ((-71.071080048999988 42.352681632000042 NAN, -71.070896033999986 42.352322258000072 NAN))"
1357,Arlington Street,5272100.000000000000000,3,2,,2020,SBL,0.000419630896994,"MULTILINESTRING M ((-71.070896033999986 42.352322258000072 NAN, -71.070704775999957 42.351948747000051 NAN))"
1358,Main Street,5232100.000000000000000,5,2,,2011,BL,0.000217355661216,"MULTILINESTRING M ((-71.067171587999951 42.377649445000031 NAN, -71.06731149999996 42.377776012000027 NAN, -71.067332809999982 42.377795222000032 NAN))"
1359,Main Street,5231900.000000000000000,5,2,,2011,SLM,0.000525365903594,"MULTILINESTRING M ((-71.065827837999962 42.376560101000052 NAN, -71.066245618999972 42.376878642000065 NAN))"
1360,Main Street,4394900.000000000000000,5,2,,2014,BFBL,0.000388872618347,"MULTILINESTRING M ((-71.072087779999947 42.383621537000067 NAN, -71.071734625999966 42.38345873600008 NAN))"
1361,Alford Street,5196400.000000000000000,3,2,1,2016,BFBL,0.003414508295134,"MULTILINESTRING M ((-71.072293351999974 42.387369172000035 NAN, -71.07226555699998 42.387438280000026 NAN, -71.072150997999984 42.387655047000067 NAN, -71.072133707999967 42.387685931000078 NAN, -71.072074171999986 42.387793294000062 NAN, -71.072059249999938 42.387820711000074 NAN, -71.070956826999975 42.389643110000065 NAN, -71.070610292999959 42.390336955000066 NAN))"
1362,Adams Street,5006700.000000000000000,5,2,,2017,BL,0.002974805941696,"MULTILINESTRING M ((-71.064086998999983 42.273248380000041 NAN, -71.063811968999971 42.273413894000043 NAN, -71.063514574999942 42.273608578000051 NAN, -71.063166218999982 42.27388578700004 NAN, -71.06287406499996 42.274116505000052 NAN, -71.062631974999988 42.27436541600008 NAN, -71.062355902999968 42.274680601000057 NAN, -71.062170077999951 42.27490046500003 NAN, -71.061873222999964 42.275207127000044 NAN))"
1363,Ashmont Street,4894100.000000000000000,5,2,,2013,SLM,0.001132357533200,"MULTILINESTRING M ((-71.063096216999952 42.286095353000064 NAN, -71.062961777999988 42.28613929100004 NAN, -71.062614449999955 42.286258947000078 NAN, -71.062311934999968 42.286361892000059 NAN, -71.062025909999988 42.286464900000055 NAN))"
1364,Dorchester Avenue,5743600.000000000000000,3,2,,2011,SLM,0.000714983059998,"MULTILINESTRING M ((-71.06280589499994 42.291129759000057 NAN, -71.062611294999954 42.291817750000064 NAN))"
1365,Dorchester Avenue,4820900.000000000000000,3,2,,2011,SLM,0.000667085815881,"MULTILINESTRING M ((-71.062259294999933 42.293018876000076 NAN, -71.06214010399998 42.293514151000068 NAN, -71.062091693999946 42.293664206000074 NAN))"
1366,Dorchester Avenue,4806800.000000000000000,3,2,,2011,SLM,0.000510175340032,"MULTILINESTRING M ((-71.061818508999977 42.294590477000042 NAN, -71.061694113999977 42.294987258000049 NAN, -71.061669423999945 42.295078322000052 NAN))"
1367,Dorchester Avenue,4792500.000000000000000,3,2,,2011,SLM,0.001023720809032,"MULTILINESTRING M ((-71.061035967999942 42.297214122000071 NAN, -71.060766488999946 42.298201738000046 NAN))"
1368,Geneva Avenue,4781400.000000000000000,5,2,,2016,SLM,0.000408661840564,"MULTILINESTRING M ((-71.065107374999968 42.299678989000029 NAN, -71.064753867999968 42.299473959000068 NAN))"
1369,Adams Street,4753800.000000000000000,5,2,,2013,SLM,0.000692253391922,"MULTILINESTRING M ((-71.061504300999957 42.305378832000031 NAN, -71.06177164199994 42.306017380000071 NAN))"
1370,Columbia Road,6242700.000000000000000,5,2,1,2010,BL,0.001234640981869,"MULTILINESTRING M ((-71.061481383999933 42.32050828000007 NAN, -71.061772791999942 42.320442410000055 NAN, -71.061942537999983 42.320344206000073 NAN, -71.062135601999955 42.320208067000067 NAN, -71.062341459999971 42.320073875000048 NAN, -71.06253985099994 42.319909241000062 NAN))"
1371,Washington Street,5171700.000000000000000,3,2,,2011,SLM,0.000893928685682,"MULTILINESTRING M ((-71.065967227999977 42.343961751000052 NAN, -71.06547390299994 42.34470723000004 NAN))"
1372,Freeport Street,4751100.000000000000000,3,2,,2013,BL,0.000338814590566,"MULTILINESTRING M ((-71.057603976999985 42.305951895000078 NAN, -71.057583558999966 42.306189267000036 NAN, -71.057574139999986 42.306289391000064 NAN))"
1373,Freeport Street,5629000.000000000000000,3,2,,2013,BL,0.001450230081237,"MULTILINESTRING M ((-71.055625805999966 42.304395321000072 NAN, -71.05556397099997 42.30437355600003 NAN, -71.055507232999958 42.304357581000033 NAN, -71.055318371999988 42.304292702000055 NAN, -71.055253013999959 42.304262631000029 NAN, -71.05479500499996 42.304069544000072 NAN, -71.054282411999964 42.303851482000027 NAN))"
1374,Dorchester Avenue,4717200.000000000000000,3,2,,2011,BL,0.000677155588880,"MULTILINESTRING M ((-71.057585299999971 42.311363751000044 NAN, -71.057461515999933 42.311828055000035 NAN, -71.057420368999942 42.312020336000046 NAN))"
1375,Dorchester Avenue,4705000.000000000000000,3,2,,2011,BL,0.000533143630406,"MULTILINESTRING M ((-71.057207345999984 42.312968203000025 NAN, -71.057087335999938 42.313487664000036 NAN))"
1376,D Street,5415500.000000000000000,5,2,,2013,BL,0.000516876988497,"MULTILINESTRING M ((-71.042965477999985 42.34554879500007 NAN, -71.042583260999947 42.345896749000076 NAN))"
1377,Maverick Street,4427400.000000000000000,5,2,,2015,BL,0.000716767475085,"MULTILINESTRING M ((-71.040294641999935 42.370747444000074 NAN, -71.040953722999973 42.371029167000074 NAN))"
1378,Dorchester Avenue,5710100.000000000000000,3,2,,2011,BL,0.000173189735742,"MULTILINESTRING M ((-71.056727014999979 42.318498823000027 NAN, -71.056724087999953 42.318671988000062 NAN))"
1379,Seaport Boulevard,6249800.000000000000000,3,2,1,2012,BFBL,0.003466527331852,"MULTILINESTRING M ((-71.051408798999944 42.354764326000065 NAN, -71.051347775999943 42.354604990000041 NAN, -71.05126495899998 42.354542771000069 NAN, -71.051161794999985 42.354461342000036 NAN, -71.050898403999952 42.354295450000052 NAN, -71.050837232999982 42.354264673000046 NAN, -71.048442150999961 42.353059655000038 NAN))"
1380,Seaport Boulevard,6276100.000000000000000,3,2,1,2018,SBL,0.003171834055799,"MULTILINESTRING M ((-71.048442150999961 42.353059655000038 NAN, -71.045570186999953 42.351713418000031 NAN))"
1381,Main Street,5418600.000000000000000,5,2,,2012,BL,0.000472748830606,"MULTILINESTRING M ((-71.063993252999978 42.374976493000077 NAN, -71.063734546999967 42.37458081300008 NAN))"
1382,City Square,5820700.000000000000000,5,2,,2012,BL,0.000360076832334,"MULTILINESTRING M ((-71.061963177999985 42.372179147000054 NAN, -71.061627911999949 42.372047800000075 NAN))"
1383,City Square,5581601.000000000000000,5,1,,2012,BL,0.000259939330255,"MULTILINESTRING M ((-71.061329055999977 42.371914562000029 NAN, -71.061258734999967 42.371883212000057 NAN, -71.061101778999955 42.371789221000029 NAN))"
1384,Main Street,5231700.000000000000000,5,2,,2012,BL,0.000329438705277,"MULTILINESTRING M ((-71.064460971999949 42.375555053000028 NAN, -71.064227098999936 42.375323033000029 NAN))"
1385,Dexter Row,5830500.000000000000000,5,2,,2012,BL,0.000877186792255,"MULTILINESTRING M ((-71.063702510999974 42.37511552400008 NAN, -71.063967290999983 42.375284220000026 NAN, -71.063972654999986 42.375287061000051 NAN, -71.064321154999959 42.375471804000028 NAN, -71.064460971999949 42.375555053000028 NAN))"
1386,Adams Street,5498400.000000000000000,5,2,,2017,BL,0.000625176247732,"MULTILINESTRING M ((-71.058805569999947 42.281090453000047 NAN, -71.058831252999937 42.281283236000036 NAN, -71.058862234999935 42.281649668000057 NAN, -71.058868296999947 42.281712326000047 NAN))"
1387,Adams Street,5498300.000000000000000,5,2,,2017,BL,0.000207620614573,"MULTILINESTRING M ((-71.058778149999966 42.280884651000065 NAN, -71.058805569999947 42.281090453000047 NAN))"
1388,Ashmont Street,4877900.000000000000000,5,2,,2013,SLM,0.000470846955226,"MULTILINESTRING M ((-71.058146112999964 42.287358227000027 NAN, -71.057692433999989 42.287484212000038 NAN))"
1389,Adams Street,5343000.000000000000000,5,2,,2013,SLM,0.000661262076144,"MULTILINESTRING M ((-71.05665930899994 42.297284534000028 NAN, -71.056723290999969 42.297563875000037 NAN, -71.056819295999958 42.297926054000072 NAN))"
1390,Neponset Avenue,4801200.000000000000000,5,2,,2012,BL,0.000991669697408,"MULTILINESTRING M ((-71.054437826999958 42.295931114000041 NAN, -71.054346394999982 42.295864925000046 NAN, -71.054024278999975 42.295622844000036 NAN, -71.053644112999962 42.295336645000077 NAN))"
1391,Dorchester Avenue,5687000.000000000000000,3,2,,2011,SLM,0.000332936070187,"MULTILINESTRING M ((-71.060204523999971 42.300141420000045 NAN, -71.060167771999943 42.300293210000063 NAN, -71.06016092599998 42.300324133000061 NAN, -71.060126242999957 42.300465015000043 NAN))"
1392,Adams Street,4787300.000000000000000,5,2,,2013,SLM,0.000668563106627,"MULTILINESTRING M ((-71.057048793999968 42.298247109000044 NAN, -71.057157195999935 42.298379761000035 NAN, -71.057281760999956 42.298559737000062 NAN, -71.057466381999973 42.298768080000059 NAN))"
1393,Dorchester Avenue,4595900.000000000000000,3,2,,2011,BL,0.000532873893425,"MULTILINESTRING M ((-71.056984560999979 42.331884855000055 NAN, -71.057004836999965 42.332417343000031 NAN))"
1394,D Street,4574300.000000000000000,5,2,,2013,SLM,0.000463039628900,"MULTILINESTRING M ((-71.054666526999938 42.33559243600007 NAN, -71.054317416999936 42.335896620000028 NAN))"
1395,Dorchester Avenue,6266700.000000000000000,3,2,,2011,SLM,0.000429352941170,"MULTILINESTRING M ((-71.057112280999945 42.338341593000052 NAN, -71.057118696999964 42.337912288000041 NAN))"
1396,Dorchester Avenue,5627100.000000000000000,3,2,,2011,SLM,0.000340951000051,"MULTILINESTRING M ((-71.057112280999945 42.338341593000052 NAN, -71.057112286999939 42.338682544000051 NAN))"
1397,Kneeland Street,5233200.000000000000000,3,2,,2017,BL,0.000799898175693,"MULTILINESTRING M ((-71.059733607999988 42.350121758000057 NAN, -71.058953562999989 42.349944651000044 NAN))"
1398,Franklin Street,4462500.000000000000000,5,2,,2011,BL,0.000671726369709,"MULTILINESTRING M ((-71.057351816999983 42.355481336000025 NAN, -71.057626406999987 42.355469398000025 NAN, -71.058022215999983 42.355498494000074 NAN))"
1399,Congress Street,5237400.000000000000000,3,2,,2016,SBL,0.000297986239103,"MULTILINESTRING M ((-71.054829913999981 42.354864411000051 NAN, -71.054629324999951 42.354644048000068 NAN))"
1400,Purchase Street,45234900.000000000000000,3,2,,2011,BL,0.001905652791184,"MULTILINESTRING M ((-71.054248611999981 42.354048735000049 NAN, -71.054476275999946 42.353969758000062 NAN, -71.054990031999978 42.353700489000062 NAN, -71.055696994999948 42.353332116000047 NAN, -71.055786015999956 42.35325539300004 NAN, -71.055890855999962 42.353121653000073 NAN))"
1401,Congress Street,5873900.000000000000000,3,2,,2011,SLM,0.000652823892314,"MULTILINESTRING M ((-71.054082569999935 42.35411660300008 NAN, -71.053612376999979 42.353663726000036 NAN))"
1402,Devonshire Street,5648700.000000000000000,5,2,,2012,SLM,0.000705053908178,"MULTILINESTRING M ((-71.057333644999972 42.357476074000033 NAN, -71.057324893999976 42.356954053000038 NAN, -71.057334731999958 42.356878208000069 NAN, -71.057360254999935 42.356774833000031 NAN))"
1403,Devonshire Street,5493400.000000000000000,5,2,,2012,SLM,0.000864015968148,"MULTILINESTRING M ((-71.057273501999987 42.358450536000078 NAN, -71.057293733999984 42.358264614000063 NAN, -71.057332856999949 42.357588749000058 NAN))"
1404,Kilby Street,5805300.000000000000000,0,2,,2011,BL,0.000812840429196,"MULTILINESTRING M ((-71.055574651999962 42.358254638000062 NAN, -71.055924709999942 42.358988238000052 NAN))"
1405,Milk Street,5386600.000000000000000,5,2,,2024,SBL,0.000262463544985,"MULTILINESTRING M ((-71.055072129999985 42.357221303000074 NAN, -71.054881973999954 42.357337605000055 NAN, -71.05484839099995 42.357358516000033 NAN))"
1406, ,6017900.000000000000000,0, ,1,2011,BL,0.000488873556905,"MULTILINESTRING M ((-71.05484839099995 42.357358516000033 NAN, -71.055262364999976 42.357618560000049 NAN))"
1407,Milk Street,5614400.000000000000000,5,2,,2024,SBL,0.000490974583777,"MULTILINESTRING M ((-71.054370760999973 42.35767050000004 NAN, -71.054265524999948 42.357745974000068 NAN, -71.053995694999969 42.357986502000074 NAN))"
1408,Milk Street,5336700.000000000000000,5,2,,2011,SLM,0.000906972595533,"MULTILINESTRING M ((-71.053995694999969 42.357986502000074 NAN, -71.053765269999985 42.358191366000028 NAN, -71.053518617999941 42.358364280000046 NAN, -71.053321606999987 42.358463669000059 NAN, -71.053248368999959 42.358486654000046 NAN))"
1409,North Washington Street,45224600.000000000000000,3,2,1,2014,SLM,0.001021260534616,"MULTILINESTRING M ((-71.058409012999959 42.365240365000034 NAN, -71.058413425999959 42.364219114000036 NAN))"
1410,Salem Street,5242800.000000000000000,0,2,,2013,SLM,0.000337913422408,"MULTILINESTRING M ((-71.055889584999989 42.363592426000025 NAN, -71.055790646999981 42.363733053000033 NAN, -71.055706093999959 42.363875870000072 NAN))"
1411,Salem Street,5242900.000000000000000,0,2,,2013,SLM,0.000278077364887,"MULTILINESTRING M ((-71.055706093999959 42.363875870000072 NAN, -71.055641768999976 42.364010223000037 NAN, -71.055583341999977 42.364125367000042 NAN))"
1412,Commercial Street,5640800.000000000000000,5,2,,2017,SBL,0.000724984007116,"MULTILINESTRING M ((-71.05645240399997 42.368307080000079 NAN, -71.056354823999982 42.36832015300007 NAN, -71.056253959999935 42.368324036000047 NAN, -71.05615028699998 42.368317227000034 NAN, -71.056038041999955 42.36829970000008 NAN, -71.055911486999946 42.368269301000055 NAN, -71.055738922999979 42.368225904000042 NAN))"
1413,Freeport Street,4774500.000000000000000,3,2,,2013,BLSL,0.000976620206944,"MULTILINESTRING M ((-71.049460342999964 42.300830167000072 NAN, -71.050317141999983 42.301298870000039 NAN))"
1414,Freeport Street,4786900.000000000000000,3,2,,2013,SLM,0.000316104488603,"MULTILINESTRING M ((-71.048293489999935 42.298323872000026 NAN, -71.048407735999945 42.298618609000073 NAN))"
1415,Columbia Road,4641000.000000000000000,3,1,1,2016,BFBL,0.002382375606122,"MULTILINESTRING M ((-71.051127382999937 42.322022449000031 NAN, -71.051327704999949 42.32210875700008 NAN, -71.05142028399996 42.322178329000053 NAN, -71.051477478999971 42.322241631000054 NAN, -71.051523203999977 42.322313214000076 NAN, -71.051677350999967 42.322606784000072 NAN, -71.051816305999978 42.322881076000044 NAN, -71.051929599999937 42.323158190000072 NAN, -71.052006069999948 42.323382963000029 NAN, -71.052098056999967 42.323714004000067 NAN, -71.052163865999944 42.324066660000028 NAN))"
1416,Tremont Street,4526500.000000000000000,3,2,,2023,SBL,0.000508350236345,"MULTILINESTRING M ((-71.070588922999946 42.344539367000039 NAN, -71.070449160999942 42.34464420300003 NAN, -71.070322187999977 42.344759510000074 NAN, -71.070205705999967 42.344872274000068 NAN))"
1417,Charles Street Circle,5338900.000000000000000,2,3,1,2022,BL,0.000299575623077,"MULTILINESTRING M ((-71.070584671999939 42.36137956500005 NAN, -71.070703151999965 42.361389598000073 NAN, -71.070883455999933 42.361401117000071 NAN))"
1418,Charles Street Circle,5338600.000000000000000,3,3,1,2022,SBL,0.000382257751400,"MULTILINESTRING M ((-71.070083866999937 42.361212483000031 NAN, -71.070092969999962 42.361214389000054 NAN, -71.070197074999953 42.361252125000078 NAN, -71.070296664999944 42.361303113000076 NAN, -71.070435212999939 42.361361480000028 NAN))"
1419,Charles River Dam,6251000.000000000000000,2,3,1,2019,SBL,0.001144654557509,"MULTILINESTRING M ((-71.069596900999954 42.367356445000041 NAN, -71.06894697599995 42.367027093000047 NAN, -71.068573965999974 42.366842824000059 NAN))"
1420,Broadway,45241600.000000000000000,3,2,,2021,SBLSL,0.003215477481397,"MULTILINESTRING M ((-71.06098701999997 42.343803573000059 NAN, -71.060826962999954 42.343763521000028 NAN, -71.060488102999955 42.343706299000075 NAN, -71.059471161999966 42.343585889000053 NAN, -71.058648726999934 42.343503507000037 NAN, -71.058039853999958 42.343426595000039 NAN, -71.057807896999975 42.343355797000072 NAN))"
1421,Marginal Road,4512200.000000000000000,5,2,,2019,BFBL,0.001478586331867,"MULTILINESTRING M ((-71.062961167999958 42.347067004000053 NAN, -71.064411995999933 42.347352163000039 NAN))"
1422,Harrison Avenue,5237900.000000000000000,5,2,,2019,BL,0.000187999616164,"MULTILINESTRING M ((-71.062890368999945 42.347241163000035 NAN, -71.062961167999958 42.347067004000053 NAN))"
1423,Summer Street,45265300.000000000000000,3,2,1,2023,SBL,0.001848133728505,"MULTILINESTRING M ((-71.043708312999968 42.347162702000048 NAN, -71.04534066399998 42.34802932100007 NAN))"
1424,Summer Street,45265401.000000000000000,3,2,1,2021,SBL,0.001727175761703,"MULTILINESTRING M ((-71.042189700999984 42.346340019000024 NAN, -71.043225032999942 42.346907293000072 NAN, -71.043708312999968 42.347162702000048 NAN))"
1425,Seaport Boulevard,45264300.000000000000000,3,5,,2017,SLM,0.002219977310655,"MULTILINESTRING M ((-71.040763734999985 42.349604208000073 NAN, -71.042810332999977 42.350464287000079 NAN))"
1426,Congress Street,5647200.000000000000000,3,2,1,2022,SLM,0.002603060196493,"MULTILINESTRING M ((-71.058522654999933 42.362435866000055 NAN, -71.057766399999934 42.361574615000052 NAN, -71.057568300999947 42.361220560000049 NAN, -71.057276373999969 42.360210712000026 NAN))"
1427,Congress Street,5648200.000000000000000,3,2,,2016,SLM,0.000409833089813,"MULTILINESTRING M ((-71.056681682999965 42.358500423000066 NAN, -71.056687284999953 42.358517771000038 NAN, -71.056825832999948 42.358884046000071 NAN))"
1428,Congress Street,5824500.000000000000000,3,2,,2016,SLM,0.000158822285493,"MULTILINESTRING M ((-71.056411428999979 42.357588389000057 NAN, -71.056448329999967 42.357742865000034 NAN))"
1429,West Fourth Street,5672301.000000000000000,3,2,,2021,SBLBL,0.001504096819050,"MULTILINESTRING M ((-71.058687953999936 42.342011989000071 NAN, -71.058675467999933 42.342008898000074 NAN, -71.057853385999977 42.341798764000032 NAN, -71.057230734999962 42.34163940500008 NAN))"
1430,Summer Street,5841700.000000000000000,0,2,,2020,CFBL,0.000824965183796,"MULTILINESTRING M ((-71.059756688999983 42.355015711000078 NAN, -71.059355935999974 42.35468764400008 NAN, -71.059134196999935 42.354475242000035 NAN))"
1431,State Street,5523800.000000000000000,3,2,,2020,SBL,0.000826249309164,"MULTILINESTRING M ((-71.05463554399995 42.359231203000036 NAN, -71.05544667099997 42.359073847000047 NAN))"
1432,State Street,5330200.000000000000000,3,2,,2020,SBL,0.000312759252251,"MULTILINESTRING M ((-71.054324921999978 42.359267704000047 NAN, -71.05463554399995 42.359231203000036 NAN))"
1433,Mount Vernon Street,6297500.000000000000000,6,2,1,2013,BFBL,0.004215763930436,"MULTILINESTRING M ((-71.044902701999945 42.318741702000068 NAN, -71.045855192999966 42.319137100000034 NAN, -71.04588070899996 42.319146526000054 NAN, -71.046685125999943 42.319443664000062 NAN, -71.047700193999958 42.31978696200008 NAN, -71.048622532999957 42.320109070000058 NAN, -71.048860566999963 42.320189348000042 NAN))"
1434,Old Colony Avenue,4621100.000000000000000,3,3,1,2016,BFBL,0.000307676846633,"MULTILINESTRING M ((-71.052539064999962 42.327126296000074 NAN, -71.052535076999959 42.32681864500006 NAN))"
1435,William Day Boulevard,5133400.000000000000000,3,3,,2018,BFBL,0.005716713787228,
1436,D Street,4558000.000000000000000,5,2,,2013,BLSL,0.000517556085317,"MULTILINESTRING M ((-71.05128457099994 42.338434911000036 NAN, -71.051672278999945 42.338092060000065 NAN))"
1437,D Street,4547300.000000000000000,5,2,,2013,CFBL,0.000886926239279,"MULTILINESTRING M ((-71.049288433999948 42.340129218000072 NAN, -71.048603883999988 42.340693159000068 NAN))"
1438,D Street,4544400.000000000000000,5,2,,2013,SLM,0.001039054584369,"MULTILINESTRING M ((-71.048603883999988 42.340693159000068 NAN, -71.047823335999965 42.341379001000064 NAN))"
1439,A Street,5664400.000000000000000,5,2,,2023,SBL,0.001803097864888,"MULTILINESTRING M ((-71.052594815999953 42.345056140000054 NAN, -71.051505162999945 42.34647768800005 NAN, -71.051497880999989 42.346487187000037 NAN))"
1440,Seaport Boulevard,45261700.000000000000000,3,2,1,2018,SBL,0.003242853365358,"MULTILINESTRING M ((-71.045465923999984 42.35181491700007 NAN, -71.047472484999957 42.352753617000076 NAN, -71.048403256999961 42.353189025000063 NAN))"
1441,Franklin Street,5359600.000000000000000,5,2,,2011,BL,0.000811193029301,"MULTILINESTRING M ((-71.052684137999961 42.357448763000036 NAN, -71.052783242999965 42.357265875000053 NAN, -71.052845522999974 42.357195477000062 NAN, -71.052977483999939 42.35709862300007 NAN, -71.053276918999984 42.356926268000052 NAN))"
1442,Broad Street,5624500.000000000000000,5,2,,2013,SLM,0.000085777679736,"MULTILINESTRING M ((-71.052337775999945 42.357305969000038 NAN, -71.052257161999933 42.357276657000057 NAN))"
1443,High Street,5326200.000000000000000,3,2,,2011,BL,0.000685348333439,"MULTILINESTRING M ((-71.052845768999987 42.356431828000041 NAN, -71.05217664099996 42.356580051000037 NAN))"
1444,Faneuil Street,5819200.000000000000000,3,2,,2010,SLM,0.000556840285756,"MULTILINESTRING M ((-71.168072786999971 42.351098957000033 NAN, -71.168343331999949 42.351077793000059 NAN, -71.168628609999985 42.351067359000069 NAN))"
1445,Washington Street,4501300.000000000000000,3,2,,2010,BL,0.000552187330198,"MULTILINESTRING M ((-71.164733245999969 42.349966159000076 NAN, -71.16450132999995 42.349820312000077 NAN, -71.164268691999951 42.349667709000073 NAN))"
1446,Faneuil Street,4489500.000000000000000,6,2,,2017,BL,0.001680082609664,"MULTILINESTRING M ((-71.166726677999975 42.351531139000031 NAN, -71.16630556299998 42.35165820800006 NAN, -71.165734224999937 42.351824228000055 NAN, -71.165115570999944 42.352007549000064 NAN))"
1447,Milk Street,5586600.000000000000000,5,2,,2011,SLM,0.000580924645224,"MULTILINESTRING M ((-71.052156915999944 42.358680387000049 NAN, -71.051583068999946 42.35877079200003 NAN))"
1448,Atlantic Avenue,45231700.000000000000000,3,2,,2011,BFBL,0.000359560961678,"MULTILINESTRING M ((-71.050770506999982 42.356681706000074 NAN, -71.050773125999967 42.35691156300004 NAN, -71.050784948999933 42.357040712000071 NAN))"
1449,Mercantile Street,45230400.000000000000000,5,2,,2011,BL,0.000521266650725,"MULTILINESTRING M ((-71.053182013999958 42.360559164000051 NAN, -71.052809311999965 42.360923598000056 NAN))"
1450,Atlantic Avenue,5644700.000000000000000,5,2,,2017,SBL,0.000291020370676,"MULTILINESTRING M ((-71.051068945999987 42.363712582000062 NAN, -71.051084167999988 42.364003204000028 NAN))"
1451,Neponset Avenue,4867700.000000000000000,5,2,,2012,BL,0.000748436716979,"MULTILINESTRING M ((-71.046873395999967 42.288138093000043 NAN, -71.047348783999951 42.288716162000071 NAN))"
1452,William Day Boulevard,5133500.000000000000000,3,3,,2018,BL,0.002648950937664,"MULTILINESTRING M ((-71.047078753999983 42.328646827000057 NAN, -71.046786648999955 42.328852741000048 NAN, -71.046454915999959 42.329086638000035 NAN, -71.046028314999944 42.329357295000079 NAN, -71.045623688999967 42.329598515000043 NAN, -71.045236885999941 42.329789434000077 NAN, -71.04500567499997 42.329882065000049 NAN, -71.044789013999946 42.329956047000053 NAN))"
1453,Maverick Street,5322300.000000000000000,5,2,,2015,BL,0.000319581782495,"MULTILINESTRING M ((-71.038660148999952 42.370017290000078 NAN, -71.03895371599998 42.37014358700003 NAN))"
1454,Chelsea Street,5281500.000000000000000,5,2,,2010,BL,0.000753333775368,"MULTILINESTRING M ((-71.038097564999987 42.370518300000072 NAN, -71.038660148999952 42.370017290000078 NAN))"
1455,Chelsea Street,5717700.000000000000000,5,2,,2010,BL,0.000191162516038,"MULTILINESTRING M ((-71.035480856999982 42.372736314000065 NAN, -71.035337514999981 42.372862790000056 NAN))"
1456,Meridian Street,4420300.000000000000000,3,2,,2013,BLSL,0.000795180115557,"MULTILINESTRING M ((-71.039101321999965 42.375595211000075 NAN, -71.039119816999971 42.376390176000029 NAN))"
1457,Meridian Street,4401600.000000000000000,3,2,,2013,BLSL,0.000627953239937,"MULTILINESTRING M ((-71.039284720999945 42.381376247000048 NAN, -71.039300968999953 42.382003990000044 NAN))"
1458,Marginal Street,5644800.000000000000000,0,2,,2015,SLM,0.001132904899204,"MULTILINESTRING M ((-71.031403114999989 42.364032608000059 NAN, -71.030272406999984 42.36396208900004 NAN))"
1459,Maverick Street,5639900.000000000000000,5,2,,2015,BL,0.000662563962913,"MULTILINESTRING M ((-71.03338722899997 42.367743048000079 NAN, -71.033997882999984 42.368000133000066 NAN))"
1460,Chelsea Street,4421800.000000000000000,5,2,,2010,BL,0.001902000919939,"MULTILINESTRING M ((-71.033423754999944 42.374527152000041 NAN, -71.031992486999968 42.375779781000062 NAN))"
1461,Bennington Street,6267501.000000000000000,5,1,1,2008,SLM,0.000220513047829,"MULTILINESTRING M ((-71.025235155999951 42.380148096000028 NAN, -71.025442215999988 42.380072253000037 NAN))"
1462,Bennington Street,5637700.000000000000000,5,2,1,2008,SLM,0.001002717509433,"MULTILINESTRING M ((-71.023584592999953 42.380622323000068 NAN, -71.022653545999958 42.380994605000069 NAN))"
1463,Bennington Street,5124400.000000000000000,5,2,,2008,SLM,0.000173290728305,"MULTILINESTRING M ((-71.020557736999933 42.381831213000055 NAN, -71.020394676999956 42.38188987400008 NAN))"
1464,Saratoga Street,6288600.000000000000000,5,2,1,2012,BL,0.001309737213916,"MULTILINESTRING M ((-71.00808352599995 42.386883614000055 NAN, -71.007148188999963 42.386685515000067 NAN, -71.007046475999971 42.386670490000029 NAN, -71.006795649999958 42.386672669000063 NAN))"
1465,Saratoga Street,4392800.000000000000000,5,2,,2012,BLSL,0.001556466391404,"MULTILINESTRING M ((-71.000761003999969 42.384520834000057 NAN, -70.999304479999978 42.383972085000039 NAN))"
1466,Baker Street,5437301.000000000000000,6,2,,2014,BL,0.000720299901538,"MULTILINESTRING M ((-71.177006811999945 42.29380629700006 NAN, -71.176954299999977 42.293781824000064 NAN, -71.176684795999961 42.293611137000028 NAN, -71.176407645999973 42.293408451000062 NAN))"
1467,Veterans Of Foreign Wars Parkway,5003800.000000000000000,2,3,1,2013,BL,0.002463619129153,"MULTILINESTRING M ((-71.173670106999964 42.273989306000033 NAN, -71.173638298999947 42.274125285000025 NAN, -71.173571760999948 42.274289407000026 NAN, -71.173466988999962 42.274497069000063 NAN, -71.173115014999951 42.275042916000075 NAN, -71.172696955999982 42.275665594000031 NAN, -71.172414709999941 42.276096110000026 NAN))"
1468,Veterans Of Foreign Wars Parkway,5630900.000000000000000,2,3,1,2013,BL,0.003822962971922,
1469,Baker Street,4877500.000000000000000,6,2,,2014,BL,0.000254666777750,"MULTILINESTRING M ((-71.171466983999949 42.287747770000067 NAN, -71.17156922099997 42.287981014000025 NAN))"
1470,Veterans Of Foreign Wars Parkway,6212700.000000000000000,2,3,1,2013,BL,0.000986642859259,"MULTILINESTRING M ((-71.170306882999967 42.289191328000072 NAN, -71.170827715999962 42.288774344000046 NAN, -71.171046618999981 42.288569580000058 NAN, -71.171060205999936 42.288555304000056 NAN))"
1471,Washington Street,5248900.000000000000000,3,2,,2010,BL,0.000752032901123,"MULTILINESTRING M ((-71.169788548999975 42.351345848000051 NAN, -71.169249083999944 42.351149046000046 NAN, -71.169085434999943 42.351079557000048 NAN))"
1472,Everett Street,5719401.000000000000000,6,2,,2017,BLSL,0.000763067602352,"MULTILINESTRING M ((-71.138801771999965 42.354619066000055 NAN, -71.138635860999955 42.355086563000043 NAN, -71.138613263999957 42.355196473000035 NAN, -71.13860815399994 42.355269620000058 NAN, -71.138623817999985 42.355349569000055 NAN))"
1473,Everett Street,4449400.000000000000000,6,2,,2017,BLSL,0.000415389858352,"MULTILINESTRING M ((-71.137174738999988 42.358969226000056 NAN, -71.137099082999953 42.359064643000067 NAN, -71.137014542999964 42.359220798000081 NAN, -71.136961792999955 42.359324164000043 NAN))"
1474,Corinth Street,4891000.000000000000000,3,2,,2009,BL,0.000594336345157,"MULTILINESTRING M ((-71.130949415999964 42.286789722000037 NAN, -71.130702973999973 42.28675122900006 NAN, -71.130559489999939 42.286665238000069 NAN, -71.130401391999953 42.286584265000045 NAN))"
1475,Belgrade Avenue,4888400.000000000000000,3,2,,2009,SLM,0.000939573923060,"MULTILINESTRING M ((-71.130056709999963 42.287082262000069 NAN, -71.130563572999961 42.286907209000049 NAN, -71.130949415999964 42.286789722000037 NAN))"
1476,Neponset Avenue,6315900.000000000000000,3,3,1,,SUP,0.003876519446707,
1477,University Of Massachusetts Access Road,6253700.000000000000000,0,B,,2019,BL,0.000609554894369,"MULTILINESTRING M ((-71.046199491999971 42.313944284000058 NAN, -71.046559380999952 42.313790972000049 NAN, -71.046736190999979 42.313662815000043 NAN))"
1478,University Of Massachusetts Access Road,5438800.000000000000000,0,B,,2019,BL,0.000812715871736,"MULTILINESTRING M ((-71.046133606999945 42.313833358000068 NAN, -71.046021609999968 42.313879444000065 NAN, -71.045384178999939 42.314147777000073 NAN))"
1479, ,5898000.000000000000000,0, ,,2019,BL,0.002074255966414,"MULTILINESTRING M ((-71.035197574999984 42.315020073000028 NAN, -71.034510575999946 42.314596963000042 NAN, -71.034475100999941 42.314576002000081 NAN, -71.033968591999951 42.314275159000033 NAN, -71.03343074299994 42.313933678000069 NAN))"
1480,Centre Street,4909100.000000000000000,5,2,,2023,SBL,0.000804010358855,"MULTILINESTRING M ((-71.156461425999964 42.285142523000047 NAN, -71.156242020999969 42.285355690000074 NAN, -71.155934404999982 42.285625984000035 NAN, -71.155871923999939 42.285688814000025 NAN))"
1481,Summer Street,45263300.000000000000000,3,2,1,2023,SBL,0.001104282306746,"MULTILINESTRING M ((-71.040418695999961 42.345098417000031 NAN, -71.040013752999982 42.344836480000026 NAN, -71.039493429999936 42.344495663000032 NAN))"
1482,Northern Avenue,6035200.000000000000000,0,2,1,2023,BFBL,0.000538256685149,"MULTILINESTRING M ((-71.036142361999964 42.347571113000072 NAN, -71.036056086999963 42.34755586600005 NAN, -71.035993325999982 42.347519488000046 NAN, -71.03575019699997 42.347229919000029 NAN))"
1483,Central Square,5858700.000000000000000,0,2,,2017,SLM,0.000242506309034,"MULTILINESTRING M ((-71.039978196999982 42.374609545000055 NAN, -71.039768920999961 42.374487018000025 NAN))"
1484,North Beacon Street,5649100.000000000000000,3,2,,2024,SBL,0.000343390593745,"MULTILINESTRING M ((-71.139962658999934 42.353914539000073 NAN, -71.139621513999941 42.35387533200003 NAN))"
1485,Veterans Of Foreign Wars Parkway,4801800.000000000000000,2,3,1,2013,BL,0.000688758187302,"MULTILINESTRING M ((-71.157611843999973 42.295544351000046 NAN, -71.15736256699995 42.295597520000058 NAN, -71.157148054999936 42.295617420000042 NAN, -71.156930112999987 42.295632175000037 NAN))"
1486,Commonwealth Avenue,5673900.000000000000000,3,2,1,2013,SLM,0.001336025982948,"MULTILINESTRING M ((-71.160928759999933 42.340000639000039 NAN, -71.160835682999959 42.339996414000041 NAN, -71.16038845199995 42.339984399000059 NAN, -71.160003327999959 42.339952882000034 NAN, -71.159597649999967 42.339900473000057 NAN))"
1487,Commonwealth Avenue,5137300.000000000000000,3,2,1,2013,SLM,0.001766462946974,"MULTILINESTRING M ((-71.159597649999967 42.339900473000057 NAN, -71.15898568199998 42.339811444000077 NAN, -71.158339590999958 42.339686863000054 NAN, -71.157863847999977 42.339569271000073 NAN))"
1488,Commonwealth Avenue,5137200.000000000000000,3,2,1,2013,SLM,0.002943520271473,"MULTILINESTRING M ((-71.157863847999977 42.339569271000073 NAN, -71.15782416899998 42.339557039000056 NAN, -71.157370776999983 42.339422332000026 NAN, -71.156752601999983 42.339221298000041 NAN, -71.156217153999933 42.339009258000033 NAN, -71.155791540999985 42.338824549000037 NAN, -71.155214987999955 42.338536416000068 NAN, -71.155130992999943 42.33849297200004 NAN))"
1489,Washington Street,5843900.000000000000000,3,2,,2010,BL,0.000730126633963,"MULTILINESTRING M ((-71.157808728999953 42.349073607000037 NAN, -71.157388345999948 42.349099929000033 NAN, -71.157079426999985 42.349099008000053 NAN))"
1490,Faneuil Street,4483400.000000000000000,6,2,,2017,SLM,0.000387065477168,"MULTILINESTRING M ((-71.162368726999944 42.352501429000029 NAN, -71.161985528999935 42.352556009000068 NAN))"
1491,Faneuil Street,4482300.000000000000000,6,2,,2017,SLM,0.000542668928806,"MULTILINESTRING M ((-71.16110606899997 42.352636694000068 NAN, -71.16056513999996 42.352680115000055 NAN))"
1492,Faneuil Street,4475000.000000000000000,6,2,,2017,BL,0.000507100105428,"MULTILINESTRING M ((-71.15901467499998 42.353538116000038 NAN, -71.158594201999961 42.35382158200008 NAN))"
1493,Faneuil Street,4472600.000000000000000,6,2,,2017,BL,0.000595009722579,"MULTILINESTRING M ((-71.158594201999961 42.35382158200008 NAN, -71.158496227999933 42.353876996000054 NAN, -71.15805985999998 42.354082766000033 NAN))"
1494,Cambridge Street,5237100.000000000000000,3,2,,2010,BL,0.000493580062829,"MULTILINESTRING M ((-71.148620866999977 42.349587760000077 NAN, -71.148160751999967 42.34976640900004 NAN))"
1495,Cambridge Street,4500500.000000000000000,3,2,,2010,BL,0.001155383978433,"MULTILINESTRING M ((-71.148160751999967 42.34976640900004 NAN, -71.148027174999982 42.349812702000065 NAN, -71.147393133999969 42.350062844000036 NAN, -71.147079606999966 42.350173292000079 NAN))"
1496,Cambridge Street,5632100.000000000000000,3,2,,2010,BL,0.000722202284478,"MULTILINESTRING M ((-71.147079606999966 42.350173292000079 NAN, -71.146417767999935 42.350462334000042 NAN))"
1497,Market Street,4460300.000000000000000,5,2,,2013,SLM,0.000987620007714,"MULTILINESTRING M ((-71.149082411999984 42.356160143000068 NAN, -71.148566973999948 42.357002590000036 NAN))"
1498,Western Avenue,4438000.000000000000000,5,2,,2024,SBL,0.001053254402279,"MULTILINESTRING M ((-71.144517124999936 42.361721709000051 NAN, -71.143483566999976 42.361924447000035 NAN))"
1499,Chestnut Hill Avenue,6209700.000000000000000,5,2,,2013,BL,0.000770113912135,"MULTILINESTRING M ((-71.155679124999949 42.340248921000068 NAN, -71.155470549999961 42.340074994000076 NAN, -71.155088896999985 42.339754245000051 NAN))"
1500,Chestnut Hill Avenue,4548100.000000000000000,5,2,,2013,BL,0.001049734729713,"MULTILINESTRING M ((-71.155320218999975 42.340328290000059 NAN, -71.155282630999977 42.340401094000072 NAN, -71.15524505999997 42.340471927000067 NAN, -71.154760186999965 42.341215410000075 NAN))"
1501,Commonwealth Avenue Frontage Road Eb,5701800.000000000000000,0,2,1,2013,SLM,0.000977542572005,"MULTILINESTRING M ((-71.153228974999934 42.33802412700004 NAN, -71.153050854999947 42.338051183000061 NAN, -71.152942003999954 42.338097373000039 NAN, -71.152821966999966 42.338185813000052 NAN, -71.152638493999973 42.338362846000052 NAN, -71.152530916999979 42.338470020000045 NAN, -71.152453538999964 42.338565922000043 NAN))"
1502,Commonwealth Avenue Frontage Road Wb,5788900.000000000000000,0,2,1,2013,BL,0.001860176660464,"MULTILINESTRING M ((-71.148840517999986 42.34178971800003 NAN, -71.149295354999936 42.34169597600004 NAN, -71.14965639899998 42.341591288000075 NAN, -71.149972378999962 42.341474654000081 NAN, -71.150265943999955 42.341330372000073 NAN, -71.150403593999954 42.341225787000042 NAN, -71.150487750999957 42.341063211000062 NAN))"
1503,Chestnut Hill Avenue,4527300.000000000000000,5,2,,2013,BL,0.000508662022547,"MULTILINESTRING M ((-71.153296205999936 42.344661750000057 NAN, -71.153067902999965 42.34511629900004 NAN))"
1504,Washington Street,5784000.000000000000000,3,2,,2010,BL,0.000947041731891,"MULTILINESTRING M ((-71.155747077999933 42.349123159000044 NAN, -71.155224560999955 42.34913397400004 NAN, -71.154800161999958 42.349137399000028 NAN))"
1505,Washington Street,5304600.000000000000000,3,2,,2010,SLM,0.000568189203526,"MULTILINESTRING M ((-71.154020285999934 42.349146112000028 NAN, -71.153452388999938 42.34912789200007 NAN))"
1506,Chestnut Hill Avenue,5125900.000000000000000,5,2,,2013,BLSL,0.000581629152839,"MULTILINESTRING M ((-71.153786130999947 42.347264368000026 NAN, -71.153448387999958 42.346790847000079 NAN))"
1507,Market Street,4499000.000000000000000,5,2,,2013,BL,0.001042935330191,"MULTILINESTRING M ((-71.152964556999962 42.35004546600004 NAN, -71.152816278999978 42.350248149000038 NAN, -71.152680094999937 42.350459866000051 NAN, -71.152384608999967 42.350911932000031 NAN))"
1508,Faneuil Street,5290900.000000000000000,6,2,,2017,SLM,0.000504732851809,"MULTILINESTRING M ((-71.150435135999942 42.35499311600006 NAN, -71.150354835999963 42.354961012000047 NAN, -71.149965173999988 42.354809028000034 NAN))"
1509,Belgrade Avenue,4900100.000000000000000,3,2,,2009,BL,0.001199606234517,"MULTILINESTRING M ((-71.148970728999984 42.285911579000071 NAN, -71.148781289999988 42.285915762000059 NAN, -71.148570207999967 42.285945926000068 NAN, -71.148321125999985 42.285970839000072 NAN, -71.148061713999937 42.285988018000069 NAN, -71.147775546999981 42.286003578000077 NAN))"
1510,Beech Street,5855700.000000000000000,3,2,,2013,SLM,0.000920588443119,"MULTILINESTRING M ((-71.148469786999954 42.285610695000059 NAN, -71.148384275999945 42.285555293000073 NAN, -71.147912033999944 42.285238739000079 NAN, -71.147714046999965 42.285085805000051 NAN))"
1511,Belgrade Avenue,4898400.000000000000000,3,2,,2009,BL,0.001693867570069,"MULTILINESTRING M ((-71.144896725999956 42.286057736000032 NAN, -71.144359971999961 42.286063953000053 NAN, -71.14320321799994 42.286091315000078 NAN))"
1512,Veterans Of Foreign Wars Parkway,5870800.000000000000000,2,3,1,2013,BL,0.000174789289192,"MULTILINESTRING M ((-71.14787126799996 42.296608608000042 NAN, -71.148045486999933 42.296594500000026 NAN))"
1513,Belgrade Avenue,4897800.000000000000000,3,2,,2009,BL,0.001291713053627,"MULTILINESTRING M ((-71.14320321799994 42.286091315000078 NAN, -71.141911773999936 42.286117678000039 NAN))"
1514,Centre Street,4824300.000000000000000,5,2,,2019,BFBL,0.000783552494670,"MULTILINESTRING M ((-71.13789632199996 42.292849464000028 NAN, -71.13730600599996 42.293364713000074 NAN))"
1515,Commonwealth Avenue Frontage Road Wb,5435200.000000000000000,0,2,1,2013,SLM,0.000855778901227,"MULTILINESTRING M ((-71.142306248999944 42.345082038000044 NAN, -71.142438591999962 42.344883260000074 NAN, -71.142700056999956 42.344519458000036 NAN, -71.142791504999934 42.344377383000051 NAN))"
1516,Walter Street,4840000.000000000000000,6,2,,2016,BLSL,0.000450253799000,"MULTILINESTRING M ((-71.131982543999982 42.291152176000026 NAN, -71.131577835999963 42.291349508000053 NAN))"
1517,Walter Street,4836500.000000000000000,6,2,,2016,BLSL,0.000811701214595,"MULTILINESTRING M ((-71.131236997999963 42.291509341000051 NAN, -71.130903252999985 42.291687769000077 NAN, -71.130736748999936 42.291811024000026 NAN, -71.130577421999988 42.291971440000054 NAN))"
1518,Centre Street,5822100.000000000000000,5,2,1,2010,SLM,0.000319542214850,"MULTILINESTRING M ((-71.136339092999947 42.294129724000072 NAN, -71.136080795999987 42.294317846000069 NAN))"
1519,Centre Street,6247800.000000000000000,5,2,1,2010,BL,0.000780265723825,"MULTILINESTRING M ((-71.13366113099994 42.29637477700004 NAN, -71.133885876999955 42.296207247000041 NAN, -71.134285147999947 42.29590636100005 NAN))"
1520,Centre Street,6238500.000000000000000,2,3,1,2011,BL,0.000522727470099,"MULTILINESTRING M ((-71.132498937999969 42.297045166000032 NAN, -71.132684332999986 42.296965860000057 NAN, -71.132978587999958 42.296837377000031 NAN))"
1521,Centre Street,5213000.000000000000000,2,3,1,2011,BL,0.000496891240599,"MULTILINESTRING M ((-71.132902247999937 42.296767924000051 NAN, -71.132616991999953 42.296913873000051 NAN, -71.132454206999967 42.29698200100006 NAN))"
1522,Harvard Avenue,5262500.000000000000000,3,2,,2010,BL,0.000084400841098,"MULTILINESTRING M ((-71.130937728999982 42.350274543000069 NAN, -71.130984160999958 42.350345024000035 NAN))"
1523,Harvard Avenue,5441600.000000000000000,3,2,,2010,BL,0.000146870738739,"MULTILINESTRING M ((-71.130868699999951 42.350144905000036 NAN, -71.130937728999982 42.350274543000069 NAN))"
1524,Brighton Avenue,5720900.000000000000000,3,2,1,2019,SLM,0.001165134001642,"MULTILINESTRING M ((-71.136804177999977 42.353450094000038 NAN, -71.136481051999965 42.353425390000041 NAN, -71.135934402999965 42.353405901000031 NAN, -71.135641598999939 42.353378657000064 NAN))"
1525,Cambridge Street,4469700.000000000000000,3,2,,2015,BL,0.000694636077836,"MULTILINESTRING M ((-71.13571946199994 42.354282006000062 NAN, -71.135079338999958 42.354551750000041 NAN))"
1526,Harvard Avenue,4470200.000000000000000,3,2,,2010,BLSL,0.001368906730902,"MULTILINESTRING M ((-71.132766395999965 42.35554595800005 NAN, -71.132658298999957 42.355054953000035 NAN, -71.132405602999938 42.354226491000077 NAN))"
1527,Harvard Avenue,5842300.000000000000000,3,2,,2010,BLSL,0.000646572845027,"MULTILINESTRING M ((-71.132366568999942 42.354075398000077 NAN, -71.132186822999984 42.353454312000054 NAN))"
1528,Everett Street,4443000.000000000000000,6,2,,2017,BLSL,0.000809421016806,"MULTILINESTRING M ((-71.136596176999944 42.360169843000051 NAN, -71.136328311999989 42.360804822000034 NAN, -71.136274020999963 42.360912124000038 NAN))"
1529,Franklin Street,4439800.000000000000000,0,2,,2010,SLM,0.000252769090035,"MULTILINESTRING M ((-71.131573694999986 42.361168937000059 NAN, -71.131374198999936 42.361324158000059 NAN))"
1530,Western Avenue,5126500.000000000000000,5,2,,2024,SBL,0.001004446180705,"MULTILINESTRING M ((-71.131521871999951 42.363097072000073 NAN, -71.131044649999978 42.36309441800006 NAN, -71.130518991999963 42.363134930000058 NAN))"
1531,Washington Street,4828900.000000000000000,3,2,,2009,BL-PEAKBUS,0.000728291795779,"MULTILINESTRING M ((-71.121914425999933 42.292272995000076 NAN, -71.121393181999963 42.29278163400005 NAN))"
1532,Washington Street,4814600.000000000000000,3,2,,2009,BL-PEAKBUS,0.000461380406964,"MULTILINESTRING M ((-71.120252543999982 42.293859353000073 NAN, -71.119916597999975 42.294175600000074 NAN))"
1533,Washington Street,4810700.000000000000000,3,2,,2009,BL-PEAKBUS,0.000474464716024,"MULTILINESTRING M ((-71.119786652999949 42.294296147000068 NAN, -71.119771963999938 42.294312417000071 NAN, -71.119436097999937 42.294615717000056 NAN))"
1534,Washington Street,4808300.000000000000000,3,2,,2009,BL-PEAKBUS,0.000925025952988,"MULTILINESTRING M ((-71.119436097999937 42.294615717000056 NAN, -71.118874147999975 42.295175983000036 NAN, -71.118767764999973 42.295253278000075 NAN))"
1535,Centre Street,5315300.000000000000000,5,2,,2010,SLM,0.000995320085912,"MULTILINESTRING M ((-71.111669639999946 42.319548804000078 NAN, -71.111058619999937 42.320334499000069 NAN))"
1536,Perkins Street,4646000.000000000000000,5,2,,2010,SLM,0.001798883064716,"MULTILINESTRING M ((-71.112090880999972 42.321610780000071 NAN, -71.111659172999964 42.321686969000041 NAN, -71.111019185999965 42.321785527000031 NAN, -71.110644831999934 42.321843340000044 NAN, -71.110319274999938 42.321918766000067 NAN))"
1537,River Street,5737600.000000000000000,5,2,,2012,SLM,0.000877902919641,"MULTILINESTRING M ((-71.128005949999988 42.255043176000072 NAN, -71.127792159999956 42.255136107000055 NAN, -71.127570135999974 42.255216414000074 NAN, -71.127176568999971 42.255326551000053 NAN))"
1538,South Street,5832500.000000000000000,3,2,,2009,BL,0.000967413076957,"MULTILINESTRING M ((-71.128637947999948 42.286942638000028 NAN, -71.128776217999985 42.286948147000032 NAN, -71.129119611999954 42.28702690800003 NAN, -71.129141219999951 42.287035800000069 NAN, -71.129280831999949 42.287093263000031 NAN, -71.129555724999989 42.28721923300003 NAN))"
1539,Washington Street,4876900.000000000000000,3,2,,2009,BL-PEAKBUS,0.000728358064634,"MULTILINESTRING M ((-71.126837173999945 42.287652539000078 NAN, -71.126553434999948 42.287930150000079 NAN, -71.126312618999975 42.288157820000038 NAN))"
1540,Cummins Highway,4915800.000000000000000,3,2,,2012,BL,0.001188885205182,"MULTILINESTRING M ((-71.12609828099994 42.285183314000051 NAN, -71.125686659999985 42.284919198000068 NAN, -71.125127238999937 42.284498734000067 NAN))"
1541,Washington Street,4855600.000000000000000,3,2,,2009,BL-PEAKBUS,0.000706069555434,"MULTILINESTRING M ((-71.124649764999958 42.289721173000032 NAN, -71.124136668999938 42.290206216000058 NAN))"
1542,Centre Street,5213300.000000000000000,2,3,1,2011,BL,0.000258485071307,"MULTILINESTRING M ((-71.12992855899995 42.298087451000072 NAN, -71.129724875999955 42.298246598000048 NAN))"
1543,Centre Street,5116000.000000000000000,2,3,1,2011,BL,0.000687559652349,"MULTILINESTRING M ((-71.125702805999936 42.30228603300003 NAN, -71.125687465999988 42.302316930000075 NAN, -71.125485379999986 42.302586363000046 NAN, -71.125296300999935 42.302839885000026 NAN))"
1544,North Harvard Street,5221800.000000000000000,5,2,,2012,BL,0.000631624073813,"MULTILINESTRING M ((-71.127505486999951 42.359306307000054 NAN, -71.127662965999946 42.359426668000026 NAN, -71.128006049999954 42.35969151300003 NAN))"
1545,Cummins Highway,5540300.000000000000000,3,2,,2012,BL,0.000589889921334,"MULTILINESTRING M ((-71.123976879999987 42.28294195400008 NAN, -71.123762291999981 42.282710548000068 NAN, -71.123542290999978 42.282546718000049 NAN))"
1546,Centre Street,5137900.000000000000000,5,2,,2023,SBL,0.000350076170238,"MULTILINESTRING M ((-71.156841284999985 42.28423726300008 NAN, -71.156763048999949 42.284578485000054 NAN))"
1547,North Beacon Street,4462700.000000000000000,3,2,,2024,BL,0.001597546999674,"MULTILINESTRING M ((-71.149082411999984 42.356160143000068 NAN, -71.148407621999979 42.355985338000039 NAN, -71.147993484999972 42.355868161000046 NAN, -71.147536447999983 42.355758162000029 NAN))"
1548,North Beacon Street,4467300.000000000000000,3,2,,2024,SBL,0.000858767097753,"MULTILINESTRING M ((-71.144183319999968 42.354899979000038 NAN, -71.143349440999941 42.354694731000052 NAN))"
1549,Ramp - Soldiers Field Rd Wb To Birmingham,4442700.000000000000000,3,3,,2022,SUP,0.002424023850444,"MULTILINESTRING M ((-71.14978961199995 42.360279422000076 NAN, -71.149158646999979 42.360300003000077 NAN, -71.148768175999976 42.360321319000036 NAN, -71.148272322999958 42.360364257000072 NAN, -71.147968274999982 42.360398774000032 NAN, -71.147372595999968 42.360450968000066 NAN))"
1550,Birmingham Parkway,5709400.000000000000000,3,3,1,2024,SBLSL,0.000765695274700,"MULTILINESTRING M ((-71.146177294999973 42.360888686000067 NAN, -71.145758585999943 42.361529757000028 NAN))"
1551,Winship Street,5265500.000000000000000,5,2,,2024,SBLSL,0.000503164508647,"MULTILINESTRING M ((-71.152447047999942 42.346104580000031 NAN, -71.152181388999963 42.346531897000034 NAN))"
1552,North Beacon Street,5233700.000000000000000,3,2,,2024,SBL,0.002058159369909,"MULTILINESTRING M ((-71.152977431999943 42.357172142000024 NAN, -71.152204936999965 42.356963005000068 NAN, -71.15129792099998 42.356731251000042 NAN, -71.150987138999938 42.356648155000073 NAN))"
1553,Washington Street,5531001.000000000000000,3,2,1,2016,BFBL,0.000754462234974,"MULTILINESTRING M ((-71.140175858999953 42.275568799000041 NAN, -71.139621012999953 42.276080032000038 NAN))"
1554,Hyde Park Avenue,5343700.000000000000000,3,3,,2020,SLM,0.001918070082367,
1555,Poplar Street,4910000.000000000000000,6,2,,2023,CFBL,0.000763000404118,"MULTILINESTRING M ((-71.128967397999986 42.285683280000057 NAN, -71.128916334999985 42.285603213000059 NAN, -71.128824102999943 42.285339576000069 NAN, -71.128714131999971 42.284966724000071 NAN))"
1556,Perkins Street,5150500.000000000000000,5,3,1,2008,BL,0.000300743367390,"MULTILINESTRING M ((-71.123843692999969 42.319308513000067 NAN, -71.123570742999959 42.319434786000045 NAN))"
1557,Chestnut Street,4646900.000000000000000,5,3,1,2007,BL,0.000371511044552,"MULTILINESTRING M ((-71.119618918999947 42.321463756000071 NAN, -71.119549432999975 42.32182871100008 NAN))"
1558,Commonwealth Avenue,5119200.000000000000000,3,2,1,2019,SBL,0.001039949270042,"MULTILINESTRING M ((-71.123403468999982 42.351938259000065 NAN, -71.122370656999976 42.351816629000041 NAN))"
1559,Commonwealth Avenue,5118800.000000000000000,3,2,1,2019,SBL,0.001046382314636,"MULTILINESTRING M ((-71.118277173999957 42.351334376000068 NAN, -71.117237686999943 42.351214448000064 NAN))"
1560,Cambridge Street,6264700.000000000000000,3,2,1,2018,SBL,0.001745593934542,"MULTILINESTRING M ((-71.118448271999966 42.360825107000039 NAN, -71.118719343999942 42.360758486000066 NAN, -71.118905849999976 42.360717467000029 NAN, -71.119171340999969 42.360663767000062 NAN, -71.11958356699995 42.360589729000026 NAN, -71.120161608999979 42.360494693000078 NAN))"
1561,Cambridge Street,5609700.000000000000000,3,2,1,2022,SBL,0.003387636825535,
1562,Western Avenue,5638400.000000000000000,5,2,,2021,SBL,0.001437910423076,"MULTILINESTRING M ((-71.123039135999989 42.363759427000048 NAN, -71.122199162999948 42.363832631000037 NAN, -71.121606061999955 42.363876937000043 NAN))"
1563,Western Avenue,5638300.000000000000000,5,2,,2021,SBL,0.001615134655566,"MULTILINESTRING M ((-71.121606061999955 42.363876937000043 NAN, -71.120662406999941 42.36394742300007 NAN, -71.120161865999933 42.363993981000078 NAN, -71.119996430999947 42.364009370000076 NAN))"
1564,Walk Hill Street,5168100.000000000000000,5,2,,2015,BL,0.000659850117650,"MULTILINESTRING M ((-71.101885182999979 42.283927593000044 NAN, -71.102066536999985 42.284063853000077 NAN, -71.102408390999983 42.284329624000065 NAN))"
1565,Walk Hill Street,5168000.000000000000000,5,2,,2015,BL,0.002755626259156,"MULTILINESTRING M ((-71.101885182999979 42.283927593000044 NAN, -71.101762587999985 42.283835475000046 NAN, -71.101022151999985 42.283307914000034 NAN, -71.100407667999946 42.282846063000079 NAN, -71.099904460999937 42.282493756000065 NAN, -71.099632416999953 42.28234481700008 NAN))"
1566,American Legion Highway,5172600.000000000000000,5,2,1,2020,SBL,0.002170332608183,"MULTILINESTRING M ((-71.116111124999975 42.280626747000042 NAN, -71.116064286999972 42.280751113000065 NAN, -71.115925581999988 42.281038746000036 NAN, -71.115816812999981 42.281231383000033 NAN, -71.115722951999942 42.28140213000006 NAN, -71.115550288999941 42.281634505000056 NAN, -71.115436817999978 42.281790550000039 NAN, -71.115220227999941 42.282018841000081 NAN, -71.114998750999973 42.282240363000028 NAN, -71.114853445999984 42.282365352000056 NAN))"
1567,South Street,4765400.000000000000000,5,2,,2010,SLM,0.000619123529339,"MULTILINESTRING M ((-71.114584811999975 42.303038729000036 NAN, -71.114649790999977 42.303321977000053 NAN, -71.114674217999948 42.303449789000069 NAN, -71.114698805999979 42.303551157000072 NAN, -71.11470316599997 42.303645141000061 NAN))"
1568,New Washington Street,5457401.000000000000000,0,2,1,2018,SBL,0.000879979046122,"MULTILINESTRING M ((-71.113602585999956 42.301829135000048 NAN, -71.114205185999936 42.301865938000049 NAN, -71.114476592999949 42.301917472000071 NAN))"
1569,South Street,5167200.000000000000000,5,2,,2010,SLM,0.000402877388118,"MULTILINESTRING M ((-71.115506324999956 42.307663719000061 NAN, -71.115531833999967 42.308065788000079 NAN))"
1570,South Street,5166900.000000000000000,5,2,,2010,SLM,0.000589825539570,"MULTILINESTRING M ((-71.11470316599997 42.303645141000061 NAN, -71.114701541999978 42.303911847000052 NAN, -71.114709801999936 42.304234856000051 NAN))"
1571,South Street,5736100.000000000000000,5,2,,2010,SLM,0.000640271388088,"MULTILINESTRING M ((-71.114670554999975 42.304862122000031 NAN, -71.114648817999978 42.305132696000044 NAN, -71.114647639999987 42.30532626300004 NAN, -71.114670291999971 42.305500048000056 NAN))"
1572,Centre Street,4728300.000000000000000,5,2,,2010,BL,0.000397450338671,"MULTILINESTRING M ((-71.115133210999943 42.310119719000056 NAN, -71.114920024999947 42.310332828000071 NAN, -71.114853834999963 42.310402381000074 NAN))"
1573,Centre Street,4704600.000000000000000,5,2,,2010,BL,0.000214465924964,"MULTILINESTRING M ((-71.114100439999959 42.313238039000055 NAN, -71.114093636999939 42.313452397000049 NAN))"
1574,Perkins Street,5849600.000000000000000,5,2,,2010,SLM,0.000215531529960,"MULTILINESTRING M ((-71.115814771999965 42.321056890000079 NAN, -71.115600008999934 42.321075075000067 NAN))"
1575,Perkins Street,4648100.000000000000000,5,2,,2010,SLM,0.000274985347715,"MULTILINESTRING M ((-71.114154460999941 42.321291930000029 NAN, -71.113882023999963 42.321329280000043 NAN))"
1576,Perkins Street,4646800.000000000000000,5,2,,2010,SLM,0.000732697692643,"MULTILINESTRING M ((-71.112815832999956 42.321504625000046 NAN, -71.112313064999967 42.321576078000078 NAN, -71.112090880999972 42.321610780000071 NAN))"
1577,South Huntington Avenue,4649700.000000000000000,5,2,,2023,SBL,0.000632470602204,"MULTILINESTRING M ((-71.111955537999961 42.320993054000041 NAN, -71.112002442999938 42.321225606000041 NAN, -71.112051482999959 42.32145140700004 NAN, -71.112090880999972 42.321610780000071 NAN))"
1578,Huntington Avenue,6276200.000000000000000,3,2,1,2010,SLM,0.000194567927290,"MULTILINESTRING M ((-71.112045358999978 42.331986234000055 NAN, -71.112164805999953 42.331998460000079 NAN, -71.112239258999978 42.331995904000053 NAN))"
1579,Walk Hill Street,4888200.000000000000000,5,2,,2015,BL,0.001567487066999,"MULTILINESTRING M ((-71.105401995999955 42.286726748000035 NAN, -71.105678155999954 42.286949958000037 NAN, -71.106313674999967 42.287422548000052 NAN, -71.106652205999978 42.287671853000063 NAN))"
1580,Walk Hill Street,5688800.000000000000000,5,2,,2015,BL,0.001014568195863,"MULTILINESTRING M ((-71.110333219999973 42.290445930000033 NAN, -71.110876420999944 42.290862053000069 NAN, -71.111138848999985 42.291062623000073 NAN))"
1581,Arborway,5241300.000000000000000,0,3,1,2018,SBL,0.000940669962434,"MULTILINESTRING M ((-71.108214218999933 42.301055408000025 NAN, -71.108108267999967 42.30100634300004 NAN, -71.107922135999956 42.300921865000078 NAN, -71.107746709999958 42.300822235000055 NAN, -71.107507435999935 42.30069031000005 NAN, -71.107384739999986 42.300613930000054 NAN))"
1582,Morton Street,6211700.000000000000000,2,1,1,2013,BFBL,0.001603501784227,"MULTILINESTRING M ((-71.104661887999953 42.300279359000058 NAN, -71.104726860999961 42.300283524000065 NAN, -71.105019191999986 42.30029240600004 NAN, -71.105203297999935 42.300305415000025 NAN, -71.105349489999981 42.300321674000031 NAN, -71.105565899999988 42.300351115000069 NAN, -71.105782476999934 42.300383932000045 NAN, -71.105983813999956 42.300429072000043 NAN, -71.106064767999953 42.300453545000039 NAN, -71.106124106999971 42.300510018000068 NAN, -71.106177748999983 42.300599110000064 NAN))"
1583,Centre Street,5827500.000000000000000,5,2,1,2010,SLM,0.000444751802843,"MULTILINESTRING M ((-71.110091700999988 42.321533038000041 NAN, -71.109945597999968 42.321713240000065 NAN, -71.109796265999933 42.321864792000042 NAN))"
1584,Centre Street,4638800.000000000000000,5,2,,2010,BLSL,0.000734620289809,"MULTILINESTRING M ((-71.106566117999932 42.322572759000025 NAN, -71.105834740999967 42.322641713000053 NAN))"
1585,Brookline Avenue,5675000.000000000000000,2,2,,2023,BL,0.000407986052996,"MULTILINESTRING M ((-71.10728332399998 42.338926163000053 NAN, -71.107576091999988 42.338642016000051 NAN))"
1586,Boston University Bridge,5874300.000000000000000,2,3,,2011,BL,0.002000681307147,"MULTILINESTRING M ((-71.110629234999976 42.35263307200006 NAN, -71.110665819999952 42.352384743000073 NAN, -71.110783126999934 42.351482277000059 NAN, -71.110919915999943 42.350653881000028 NAN))"
1587,Commonwealth Avenue,5127300.000000000000000,3,2,1,2008,BL,0.001372837862881,"MULTILINESTRING M ((-71.105025085999955 42.34973756200003 NAN, -71.103662988999986 42.34956616900007 NAN))"
1588,Morton Street,6217900.000000000000000,2,1,1,2013,BFBL,0.003867220973447,"MULTILINESTRING M ((-71.096402531999956 42.29324349400008 NAN, -71.096619178999958 42.293469329000061 NAN, -71.096896906999973 42.29374320900007 NAN, -71.09740256799995 42.294227765000073 NAN, -71.098113631999979 42.294921239000075 NAN, -71.098530319999952 42.295335144000035 NAN, -71.098852536999971 42.295648561000064 NAN, -71.099004369999989 42.295788640000069 NAN, -71.099164789999975 42.295949566000047 NAN))"
1589,Jewish War Veterans Drive,5160300.000000000000000,5,2,,2009,BL,0.008000676098778,
1590,Seaver Street,5148800.000000000000000,3,2,1,2016,BFBL,0.001042344265170,"MULTILINESTRING M ((-71.092078724999965 42.309955795000064 NAN, -71.092259784999953 42.310093867000035 NAN, -71.092464218999964 42.310249758000054 NAN, -71.092645722999976 42.310406830000034 NAN, -71.092871140999989 42.31063045500008 NAN))"
1591,Walnut Avenue,5206000.000000000000000,6,2,,2011,SLM,0.000313566331666,"MULTILINESTRING M ((-71.095038141999964 42.313390770000069 NAN, -71.094790330999956 42.313582899000039 NAN))"
1592,Walnut Avenue,5750200.000000000000000,6,2,,2011,SLM,0.000513463019470,"MULTILINESTRING M ((-71.093681556999968 42.315024673000039 NAN, -71.093618367999966 42.31524825200006 NAN, -71.093559735999975 42.315523196000072 NAN))"
1593,Thornton Street,5832100.000000000000000,0,2,,2011,SLM,0.000494763020227,"MULTILINESTRING M ((-71.093519430999947 42.321557477000056 NAN, -71.093910391999941 42.321254261000036 NAN))"
1594,Martin Luther King Boulevard,6248500.000000000000000,5,2,1,2010,BL,0.004059462775755,"MULTILINESTRING M ((-71.08604274299995 42.31903509600005 NAN, -71.085153423999941 42.318796691000045 NAN, -71.084398953999937 42.318575076000059 NAN, -71.08326455699995 42.31824967600005 NAN, -71.082135022999978 42.317936099000065 NAN))"
1595,Centre Street,4636900.000000000000000,5,2,,2010,BLSL,0.000396746209693,"MULTILINESTRING M ((-71.102862518999984 42.322928018000027 NAN, -71.10266083099998 42.322927883000034 NAN, -71.102465773999938 42.322927209000056 NAN))"
1596,Huntington Avenue,5197600.000000000000000,3,2,1,2013,SLM,0.000206932788812,"MULTILINESTRING M ((-71.104863685999987 42.334062583000048 NAN, -71.104663437999989 42.33411475500003 NAN))"
1597,Tremont Street,5675700.000000000000000,5,2,,2015,SLM,0.000393029524980,"MULTILINESTRING M ((-71.101690660999964 42.33310412600008 NAN, -71.101321645999974 42.332968848000064 NAN))"
1598,Saint Alphonsus Street,5350700.000000000000000,5,2,,2015,BL,0.000225501926313,"MULTILINESTRING M ((-71.100487560999966 42.334291830000041 NAN, -71.100364189999937 42.334480591000045 NAN))"
1599,Tremont Street,5295100.000000000000000,5,2,,2015,SLM,0.000617355177464,"MULTILINESTRING M ((-71.100615938999965 42.332705874000055 NAN, -71.100038156999972 42.332488399000056 NAN))"
1600,Longwood Avenue,4575900.000000000000000,5,2,,2015,BL,0.000690930857018,"MULTILINESTRING M ((-71.100092649999965 42.335837484000081 NAN, -71.099994993999985 42.335738606000064 NAN, -71.099897238999972 42.33565549900004 NAN, -71.099833944999943 42.335584329000028 NAN, -71.099810587999968 42.335497534000069 NAN, -71.09980576199996 42.335420658000032 NAN, -71.099849239999969 42.335265124000045 NAN))"
1601,Saint Alphonsus Street,5351000.000000000000000,5,2,,2015,BL,0.000240527052119,"MULTILINESTRING M ((-71.09927629699996 42.336007172000052 NAN, -71.099157913999989 42.336216549000028 NAN))"
1602,Huntington Avenue,5313100.000000000000000,3,2,1,2013,SLM,0.002209742126090,"MULTILINESTRING M ((-71.099157913999989 42.336216549000028 NAN, -71.098055568999939 42.336636411000029 NAN, -71.09710737599994 42.337039064000066 NAN))"
1603,Palace Road,5596900.000000000000000,0,2,,2012,SLM,0.001630933513291,"MULTILINESTRING M ((-71.099868452999942 42.337731973000075 NAN, -71.099776650999956 42.33788695700008 NAN, -71.099552324999934 42.338190024000028 NAN, -71.099301179999941 42.338625790000037 NAN, -71.099157355999978 42.338850922000063 NAN, -71.098988900999984 42.339103544000068 NAN))"
1604,Brookline Avenue,6298500.000000000000000,2,2,,2013,BL,0.000252115081207,"MULTILINESTRING M ((-71.10345504999998 42.342572220000079 NAN, -71.103275698999937 42.342749407000042 NAN))"
1605,River Street,5155900.000000000000000,5,2,1,2013,SLM,0.000103626689949,"MULTILINESTRING M ((-71.094166382999958 42.267520124000043 NAN, -71.094260411999983 42.267476569000053 NAN))"
1606,Blue Hill Avenue,5486000.000000000000000,2,2,1,2010,BL,0.001059400448205,"MULTILINESTRING M ((-71.093548183999985 42.271831528000064 NAN, -71.093539221999947 42.272313163000035 NAN, -71.09351793999997 42.272853901000076 NAN, -71.093516498999975 42.272890398000072 NAN))"
1607,Blue Hill Avenue,5486001.000000000000000,2,1,1,2010,SLM,0.000394727115262,"MULTILINESTRING M ((-71.093516498999975 42.272890398000072 NAN, -71.09351342399998 42.272968603000038 NAN, -71.093520578999971 42.273092422000047 NAN, -71.093510711999954 42.273284605000072 NAN))"
1608,Blue Hill Avenue,6229700.000000000000000,2,2,1,2010,BL,0.000867230297553,"MULTILINESTRING M ((-71.093618232999972 42.276117230000068 NAN, -71.093636110999967 42.275250184000072 NAN))"
1609,Blue Hill Avenue,6282200.000000000000000,2,2,1,2010,BL,0.000304784785930,"MULTILINESTRING M ((-71.093623218999937 42.276421974000073 NAN, -71.093618232999972 42.276117230000068 NAN))"
1610,Blue Hill Avenue,6223600.000000000000000,2,2,1,2010,BL,0.001177175066926,"MULTILINESTRING M ((-71.093491062999988 42.278429999000025 NAN, -71.09352225799995 42.278174085000046 NAN, -71.093541584999969 42.277966520000064 NAN, -71.093555544999958 42.277621079000028 NAN, -71.093577019999941 42.277256530000045 NAN))"
1611,Blue Hill Avenue,6223800.000000000000000,2,2,1,2010,BL,0.001583794168489,"MULTILINESTRING M ((-71.09264972699998 42.280947307000076 NAN, -71.092886495999949 42.280273477000037 NAN, -71.093164571999978 42.279449561000035 NAN))"
1612,American Legion Highway,5120500.000000000000000,5,2,1,2020,SBL,0.000353010594911,"MULTILINESTRING M ((-71.097470955999938 42.291129844000068 NAN, -71.097142706999989 42.291259725000032 NAN))"
1613,Ritchie Street,4640000.000000000000000,6,2,,2011,SLM,0.000562212640524,"MULTILINESTRING M ((-71.098392845999967 42.322568687000057 NAN, -71.098223659999974 42.322494948000042 NAN, -71.09786519499994 42.322376093000059 NAN))"
1614,Ruggles Street,5407000.000000000000000,5,2,,2010,SLM,0.001672635503243,"MULTILINESTRING M ((-71.095236847999956 42.337538516000052 NAN, -71.095007862999978 42.337470189000044 NAN, -71.094258155999967 42.337205335000078 NAN, -71.093666230999986 42.336965790000079 NAN))"
1615,Hemenway Street,6290100.000000000000000,5,2,1,2011,BL,0.000519773183974,"MULTILINESTRING M ((-71.092233663999934 42.339145820000056 NAN, -71.092525252999963 42.339576099000055 NAN))"
1616,Huntington Avenue,6289900.000000000000000,3,2,1,2012,SLM,0.001298527675270,"MULTILINESTRING M ((-71.091026147999969 42.339616843000044 NAN, -71.091376170999979 42.33946555600005 NAN, -71.092192294999961 42.339147826000044 NAN, -71.092233663999934 42.339145820000056 NAN))"
1617,Commonwealth Avenue,4505300.000000000000000,3,2,1,2010,BL,0.002133375648042,"MULTILINESTRING M ((-71.094975452999961 42.348803126000064 NAN, -71.092842423999969 42.34884158300008 NAN))"
1618,Beacon Street,5625202.000000000000000,3,3,,2019,BFBL,0.000388560170942,"MULTILINESTRING M ((-71.092500154999982 42.35008451200008 NAN, -71.092569240999978 42.350061720000042 NAN, -71.092610289999982 42.350048364000031 NAN, -71.092875361999972 42.34998455300007 NAN))"
1619,Commonwealth Avenue,5859200.000000000000000,3,2,1,2010,BL,0.000923773450672,"MULTILINESTRING M ((-71.092842423999969 42.34884158300008 NAN, -71.091918832999966 42.348859942000047 NAN))"
1620,Eliot Street,4714900.000000000000000,0,2,,2023,CFBL,0.000590531089846,"MULTILINESTRING M ((-71.118191561999936 42.312348032000045 NAN, -71.117767030999971 42.311937544000045 NAN))"
1621,Cummins Highway,5161800.000000000000000,3,2,,2020,SBLSL,0.001157412615286,"MULTILINESTRING M ((-71.114534652999964 42.277379984000049 NAN, -71.114188707999972 42.277108731000055 NAN, -71.113790888999972 42.276864875000058 NAN, -71.113566014999947 42.276752940000051 NAN))"
1622,Canterbury Street,5206600.000000000000000,0,2,,2021,SLMTC,0.005379360824020,
1623,Ukraine Way,5779100.000000000000000,0,0,1,2018,BL,0.001018670321494,"MULTILINESTRING M ((-71.114887166999949 42.29795796500008 NAN, -71.115050209999936 42.298064747000069 NAN, -71.115135964999979 42.298100182000042 NAN, -71.115412711999966 42.298208585000054 NAN, -71.115427650999948 42.298213701000066 NAN, -71.11547606299996 42.298230180000076 NAN, -71.115478707999955 42.298231314000077 NAN, -71.115535041999976 42.298252882000043 NAN, -71.115539208999962 42.298254025000062 NAN, -71.115835181999955 42.298298612000053 NAN))"
1624,Seaverns Avenue,5246400.000000000000000,6,2,,2023,BL,0.000744433744072,"MULTILINESTRING M ((-71.112275300999954 42.311896644000058 NAN, -71.112115007999932 42.311920299000064 NAN, -71.111869548999948 42.311923407000052 NAN, -71.111757563999959 42.311919092000039 NAN, -71.111532866999937 42.311927598000068 NAN))"
1625,Cummins Highway,5733700.000000000000000,3,2,,2020,SBLSL,0.000195339366772,"MULTILINESTRING M ((-71.109814067999935 42.274773728000071 NAN, -71.109643940999945 42.274677737000047 NAN))"
1626,Washington Street,5141200.000000000000000,3,2,,2016,SLM,0.000223171350315,"MULTILINESTRING M ((-71.109271981999939 42.304683996000051 NAN, -71.109110729999941 42.30483827900008 NAN))"
1627,Washington Street,4756600.000000000000000,3,2,,2016,SLM,0.000957098382289,"MULTILINESTRING M ((-71.109110729999941 42.30483827900008 NAN, -71.108733576999953 42.305212306000044 NAN, -71.10843869699994 42.305519652000044 NAN))"
1628,Washington Street,4741900.000000000000000,3,2,,2016,SLM,0.002347724833273,"MULTILINESTRING M ((-71.106201576999979 42.307767256000034 NAN, -71.10596176699994 42.308021893000046 NAN, -71.105719429999965 42.308287211000049 NAN, -71.105109318999951 42.308902950000061 NAN, -71.104558421999968 42.309443481000073 NAN))"
1629,Green Street,4722800.000000000000000,6,2,,2023,SBL,0.001007152669043,"MULTILINESTRING M ((-71.107657764999942 42.31077360300003 NAN, -71.10840918599996 42.311087333000046 NAN, -71.108589187999939 42.311156595000057 NAN))"
1630,Boylston Street,5766000.000000000000000,6,2,,2023,CFBL,0.000564600734506,"MULTILINESTRING M ((-71.107136879999985 42.317503231000046 NAN, -71.107492927999942 42.317673257000081 NAN, -71.107647649999933 42.317743786000051 NAN))"
1631,Boylston Street,4674900.000000000000000,6,2,,2023,CFBL,0.000492891157954,"MULTILINESTRING M ((-71.104880378999951 42.317041974000063 NAN, -71.10513448599994 42.317022587000054 NAN, -71.105369196999959 42.316982882000048 NAN))"
1632,Boylston Street,5766300.000000000000000,6,2,,2023,CFBL,0.000643330924978,"MULTILINESTRING M ((-71.107831875999977 42.317820148000067 NAN, -71.108038404999945 42.317893439000045 NAN, -71.108342426999968 42.317987316000028 NAN, -71.10844327999996 42.318019936000042 NAN))"
1633,Washington Street,5733900.000000000000000,3,2,,2016,SLM,0.000184217942850,"MULTILINESTRING M ((-71.10342624499998 42.310589711000034 NAN, -71.103292987999964 42.310716907000028 NAN))"
1634,Washington Street,5734600.000000000000000,3,2,,2016,SLM,0.000198791375551,"MULTILINESTRING M ((-71.101703421999957 42.312337013000047 NAN, -71.101567789999933 42.312482347000071 NAN))"
1635,Fenway,5314400.000000000000000,3,3,,2019,BFBL,0.000694381602455,"MULTILINESTRING M ((-71.101559348999956 42.341046985000048 NAN, -71.101047111999947 42.340578179000033 NAN))"
1636,Fenway Connector To Park Drive,6254100.000000000000000,3,3,1,2019,BL,0.000373865017800,"MULTILINESTRING M ((-71.100136964999933 42.340247541000053 NAN, -71.100066512999945 42.340354766000075 NAN, -71.099963765999973 42.340470319000076 NAN, -71.099899085999937 42.340534244000025 NAN))"
1637,Park Drive,4539500.000000000000000,3,3,,2019,BL,0.001072983055687,"MULTILINESTRING M ((-71.101071795999985 42.34174639500003 NAN, -71.101823553999964 42.342512001000046 NAN))"
1638, ,6073300.000000000000000,0,2,,,SUP,0.002974321486805,
1639,Quincy Street,4702000.000000000000000,5,2,,2019,SLM,0.001672689994641,"MULTILINESTRING M ((-71.077728817999969 42.314070659000038 NAN, -71.077177715999937 42.31380585800008 NAN, -71.077005798999949 42.313721944000065 NAN, -71.076788205999947 42.313637868000058 NAN, -71.076185726999938 42.31343195200003 NAN))"
1640,Quincy Street,4704400.000000000000000,5,2,,2019,SLM,0.000326300422107,"MULTILINESTRING M ((-71.075668674999974 42.313234231000081 NAN, -71.075358132999952 42.313134053000056 NAN))"
1641,Quincy Street,5721300.000000000000000,5,2,,2019,SLM,0.000763624289091,"MULTILINESTRING M ((-71.075358132999952 42.313134053000056 NAN, -71.074973381999939 42.312993082000048 NAN, -71.074650073999976 42.312849244000063 NAN))"
1642,Fenway,5273200.000000000000000,3,3,,2019,BLSL,0.000308100391973,"MULTILINESTRING M ((-71.098235913999986 42.338781874000063 NAN, -71.097933087999934 42.338725109000052 NAN))"
1643,Norfolk Street,4980400.000000000000000,5,2,,2017,BL,0.000772787736209,"MULTILINESTRING M ((-71.091699492999965 42.277394482000034 NAN, -71.091049522999981 42.277812501000028 NAN))"
1644,Norfolk Street,4972600.000000000000000,5,2,,2017,BL,0.001109908159863,"MULTILINESTRING M ((-71.089939550999986 42.278591809000034 NAN, -71.08969220299997 42.278819376000058 NAN, -71.089467083999978 42.279064468000058 NAN, -71.089163245999941 42.279384115000028 NAN))"
1645,Blue Hill Avenue,6213100.000000000000000,2,2,1,2010,BL,0.000970019177300,"MULTILINESTRING M ((-71.091807697999968 42.283531563000054 NAN, -71.092109922999953 42.282609827000044 NAN))"
1646,Norfolk Street,4954000.000000000000000,5,2,,2017,BL,0.000965579136698,"MULTILINESTRING M ((-71.08801533999997 42.280570657000055 NAN, -71.087604513999963 42.280997949000039 NAN, -71.087351344999945 42.281271636000042 NAN))"
1647,Norfolk Street,5723900.000000000000000,5,2,,2017,BL,0.000853634902067,"MULTILINESTRING M ((-71.086204517999988 42.282312422000075 NAN, -71.086024950999956 42.282395057000031 NAN, -71.085761739999953 42.282494264000036 NAN, -71.085414007999987 42.282633790000034 NAN))"
1648,American Legion Highway,5120700.000000000000000,5,2,1,2008,SLM,0.001065712531048,"MULTILINESTRING M ((-71.089635727999962 42.29750664200003 NAN, -71.089239457999952 42.297602575000042 NAN, -71.08859896599995 42.297753334000049 NAN))"
1649,Blue Hill Avenue,5691300.000000000000000,3,2,1,2012,BL,0.000476583293853,"MULTILINESTRING M ((-71.088237810999942 42.29366032400003 NAN, -71.088087538999957 42.294112596000048 NAN))"
1650,Blue Hill Avenue,5111400.000000000000000,3,2,1,2012,BL,0.000502096945758,"MULTILINESTRING M ((-71.088087538999957 42.294112596000048 NAN, -71.087942111999951 42.294593171000031 NAN))"
1651,Jewish War Veterans Drive,5344600.000000000000000,5,2,1,2009,BL,0.000416401334493,"MULTILINESTRING M ((-71.087359743999968 42.302257143000077 NAN, -71.087725819999946 42.302058703000057 NAN))"
1652,Jewish War Veterans Drive,4767500.000000000000000,5,2,1,2009,BL,0.000559086214100,"MULTILINESTRING M ((-71.086403176999966 42.302832144000035 NAN, -71.086881662999986 42.30254295800006 NAN))"
1653,Blue Hill Avenue,6227200.000000000000000,3,2,1,2012,SLM,0.002535556943433,"MULTILINESTRING M ((-71.085727994999957 42.301962051000032 NAN, -71.086185806999936 42.300648193000029 NAN, -71.086554700999955 42.299565068000049 NAN))"
1654,Jewish War Veterans Drive,5737800.000000000000000,5,2,1,2009,BL,0.002102512418159,
1655,Old Trail Road,5778500.000000000000000,5,2,,0,SUP,0.000359549277413,"MULTILINESTRING M ((-71.091872685999988 42.307704295000065 NAN, -71.091563789999952 42.307888303000027 NAN))"
1656,Seaver Street,6228600.000000000000000,3,2,1,2016,BL,0.003534870371041,"MULTILINESTRING M ((-71.091896708999968 42.309673245000056 NAN, -71.091092723999964 42.309062123000047 NAN, -71.090714124999977 42.308788434000064 NAN, -71.089910332999978 42.308180116000074 NAN, -71.089238717999933 42.307648230000041 NAN, -71.089079862999938 42.307538499000032 NAN))"
1657,Seaver Street,5148700.000000000000000,3,2,1,2016,BFBL,0.003864347928677,"MULTILINESTRING M ((-71.088998961999948 42.307622053000046 NAN, -71.089604073999965 42.308063107000066 NAN, -71.090275599999984 42.308580365000068 NAN, -71.090846144999944 42.309004977000029 NAN, -71.091600300999971 42.309584412000049 NAN, -71.091864795999982 42.309789730000034 NAN, -71.092078724999965 42.309955795000064 NAN))"
1658,Seaver Street,5290300.000000000000000,3,2,1,2016,BFBL,0.002660814394626,"MULTILINESTRING M ((-71.085103749999973 42.305437204000043 NAN, -71.085766922999937 42.305772709000053 NAN, -71.086114104999979 42.305975964000027 NAN, -71.08675346299998 42.306361456000047 NAN, -71.087310170999956 42.306693189000043 NAN, -71.087414199999955 42.306754335000051 NAN))"
1659,Old Trail Road,5334100.000000000000000,5,2,,0,SUP,0.001980542371613,
1660,Ruggles Street,4573100.000000000000000,5,2,,2010,SLM,0.000201721415945,"MULTILINESTRING M ((-71.09123588999995 42.336025935000066 NAN, -71.091051946999983 42.335943131000079 NAN))"
1661,Massachusetts Avenue,4521900.000000000000000,3,2,,2016,SBLBL,0.000522073700360,"MULTILINESTRING M ((-71.086841994999986 42.345461472000068 NAN, -71.087067558999934 42.345932303000041 NAN))"
1662,Washington Street,5272000.000000000000000,3,2,1,2011,SLM,0.001657953200170,"MULTILINESTRING M ((-71.080957266999974 42.332920133000073 NAN, -71.080566682999972 42.333495695000067 NAN, -71.080355940999937 42.333727752000073 NAN, -71.080192302999933 42.333867997000027 NAN, -71.079845784999975 42.334128296000074 NAN))"
1663,Albany Street,5251200.000000000000000,5,2,,2012,SLM,0.000839612802617,"MULTILINESTRING M ((-71.076878333999957 42.331261509000058 NAN, -71.076411293999968 42.331557449000059 NAN, -71.076169451999988 42.331711437000081 NAN))"
1664,Causeway Street,5287400.000000000000000,5,2,,2017,SBL,0.000554102466149,"MULTILINESTRING M ((-71.061200042999985 42.365535654000041 NAN, -71.060705654999936 42.365785874000039 NAN))"
1665,Causeway Street,4433000.000000000000000,5,2,,2017,SBL,0.000538975332575,"MULTILINESTRING M ((-71.060705654999936 42.365785874000039 NAN, -71.060222855999939 42.366025456000045 NAN))"
1666,Massachusetts Avenue,5308900.000000000000000,3,2,,2016,SBLBL,0.000441520420370,"MULTILINESTRING M ((-71.089497742999981 42.350856557000043 NAN, -71.089326746999973 42.35052452900004 NAN, -71.089291691999961 42.350466206000078 NAN))"
1667,Massachusetts Avenue,5308800.000000000000000,3,2,,2016,SBLBL,0.000438535490634,"MULTILINESTRING M ((-71.089291691999961 42.350466206000078 NAN, -71.089098948999947 42.350072298000043 NAN))"
1668,Massachusetts Avenue,5200300.000000000000000,3,2,,2016,SBL,0.000294139635346,"MULTILINESTRING M ((-71.087428433999946 42.346653649000075 NAN, -71.087548543999958 42.346922148000033 NAN))"
1669,Hereford Street,4500900.000000000000000,5,2,,2013,BL,0.000390946100937,"MULTILINESTRING M ((-71.086048635999987 42.349578464000047 NAN, -71.086216046999937 42.349931752000032 NAN))"
1670,Norfolk Street,5723602.000000000000000,5,2,,2017,BL,0.000361761945092,"MULTILINESTRING M ((-71.083590647999984 42.28333299600007 NAN, -71.083368895999968 42.283417990000032 NAN, -71.08325677299996 42.283471598000062 NAN))"
1671,Ballou Avenue,4885901.000000000000000,0,2,,2015,SLM,0.000580091386577,"MULTILINESTRING M ((-71.080573308999988 42.287371249000046 NAN, -71.080565084999932 42.287400632000072 NAN, -71.080587330999947 42.287446288000069 NAN, -71.080653070999972 42.287617588000046 NAN, -71.080791014999988 42.28790112300004 NAN))"
1672,Norfolk Street,5217600.000000000000000,5,2,,2017,BL,0.000645582600662,"MULTILINESTRING M ((-71.080028063999976 42.285880730000031 NAN, -71.079574072999947 42.286339717000033 NAN))"
1673,Blue Hill Avenue,6211600.000000000000000,3,2,1,2012,SLM,0.001568526566348,"MULTILINESTRING M ((-71.085246552999934 42.30345481300003 NAN, -71.085376717999964 42.303052957000034 NAN, -71.085559012999965 42.302503873000035 NAN, -71.085727994999957 42.301962051000032 NAN))"
1674,Blue Hill Avenue,4771600.000000000000000,3,2,1,2012,SLM,0.001091033596500,"MULTILINESTRING M ((-71.08556714499997 42.30188486000003 NAN, -71.085225670999932 42.302921079000043 NAN))"
1675,Blue Hill Avenue,6211300.000000000000000,5,2,1,2016,BL,0.000490204868483,"MULTILINESTRING M ((-71.084693043999948 42.305616908000047 NAN, -71.084760231999951 42.305514178000067 NAN, -71.084804631999987 42.305477204000056 NAN, -71.084854659999962 42.305448686000034 NAN, -71.084904605999952 42.305432548000056 NAN, -71.084954287999949 42.305428224000025 NAN, -71.085103749999973 42.305437204000043 NAN))"
1676,Blue Hill Avenue,6240500.000000000000000,5,2,1,2010,BL,0.000715408238075,"MULTILINESTRING M ((-71.084403619999989 42.306805946000054 NAN, -71.084475365999936 42.306616578000046 NAN, -71.084552865999967 42.306386718000056 NAN, -71.084619590999978 42.306124751000027 NAN))"
1677,Columbia Road,5402100.000000000000000,5,2,1,2010,BL,0.000204261353247,"MULTILINESTRING M ((-71.084355903999949 42.303422333000071 NAN, -71.084151874999975 42.303412593000076 NAN))"
1678,Columbia Road,6246400.000000000000000,5,2,1,2010,BL,0.000753297190762,"MULTILINESTRING M ((-71.081851430999961 42.304655097000079 NAN, -71.08215587899997 42.304439571000046 NAN, -71.082475228999954 42.304233100000033 NAN))"
1679,Blue Hill Avenue,5223300.000000000000000,5,2,1,2012,SLM,0.000430223279017,"MULTILINESTRING M ((-71.083161769999947 42.308326890000046 NAN, -71.083035167999981 42.308529001000068 NAN, -71.082941577999975 42.308696342000076 NAN))"
1680,Blue Hill Avenue,6240800.000000000000000,5,2,1,2012,SLM,0.000972880439085,"MULTILINESTRING M ((-71.082804490999933 42.309339557000044 NAN, -71.082974577999948 42.309009315000026 NAN, -71.083024222999939 42.30889639600008 NAN, -71.083065911999938 42.308810455000071 NAN, -71.08309298599994 42.308749353000053 NAN, -71.083254400999976 42.308478026000046 NAN))"
1681,Blue Hill Avenue,6240900.000000000000000,5,2,1,2012,SLM,0.000245637810090,"MULTILINESTRING M ((-71.082668579999961 42.30954388300006 NAN, -71.082744128999934 42.309440060000043 NAN, -71.082804490999933 42.309339557000044 NAN))"
1682,Warren Street,4704200.000000000000000,5,2,,2010,SLM,0.000370006752800,"MULTILINESTRING M ((-71.083553701999961 42.313194987000031 NAN, -71.083588701999986 42.313290771000027 NAN, -71.083616282999969 42.313391031000037 NAN, -71.083641183999987 42.313553174000049 NAN))"
1683,Warren Street,6264000.000000000000000,5,2,1,2011,SLM,0.000302230751109,"MULTILINESTRING M ((-71.081944580999959 42.318347070000073 NAN, -71.082072332999985 42.31807316700008 NAN))"
1684,Warren Street,6264100.000000000000000,5,2,1,2011,BL,0.001306640604530,"MULTILINESTRING M ((-71.081790685999977 42.320738147000043 NAN, -71.08168184799996 42.320341055000029 NAN, -71.081592562999958 42.320026753000036 NAN, -71.081562940999959 42.319890476000069 NAN, -71.081552714999987 42.319846637000069 NAN, -71.081538242999954 42.319784601000038 NAN, -71.081533849999971 42.319674861000067 NAN, -71.081545472999949 42.319465022000031 NAN))"
1685,Warren Street,5601200.000000000000000,5,2,1,2011,BL,0.000664269093642,"MULTILINESTRING M ((-71.083184829999936 42.326615957000058 NAN, -71.083093855999948 42.327273967000053 NAN))"
1686,Walnut Avenue,5189500.000000000000000,6,2,,2011,BLSL,0.000496352041097,"MULTILINESTRING M ((-71.083346415999983 42.323984865000057 NAN, -71.082854978999933 42.324054543000045 NAN))"
1687,Walnut Avenue,5741900.000000000000000,6,2,,2011,BLSL,0.000159612553864,"MULTILINESTRING M ((-71.082854978999933 42.324054543000045 NAN, -71.082702329999961 42.32400791200007 NAN))"
1688,Warren Street,5741600.000000000000000,5,2,1,2011,BL,0.000779909973166,"MULTILINESTRING M ((-71.08245373799997 42.323268703000053 NAN, -71.082579098999986 42.323632652000072 NAN, -71.082702329999961 42.32400791200007 NAN))"
1689,Warren Street,5474600.000000000000000,5,2,,2011,SLM,0.000212736816052,"MULTILINESTRING M ((-71.08319763999998 42.330111396000063 NAN, -71.08319563699996 42.330111136000028 NAN, -71.083160441999951 42.330318893000026 NAN))"
1690,Warren Street,6263200.000000000000000,5,2,,2011,SLM,0.000381410284463,"MULTILINESTRING M ((-71.083206827999959 42.327651374000027 NAN, -71.083185870999955 42.327753146000077 NAN, -71.083139345999939 42.327851445000078 NAN, -71.083061956999984 42.32800140300003 NAN))"
1691,Warren Street,5602600.000000000000000,5,2,1,2011,SLM,0.000202657503852,"MULTILINESTRING M ((-71.083066458999951 42.327457695000078 NAN, -71.083057962999987 42.32751466600007 NAN, -71.083043805999978 42.327659030000063 NAN))"
1692,Washington Street,5632500.000000000000000,3,2,1,2011,SLM,0.000425743946038,"MULTILINESTRING M ((-71.082986382999934 42.330839874000048 NAN, -71.083200667999961 42.330687597000065 NAN, -71.083343187999958 42.330608778000055 NAN))"
1693,Columbus Avenue,4537200.000000000000000,3,2,,2009,BL,0.000830137492895,"MULTILINESTRING M ((-71.07982420999997 42.342158555000026 NAN, -71.079235321999988 42.342661695000061 NAN, -71.079191479999963 42.342695857000081 NAN))"
1694,Dalton Street,4517200.000000000000000,5,2,,2013,BLSL,0.000769212371955,"MULTILINESTRING M ((-71.085030466999967 42.346747009000069 NAN, -71.084907769999973 42.346488295000029 NAN, -71.08480426999995 42.346308428000043 NAN, -71.084794045999956 42.346277444000066 NAN, -71.084742567999967 42.346204110000031 NAN, -71.084634433999952 42.346095682000055 NAN))"
1695,Commonwealth Avenue,6209000.000000000000000,3,2,1,2010,BL,0.002371630523323,"MULTILINESTRING M ((-71.080462954999973 42.351480313000025 NAN, -71.082753349999962 42.350864909000052 NAN))"
1696,Cambridge Street,5838200.000000000000000,3,2,,2011,BL,0.001198932800167,"MULTILINESTRING M ((-71.079668771999934 42.382286678000071 NAN, -71.080417742999941 42.382219639000027 NAN, -71.080859653999937 42.382152597000072 NAN))"
1697,Columbia Road,6239100.000000000000000,5,2,1,2010,BL,0.001183352852670,"MULTILINESTRING M ((-71.076637184999981 42.307085383000071 NAN, -71.077014466999969 42.306807678000041 NAN, -71.077355710999939 42.306591175000051 NAN, -71.077630708999948 42.306446451000056 NAN))"
1698,Columbia Road,5753000.000000000000000,5,2,1,2010,BL,0.000756115995499,"MULTILINESTRING M ((-71.076520997999978 42.307002242000067 NAN, -71.076207585999953 42.30724979200005 NAN, -71.075940491999972 42.307486262000054 NAN))"
1699,Columbia Road,5753100.000000000000000,5,2,1,2010,BL,0.001109141302038,"MULTILINESTRING M ((-71.075940491999972 42.307486262000054 NAN, -71.075424062999957 42.307938441000033 NAN, -71.075395819999983 42.30796147600006 NAN, -71.075096487999986 42.308205635000036 NAN))"
1700,Columbia Road,6239400.000000000000000,5,2,1,2010,BL,0.000776493757387,"MULTILINESTRING M ((-71.074603789999969 42.308734986000047 NAN, -71.075000555999964 42.308465239000043 NAN, -71.075233568999977 42.308281540000053 NAN))"
1701,Norfolk Street,4858400.000000000000000,5,2,,2017,BL,0.000601587182956,"MULTILINESTRING M ((-71.073059248999982 42.289279935000025 NAN, -71.072918866999942 42.289362689000029 NAN, -71.072795398999972 42.28946632800006 NAN, -71.072620584999981 42.289681751000046 NAN))"
1702,Talbot Avenue,4859700.000000000000000,5,2,,2010,BL,0.001449974005480,"MULTILINESTRING M ((-71.06835373399997 42.289620786000057 NAN, -71.067715678999946 42.289391056000056 NAN, -71.067202997999971 42.28916855500006 NAN, -71.067010367999956 42.289077795000026 NAN))"
1703,Geneva Avenue,4775800.000000000000000,5,2,,2016,SLM,0.000799638076936,"MULTILINESTRING M ((-71.067367797999964 42.30101546700007 NAN, -71.066977528999985 42.30078048200005 NAN, -71.066679296999951 42.300608864000026 NAN))"
1704,Albany Street,4595800.000000000000000,5,2,,2012,SLM,0.001556036762602,"MULTILINESTRING M ((-71.075654350999969 42.331998056000032 NAN, -71.075451231999978 42.332120531000044 NAN, -71.075154096999938 42.332297240000059 NAN, -71.074773860999983 42.332539479000047 NAN, -71.074357858999974 42.332855291000044 NAN))"
1705,Massachusetts Avenue,46806700.000000000000000,3,2,1,2020,SBL,0.002191858244959,"MULTILINESTRING M ((-71.075170605999972 42.334951913000054 NAN, -71.07351356099997 42.333517185000062 NAN))"
1706,Massachusetts Avenue,5263200.000000000000000,3,2,1,2020,SBL,0.002191140809542,"MULTILINESTRING M ((-71.073387264999951 42.333623998000064 NAN, -71.075067331999946 42.33503058000008 NAN))"
1707,Columbus Avenue,4527700.000000000000000,3,2,,2009,BL,0.000874122197850,"MULTILINESTRING M ((-71.077190899999948 42.344296666000048 NAN, -71.076502551999965 42.344835430000046 NAN))"
1708,Dartmouth Street,5268700.000000000000000,5,2,,2011,BL,0.000452955782305,"MULTILINESTRING M ((-71.077555405999988 42.350498130000062 NAN, -71.07775030199997 42.35090701200005 NAN))"
1709,Dartmouth Street,5268600.000000000000000,5,2,,2011,BL,0.000454672995689,"MULTILINESTRING M ((-71.077368797999952 42.350083945000051 NAN, -71.077537458999984 42.350442996000027 NAN, -71.077555405999988 42.350498130000062 NAN))"
1710,Dartmouth Street,5268900.000000000000000,5,2,,2011,BL,0.000461528692479,"MULTILINESTRING M ((-71.077939840999989 42.351284193000026 NAN, -71.078098747999945 42.351617683000029 NAN, -71.078136387999962 42.351701756000068 NAN))"
1711,Beacon Street,4472100.000000000000000,3,2,,2018,SBL,0.002230721251350,"MULTILINESTRING M ((-71.07696531299996 42.354252484000028 NAN, -71.077264113999945 42.354171447000056 NAN, -71.07806379699997 42.353957751000053 NAN, -71.079117748999977 42.35366676700005 NAN))"
1712,Sullivan Square,4392300.000000000000000,3,2,,2014,BFBL,0.000447830092406,"MULTILINESTRING M ((-71.072815803999958 42.38454192100005 NAN, -71.072806652999986 42.384585824000055 NAN, -71.072746365999933 42.384944027000074 NAN, -71.072735480999938 42.384982250000064 NAN))"
1713,Columbia Road,6229900.000000000000000,5,2,1,2010,BL,0.002398046622314,"MULTILINESTRING M ((-71.070217463999938 42.311343038000075 NAN, -71.070821524999985 42.311030194000068 NAN, -71.071575031999942 42.310673447000056 NAN, -71.071898288999932 42.310487842000043 NAN, -71.072334860999945 42.310221626000043 NAN))"
1714,Columbia Road,6230400.000000000000000,5,2,1,2010,SLM,0.001336726790463,"MULTILINESTRING M ((-71.066595337999956 42.315666504000035 NAN, -71.066769560999944 42.315467409000064 NAN, -71.066949787999988 42.315250327000058 NAN, -71.066971170999977 42.315224029000035 NAN, -71.067144563999989 42.315010794000045 NAN, -71.067271029999972 42.314837963000059 NAN, -71.067427361999933 42.314621354000053 NAN))"
1715,Washington Street,5714900.000000000000000,3,2,,2011,SLM,0.001211570726581,"MULTILINESTRING M ((-71.070707755999933 42.340798563000078 NAN, -71.070066079999947 42.341169858000058 NAN, -71.069829221999953 42.341284887000029 NAN, -71.069638717999965 42.341365615000029 NAN))"
1716,Berkeley Street,4518900.000000000000000,3,2,,2023,SBL,0.000419794400422,"MULTILINESTRING M ((-71.070433040999944 42.345854445000043 NAN, -71.07060680099994 42.346236590000046 NAN))"
1717,Berkeley Street,4521400.000000000000000,3,2,,2023,SBL,0.000462813552379,"MULTILINESTRING M ((-71.070218129999944 42.345444567000072 NAN, -71.070264198999951 42.345529706000036 NAN, -71.070433040999944 42.345854445000043 NAN))"
1718,Berkeley Street,5874400.000000000000000,3,2,,2023,SBL,0.001456604612133,"MULTILINESTRING M ((-71.070957451999959 42.346973887000047 NAN, -71.071190200999979 42.347427155000048 NAN, -71.071622169999955 42.34826997600004 NAN))"
1719,Stuart Street,5177700.000000000000000,3,2,,2017,BL,0.001821421354593,"MULTILINESTRING M ((-71.07224602499997 42.349541145000046 NAN, -71.07048765899998 42.350016250000067 NAN))"
1720,Morton Street,5875600.000000000000000,5,2,1,2020,BL,0.000970538183925,"MULTILINESTRING M ((-71.080438824999987 42.278968519000045 NAN, -71.079822117999981 42.278594071000043 NAN, -71.079614084999946 42.278457139000068 NAN))"
1721,Boylston Street,4510500.000000000000000,3,2,,2024,SBL,0.001574753230501,"MULTILINESTRING M ((-71.085279402999959 42.347988178000037 NAN, -71.083757762999937 42.348393714000053 NAN))"
1722,Boylston Street,4502200.000000000000000,3,2,,2024,SBL,0.001144068303974,"MULTILINESTRING M ((-71.080592469999942 42.349224495000044 NAN, -71.079487808999943 42.349522180000065 NAN))"
1723,Milton Avenue,4968600.000000000000000,6,2,,2021,SLMTC,0.000733695696998,"MULTILINESTRING M ((-71.075017961999947 42.278994472000079 NAN, -71.075094643999932 42.279197324000052 NAN, -71.075253499999974 42.279689139000027 NAN))"
1724,Edson Street,4914800.000000000000000,0,2,,2021,SLMTC,0.003473337488423,"MULTILINESTRING M ((-71.077085650999948 42.284433189000026 NAN, -71.077255157999957 42.285008319000042 NAN, -71.077502313999958 42.285672641000076 NAN, -71.077797954999937 42.286595974000079 NAN, -71.078082909999978 42.287446685000077 NAN, -71.07819834999998 42.287721703000045 NAN))"
1725,Quincy Street,4697300.000000000000000,5,2,,2019,SLM,0.001223316442912,"MULTILINESTRING M ((-71.078823355999987 42.314616539000042 NAN, -71.078492643999937 42.314441460000069 NAN, -71.077921169999968 42.314159707000044 NAN, -71.077728817999969 42.314070659000038 NAN))"
1726,Washington Street,4873200.000000000000000,5,2,,,SLM,0.000232752613884,"MULTILINESTRING M ((-71.071200615999942 42.287743060000025 NAN, -71.071168931999978 42.287973646000069 NAN))"
1727,Massachusetts Avenue,5165100.000000000000000,3,2,,2023,SBL,0.000853079568084,"MULTILINESTRING M ((-71.068245502999957 42.328450872000076 NAN, -71.068793672999959 42.329104519000055 NAN))"
1728,Massachusetts Avenue,6231800.000000000000000,3,2,1,2023,SBL,0.000522157598024,"MULTILINESTRING M ((-71.068245502999957 42.328450872000076 NAN, -71.067937283999981 42.328029387000072 NAN))"
1729,Massachusetts Avenue,6231700.000000000000000,3,2,1,2023,SBL,0.000611223779247,"MULTILINESTRING M ((-71.067937283999981 42.328029387000072 NAN, -71.067872238999939 42.327949241000056 NAN, -71.067565044999981 42.327544642000078 NAN))"
1730,Tremont Street,4527800.000000000000000,3,2,,2023,SBL,0.000558078620172,"MULTILINESTRING M ((-71.071076013999971 42.344267177000063 NAN, -71.070839311999976 42.344404241000063 NAN, -71.070726011999966 42.344462942000064 NAN, -71.070588922999946 42.344539367000039 NAN))"
1731,Tremont Street,5151100.000000000000000,3,2,,2023,SBL,0.000260963152322,"MULTILINESTRING M ((-71.070011170999976 42.345081054000048 NAN, -71.069833869999968 42.345272538000074 NAN))"
1732,D Street,5756700.000000000000000,5,2,,2013,CFBL,0.000191737835250,"MULTILINESTRING M ((-71.055220866999946 42.33514161800008 NAN, -71.055073309999955 42.33526405300006 NAN))"
1733,D Street,5756600.000000000000000,5,2,,2013,SLM,0.000194775476250,"MULTILINESTRING M ((-71.055073309999955 42.33526405300006 NAN, -71.054919601999984 42.335383683000032 NAN))"
1734,D Street,5224700.000000000000000,5,2,,2013,SLM,0.000328062144529,"MULTILINESTRING M ((-71.054919601999984 42.335383683000032 NAN, -71.054666526999938 42.33559243600007 NAN))"
1735,Dorchester Avenue,5627101.000000000000000,3,1,,2011,SLM,0.000278487999999,"MULTILINESTRING M ((-71.057112286999939 42.338682544000051 NAN, -71.057112288999974 42.338961032000043 NAN))"
1736,A Street,4540700.000000000000000,5,2,,2013,BL,0.000572633798433,"MULTILINESTRING M ((-71.055963495999947 42.34146849900003 NAN, -71.055760642999985 42.341652275000058 NAN, -71.055529304999936 42.341841568000063 NAN))"
1737,A Street,4536300.000000000000000,5,2,,2013,BL,0.000568797051905,"MULTILINESTRING M ((-71.055024879999962 42.342225055000029 NAN, -71.054591653999978 42.342593627000042 NAN))"
1738,Stuart Street,5843000.000000000000000,3,2,,2017,BL,0.000606218891296,"MULTILINESTRING M ((-71.07048765899998 42.350016250000067 NAN, -71.069897862999937 42.35015640000006 NAN))"
1739,Main Street,5232000.000000000000000,5,2,,2011,SLM,0.000361441137823,"MULTILINESTRING M ((-71.066541820999987 42.377085585000032 NAN, -71.06652592599994 42.377071955000076 NAN, -71.066245618999972 42.376878642000065 NAN))"
1740,Main Street,5173000.000000000000000,5,2,,2011,BL,0.000314373628550,"MULTILINESTRING M ((-71.070460700999945 42.380793986000072 NAN, -71.070679032999976 42.38102017600005 NAN))"
1741,Alford Street,6273600.000000000000000,3,2,1,2016,BFBL,0.003341958373158,"MULTILINESTRING M ((-71.070610292999959 42.390336955000066 NAN, -71.071099803999971 42.389695052000036 NAN, -71.072191458999953 42.387898189000055 NAN, -71.072243478999951 42.387812942000039 NAN, -71.072275556999955 42.387755107000032 NAN, -71.072404271999972 42.387522070000045 NAN))"
1742,Adams Street,5695800.000000000000000,5,2,,2017,BL,0.002160915729820,"MULTILINESTRING M ((-71.066113490999953 42.272498204000044 NAN, -71.066073117999963 42.272512023000047 NAN, -71.06546809799994 42.272738753000056 NAN, -71.064818102999936 42.272977685000058 NAN, -71.064246710999953 42.273187652000047 NAN, -71.064086998999983 42.273248380000041 NAN))"
1743,Dorchester Avenue,5198400.000000000000000,3,2,,2010,SLM,0.000982396050291,"MULTILINESTRING M ((-71.065920723999966 42.279936159000044 NAN, -71.065787005999937 42.280430255000056 NAN, -71.065661925999962 42.280883851000056 NAN))"
1744,Dorchester Avenue,5198600.000000000000000,3,2,,2010,SLM,0.000185995563637,"MULTILINESTRING M ((-71.065322292999952 42.282063119000043 NAN, -71.065279559999965 42.282244139000056 NAN))"
1745,Dorchester Avenue,4936000.000000000000000,3,2,,2010,SLM,0.000823246742900,"MULTILINESTRING M ((-71.065279559999965 42.282244139000056 NAN, -71.065066859999945 42.28301140700006 NAN, -71.065055886999971 42.283036123000045 NAN))"
1746,Dorchester Avenue,5152700.000000000000000,3,2,,2011,SLM,0.000528455816098,"MULTILINESTRING M ((-71.061968652999951 42.294083800000067 NAN, -71.061930824999934 42.294212779000077 NAN, -71.061818508999977 42.294590477000042 NAN))"
1747,Dorchester Avenue,4803100.000000000000000,3,2,,2011,SLM,0.001039611778255,"MULTILINESTRING M ((-71.061669423999945 42.295078322000052 NAN, -71.061542524999936 42.295481285000051 NAN, -71.061499659999981 42.295651618000079 NAN, -71.061372050999978 42.296074270000076 NAN))"
1748,Dorchester Avenue,4787500.000000000000000,3,2,,2011,SLM,0.000468075331688,"MULTILINESTRING M ((-71.060766488999946 42.298201738000046 NAN, -71.06065343399996 42.298655955000072 NAN))"
1749,Adams Street,5853500.000000000000000,5,2,,2013,SLM,0.001503792186570,"MULTILINESTRING M ((-71.063907147999942 42.308355985000048 NAN, -71.06374348099996 42.308139462000042 NAN, -71.06358583399998 42.307997627000077 NAN, -71.063427862999959 42.307874925000078 NAN, -71.063191273999962 42.307747420000055 NAN, -71.06295126599997 42.307649165000043 NAN, -71.062782054999957 42.307562990000065 NAN, -71.062700419999942 42.307501350000052 NAN))"
1750,Adams Street,5853400.000000000000000,5,2,,2013,SLM,0.000583016382812,"MULTILINESTRING M ((-71.063907147999942 42.308355985000048 NAN, -71.064106706999951 42.308646134000071 NAN, -71.064209141999982 42.30885303000008 NAN))"
1751,Columbia Road,5764400.000000000000000,5,2,1,2010,BL,0.002252765335052,"MULTILINESTRING M ((-71.065010370999971 42.316999270000053 NAN, -71.064690122999934 42.317180368000038 NAN, -71.064428801999952 42.317364502000032 NAN, -71.064189445999943 42.317577978000031 NAN, -71.06399423299996 42.317795560000036 NAN, -71.063841828999955 42.318008185000053 NAN, -71.063619895999977 42.318315753000036 NAN, -71.063441100999967 42.31857053400006 NAN))"
1752,Adams Street,4951900.000000000000000,5,2,,2017,BL,0.000236318370539,"MULTILINESTRING M ((-71.058762933999958 42.280648823000035 NAN, -71.058778149999966 42.280884651000065 NAN))"
1753,Washington Street,5171800.000000000000000,3,2,,2011,SLM,0.000309413399848,"MULTILINESTRING M ((-71.06547390299994 42.34470723000004 NAN, -71.065317081999979 42.344973958000026 NAN))"
1754,Boylston Street,5424800.000000000000000,3,2,,2020,SBL,0.000417080525976,"MULTILINESTRING M ((-71.064568170999962 42.352368130000059 NAN, -71.064151543999969 42.352348685000038 NAN))"
1755,Essex Street,5650100.000000000000000,5,2,,2012,SLM,0.000486510548661,"MULTILINESTRING M ((-71.061910977999958 42.352454856000065 NAN, -71.061425914999973 42.352492358000063 NAN))"
1756,Winter Street,5419201.000000000000000,0,2,,0,PED,0.000506790180715,"MULTILINESTRING M ((-71.060987466999961 42.355672710000078 NAN, -71.060523845999967 42.355468035000058 NAN))"
1757,Essex Street,5293700.000000000000000,5,2,,2012,SLM,0.000290925029289,"MULTILINESTRING M ((-71.060119337999936 42.352566615000057 NAN, -71.059828571999958 42.352556997000079 NAN))"
1758,Winter Street,5419200.000000000000000,0,2,,0,PED,0.000238002148752,"MULTILINESTRING M ((-71.061205196999936 42.355768828000066 NAN, -71.060987466999961 42.355672710000078 NAN))"
1759,Warren Street,4422200.000000000000000,5,2,,2012,BL,0.000363759267038,"MULTILINESTRING M ((-71.062786768999956 42.374501554000062 NAN, -71.063092943999948 42.374697966000042 NAN))"
1760,Main Street,5458900.000000000000000,5,2,,2012,BL,0.000785931149570,"MULTILINESTRING M ((-71.061983728999962 42.372962947000076 NAN, -71.061949428999981 42.372574002000079 NAN, -71.061952885999972 42.372266792000062 NAN, -71.061963177999985 42.372179147000054 NAN))"
1761,Constitution Road,5569500.000000000000000,0,2,,2018,SBL,0.000729345621775,"MULTILINESTRING M ((-71.060151160999965 42.371700052000051 NAN, -71.05948794699998 42.371998549000068 NAN, -71.059486094999954 42.371999437000056 NAN))"
1762,Ashmont Street,5514200.000000000000000,5,2,,2013,SLM,0.001772965978303,"MULTILINESTRING M ((-71.057034432999956 42.287703939000039 NAN, -71.056720729999938 42.287806827000054 NAN, -71.056054019999976 42.288024825000036 NAN, -71.055348021999976 42.288251111000079 NAN))"
1763,John F. Fitzgerald Surface Road,45228900.000000000000000,3,2,,2014,BL,0.001474300323126,"MULTILINESTRING M ((-71.056494571999963 42.362158142000055 NAN, -71.056089911999948 42.361973459000069 NAN, -71.055488326999978 42.361706717000061 NAN, -71.055149363999988 42.361554875000024 NAN))"
1764,Cross Street,5860500.000000000000000,3,2,,2014,BL,0.001015946002835,"MULTILINESTRING M ((-71.054925750999985 42.362055029000032 NAN, -71.055812599999967 42.362550655000064 NAN))"
1765,Cross Street,5455400.000000000000000,3,2,,2014,BL,0.000365399565979,"MULTILINESTRING M ((-71.053614505999974 42.361407038000038 NAN, -71.053942353999958 42.361568384000066 NAN))"
1766,Cross Street,5455300.000000000000000,3,2,,2014,BL,0.000365685494248,"MULTILINESTRING M ((-71.05329712799994 42.361225387000047 NAN, -71.053614505999974 42.361407038000038 NAN))"
1767,Causeway Street,5287500.000000000000000,5,2,,2017,SLM,0.001029904958908,"MULTILINESTRING M ((-71.059437740999954 42.366406993000055 NAN, -71.059288734999939 42.366482681000036 NAN, -71.05882601999997 42.366732358000036 NAN, -71.058527847999983 42.366889398000069 NAN))"
1768,North Washington Street,5334800.000000000000000,3,2,1,2014,SLM,0.000682547547000,"MULTILINESTRING M ((-71.058366983999974 42.365270572000043 NAN, -71.058388950999984 42.365533912000046 NAN, -71.05843084199995 42.365950102000056 NAN))"
1769,Commercial Street,5793800.000000000000000,5,2,,2017,SLM,0.000571789882416,"MULTILINESTRING M ((-71.058527847999983 42.366889398000069 NAN, -71.058080247999953 42.367245204000028 NAN))"
1770,Commercial Street,5149800.000000000000000,5,2,,2011,SLM,0.000893894226742,"MULTILINESTRING M ((-71.057398818999957 42.367762275000075 NAN, -71.056883162999952 42.368082981000043 NAN, -71.056640650999952 42.368235796000079 NAN))"
1771,Salem Street,5243400.000000000000000,0,2,,2013,SLM,0.000230480532165,"MULTILINESTRING M ((-71.055031517999964 42.365986258000078 NAN, -71.054900533999955 42.366175901000076 NAN))"
1772,First Avenue,5995800.000000000000000,0,8,,0,SLM,0.000604447173072,"MULTILINESTRING M ((-71.055761599999983 42.374162532000071 NAN, -71.055243436999945 42.374473761000047 NAN))"
1773,Dorchester Avenue,5686800.000000000000000,3,2,,2011,SLM,0.000322675253747,"MULTILINESTRING M ((-71.060126242999957 42.300465015000043 NAN, -71.060015528999941 42.300768102000063 NAN))"
1774,Adams Street,5337800.000000000000000,5,2,,2013,SLM,0.000345665049207,"MULTILINESTRING M ((-71.059613636999984 42.301253846000066 NAN, -71.059796552999956 42.301547148000054 NAN))"
1775,Adams Street,4775500.000000000000000,5,2,,2013,SLM,0.000736671919179,"MULTILINESTRING M ((-71.059226313999943 42.300627215000077 NAN, -71.059613636999984 42.301253846000066 NAN))"
1776,Dorchester Avenue,4728100.000000000000000,3,2,,2011,BL,0.000541294524682,"MULTILINESTRING M ((-71.057896593999942 42.309967233000066 NAN, -71.057771999999943 42.31049399300008 NAN))"
1777,Dorchester Avenue,4692100.000000000000000,3,2,,2011,BL,0.000284450910778,"MULTILINESTRING M ((-71.056814587999952 42.314653627000041 NAN, -71.056755772999963 42.314931931000046 NAN))"
1778,Dorchester Avenue,5681200.000000000000000,3,2,,2011,BL,0.001015366942320,"MULTILINESTRING M ((-71.056962280999983 42.330869823000057 NAN, -71.056964437999966 42.331211245000077 NAN, -71.056980352999972 42.331646266000064 NAN, -71.056984560999979 42.331884855000055 NAN))"
1779,Dorchester Avenue,5681100.000000000000000,3,2,,2011,BL,0.000483504708504,"MULTILINESTRING M ((-71.056959216999985 42.330386328000031 NAN, -71.056962280999983 42.330869823000057 NAN))"
1780,Dorchester Avenue,5844600.000000000000000,3,2,,2011,SLM,0.000970161859249,"MULTILINESTRING M ((-71.056930974999943 42.328560158000073 NAN, -71.056946560999961 42.329080289000046 NAN, -71.056961398999988 42.329359451000073 NAN, -71.057017910999946 42.329520039000045 NAN))"
1781,Dorchester Avenue,4620600.000000000000000,3,2,,2011,SLM,0.001167602580888,"MULTILINESTRING M ((-71.056903144999978 42.326876162000076 NAN, -71.056915519999961 42.328043699000034 NAN))"
1782,A Street,4531800.000000000000000,5,2,,2023,SBL,0.001200904741655,"MULTILINESTRING M ((-71.053729899999951 42.343362847000037 NAN, -71.053693127999964 42.34344148100007 NAN, -71.053614212999946 42.343580155000041 NAN, -71.053273836999949 42.344144333000031 NAN, -71.053116577999958 42.344394677000025 NAN))"
1783,Surface Artery,45235800.000000000000000,3,2,,2011,BL,0.001709647905283,"MULTILINESTRING M ((-71.058171269999946 42.352296842000044 NAN, -71.05841473299995 42.352160752000032 NAN, -71.058596417999979 42.352041528000029 NAN, -71.058786088999966 42.351890917000048 NAN, -71.058968209999989 42.351708946000031 NAN, -71.059142937999979 42.351489761000039 NAN, -71.059256097999935 42.351293296000051 NAN, -71.05934188599997 42.35110519300008 NAN))"
1784,Franklin Street,4462100.000000000000000,5,2,,2022,SBL,0.000936687664448,"MULTILINESTRING M ((-71.058022215999983 42.355498494000074 NAN, -71.058358503999955 42.355549864000068 NAN, -71.058595692999972 42.35561492000005 NAN, -71.058919838999941 42.355748391000077 NAN))"
1785,Congress Street,5651700.000000000000000,3,2,,2012,SLM,0.000759696819827,"MULTILINESTRING M ((-71.054629324999951 42.354644048000068 NAN, -71.054082569999935 42.35411660300008 NAN))"
1786,High Street,5825800.000000000000000,3,2,,2011,BL,0.000427450654259,"MULTILINESTRING M ((-71.054314519999934 42.354945151000038 NAN, -71.054031832999954 42.355220315000054 NAN, -71.054007408999951 42.355242439000051 NAN))"
1787,Pearl Street,5359900.000000000000000,3,2,,2012,BL,0.001207124058324,"MULTILINESTRING M ((-71.054007408999951 42.355242439000051 NAN, -71.054877421999947 42.356079234000049 NAN))"
1788,Washington Street,5647000.000000000000000,5,2,,0,PED,0.000407958323475,"MULTILINESTRING M ((-71.059489621999944 42.356390650000037 NAN, -71.05916306499995 42.35663517100005 NAN))"
1789,Broad Street,5279200.000000000000000,5,2,,2013,SLM,0.000179751115800,"MULTILINESTRING M ((-71.054133143999934 42.358206585000062 NAN, -71.054204790999961 42.358371440000042 NAN))"
1790,Franklin Street,5359500.000000000000000,5,2,,2011,BL,0.001089794055979,"MULTILINESTRING M ((-71.053929315999937 42.35661658500004 NAN, -71.054877421999947 42.356079234000049 NAN))"
1791,Broad Street,5614500.000000000000000,5,2,,2013,SLM,0.000697232370474,"MULTILINESTRING M ((-71.053995694999969 42.357986502000074 NAN, -71.053929185999948 42.35792705700004 NAN, -71.053356608999934 42.357722471000045 NAN))"
1792,Neponset Avenue,5781000.000000000000000,5,2,,2012,BLSL,0.000392011640744,"MULTILINESTRING M ((-71.050880720999942 42.293094810000071 NAN, -71.050633533999985 42.292790554000078 NAN))"
1793,Dorchester Avenue,4531000.000000000000000,0,2,,2020,SBL,0.000637974833806,"MULTILINESTRING M ((-71.057226201999981 42.343549110000026 NAN, -71.057239402999983 42.343885084000078 NAN, -71.057247717999985 42.344186711000077 NAN))"
1794,Dorchester Avenue,4533400.000000000000000,5,2,,2020,SBL,0.000597511150027,"MULTILINESTRING M ((-71.05717859899994 42.342954168000063 NAN, -71.057213032999982 42.343209196000032 NAN, -71.057226201999981 42.343549110000026 NAN))"
1795,Dorchester Avenue,5438900.000000000000000,3,2,,2020,SBL,0.000158843263565,"MULTILINESTRING M ((-71.057163967999941 42.342796000000078 NAN, -71.05717859899994 42.342954168000063 NAN))"
1796,Arlington Street,4496000.000000000000000,3,2,,2024,SBL,0.000996242218025,"MULTILINESTRING M ((-71.070290849999935 42.351071669000078 NAN, -71.070103085999961 42.35065514300004 NAN, -71.069909218999953 42.350187953000045 NAN, -71.069897862999937 42.35015640000006 NAN))"
1797,Tremont Street,5151300.000000000000000,3,2,,2023,SBL,0.000265663479348,"MULTILINESTRING M ((-71.069087414999956 42.346629549000056 NAN, -71.068956329999935 42.346860620000029 NAN))"
1798,Stuart Street,5842900.000000000000000,3,2,,2023,BL,0.001260640994782,"MULTILINESTRING M ((-71.069897862999937 42.35015640000006 NAN, -71.068683727999939 42.350495652000063 NAN))"
1799,Stuart Street,5378100.000000000000000,3,2,,2023,BFBL,0.000562325994395,"MULTILINESTRING M ((-71.068683727999939 42.350495652000063 NAN, -71.068143498999973 42.350651739000057 NAN))"
1800,Stuart Street,5378200.000000000000000,3,2,,2023,BFBL,0.000627602419116,"MULTILINESTRING M ((-71.068143498999973 42.350651739000057 NAN, -71.067680507999967 42.350772663000043 NAN, -71.067535660999965 42.350807938000059 NAN))"
1801,Arlington Street,5272500.000000000000000,3,2,,2020,SBL,0.000458862048960,"MULTILINESTRING M ((-71.071873209999978 42.354233081000075 NAN, -71.071637375999956 42.353839461000064 NAN))"
1802,Arlington Street,5381800.000000000000000,3,2,,2024,SBL,0.000390686477649,"MULTILINESTRING M ((-71.070455160999984 42.351426117000074 NAN, -71.070323383999948 42.351139873000079 NAN, -71.070290849999935 42.351071669000078 NAN))"
1803,Charles Street,5649900.000000000000000,3,2,,2020,SBL,0.002566472550660,"MULTILINESTRING M ((-71.067819348999933 42.353279831000066 NAN, -71.067829937999988 42.353300793000074 NAN, -71.068226319999951 42.353994947000047 NAN, -71.068660117999968 42.354792767000049 NAN, -71.069054300999937 42.355529440000055 NAN))"
1804,Boylston Street,5587800.000000000000000,3,2,1,2020,SBL,0.003299542363830,"MULTILINESTRING M ((-71.070704775999957 42.351948747000051 NAN, -71.070550337999975 42.351985871000068 NAN, -71.069224190999932 42.352275121000048 NAN, -71.068227088999947 42.352492586000039 NAN, -71.067852161999951 42.352573891000077 NAN, -71.067729055999962 42.35263251300006 NAN, -71.067667458999949 42.352682358000038 NAN, -71.067622763999964 42.352839743000061 NAN))"
1805,Stuart Street,5378000.000000000000000,3,2,,2020,BFBL,0.000686939085674,"MULTILINESTRING M ((-71.067535660999965 42.350807938000059 NAN, -71.067368783999939 42.350848579000058 NAN, -71.066868230999944 42.35097048800003 NAN))"
1806,Cambridge Street,6236700.000000000000000,3,2,1,2022,SBL,0.000955805245244,"MULTILINESTRING M ((-71.066917224999941 42.361237244000051 NAN, -71.067873001999942 42.361229896000054 NAN))"
1807,Tremont Street,5294000.000000000000000,3,2,,2020,SBL,0.002055473114003,"MULTILINESTRING M ((-71.065064663999976 42.35061528500006 NAN, -71.065292785999986 42.349830072000032 NAN, -71.065541285999984 42.34861747900004 NAN))"
1808,Washington Street,5171900.000000000000000,3,2,,,SLM,0.000492304250307,"MULTILINESTRING M ((-71.064411995999933 42.347352163000039 NAN, -71.064297132999968 42.34783088000006 NAN))"
1809,Washington Street,5172200.000000000000000,3,2,,,SLM,0.002064081942120,"MULTILINESTRING M ((-71.063959131999979 42.349087162000046 NAN, -71.063823124999942 42.349463685000046 NAN, -71.063770944999987 42.349566577000076 NAN, -71.063697924999985 42.349703760000068 NAN, -71.06363270099996 42.349831427000026 NAN, -71.063570131999938 42.34994763900005 NAN, -71.063317042999984 42.350444965000065 NAN, -71.063192120999986 42.350644948000081 NAN, -71.063040447999981 42.350931041000081 NAN))"
1810,Tremont Street,4486600.000000000000000,3,2,,2020,SBL,0.000669892882353,"MULTILINESTRING M ((-71.064568170999962 42.352368130000059 NAN, -71.064656500999945 42.352000843000042 NAN, -71.064725402999954 42.351716951000071 NAN))"
1811,Washington Street,5326500.000000000000000,3,2,,2020,SBL,0.000181892336370,"MULTILINESTRING M ((-71.062537678999945 42.353107967000028 NAN, -71.062516126999981 42.353288578000047 NAN))"
1812,Harrison Avenue,5461700.000000000000000,5,2,,2019,BFBL,0.000514702515735,"MULTILINESTRING M ((-71.061223566999956 42.35200099900004 NAN, -71.06117018599997 42.351753516000031 NAN, -71.061166295999953 42.35157625800008 NAN, -71.061187528999938 42.351494751000075 NAN))"
1813,Tremont Street,46180300.000000000000000,3,2,1,2020,SBL,0.000684229883362,"MULTILINESTRING M ((-71.059487726999976 42.359276758000078 NAN, -71.059622196999953 42.359205587000076 NAN, -71.059708615999966 42.359057110000037 NAN, -71.059922954999934 42.358767509000074 NAN))"
1814,Cambridge Street,46180000.000000000000000,3,2,1,2022,BL,0.000639829560398,"MULTILINESTRING M ((-71.063755977999961 42.361298634000036 NAN, -71.064394109999967 42.361252057000058 NAN))"
1815,Lomasney Way,46183700.000000000000000,3,2,1,2017,BL,0.001222658913967,"MULTILINESTRING M ((-71.064247054999953 42.365221280000071 NAN, -71.064223077999941 42.36510794700007 NAN, -71.064065504999974 42.364953514000035 NAN, -71.063498786999958 42.364348241000073 NAN, -71.063466300999949 42.364301388000058 NAN))"
1816,Cambridge Street,46180200.000000000000000,3,2,1,2022,SBL,0.001605180567763,"MULTILINESTRING M ((-71.061267418999932 42.361008551000054 NAN, -71.061414043999946 42.361062631000038 NAN, -71.061685583999974 42.36115152800005 NAN, -71.062120344999983 42.361250541000061 NAN, -71.062478661999933 42.361292275000039 NAN, -71.062834750999968 42.361310333000063 NAN))"
1817,Columbia Road,4654300.000000000000000,3,1,,2022,BL,0.001186040597096,"MULTILINESTRING M ((-71.05979986899996 42.320013440000025 NAN, -71.059557350999967 42.320017614000051 NAN, -71.059159871999952 42.32002280200004 NAN, -71.058868049999944 42.320049193000045 NAN, -71.058616808999943 42.320078641000066 NAN))"
1818,Congress Street,5648300.000000000000000,3,2,,2016,SLM,0.000465740437937,"MULTILINESTRING M ((-71.056538974999967 42.358057085000041 NAN, -71.056681682999965 42.358500423000066 NAN))"
1819,Saratoga Street,5580600.000000000000000,5,2,,2017,BL,0.000268197976516,"MULTILINESTRING M ((-71.039744517999964 42.375306895000051 NAN, -71.03951002499997 42.375437061000071 NAN))"
1820,D Street,4549800.000000000000000,5,2,,2013,SLM,0.000419528673119,"MULTILINESTRING M ((-71.049905825999986 42.339594838000039 NAN, -71.049588544999949 42.339869314000055 NAN))"
1821,A Street,5664500.000000000000000,5,2,,2023,SBL,0.000842601602105,"MULTILINESTRING M ((-71.053116577999958 42.344394677000025 NAN, -71.052702637999971 42.344928742000036 NAN, -71.052594815999953 42.345056140000054 NAN))"
1822,D Street,5203800.000000000000000,5,2,,2013,BFBL,0.003372097412383,"MULTILINESTRING M ((-71.047823335999965 42.341379001000064 NAN, -71.047299000999942 42.341826125000068 NAN, -71.047020615999941 42.342067198000052 NAN, -71.047000396999977 42.342084560000046 NAN, -71.046333558999947 42.342658683000025 NAN, -71.046034400999986 42.34291352300005 NAN, -71.045264329999952 42.343575010000052 NAN))"
1823,A Street,5139300.000000000000000,5,2,,2013,BLSL,0.000725403135548,"MULTILINESTRING M ((-71.050169738999955 42.348160481000036 NAN, -71.049723624999956 42.348732488000053 NAN))"
1824,Broad Street,5624501.000000000000000,5,2,,2013,SLM,0.000673117731028,"MULTILINESTRING M ((-71.052257161999933 42.357276657000057 NAN, -71.052133789999971 42.357231796000065 NAN, -71.051883744999941 42.357161592000068 NAN, -71.051778840999987 42.357147764000047 NAN, -71.051603543999988 42.357166708000079 NAN))"
1825,Atlantic Avenue,45276400.000000000000000,3,2,,2011,BFBL,0.000325276132135,"MULTILINESTRING M ((-71.050784948999933 42.357040712000071 NAN, -71.050809474999937 42.357160549000071 NAN, -71.050897390999978 42.357343474000061 NAN))"
1826,Atlantic Avenue,5284400.000000000000000,5,2,,2017,SBL,0.001078602244950,"MULTILINESTRING M ((-71.051956764999943 42.361676355000043 NAN, -71.051597451999953 42.361844869000038 NAN, -71.051378771999964 42.361948675000065 NAN, -71.051201281999965 42.362075150000067 NAN, -71.051101885999969 42.362182794000034 NAN, -71.051070677999974 42.36225122500008 NAN))"
1827,Commercial Street,5641100.000000000000000,5,2,,2017,SBL,0.000370174553266,"MULTILINESTRING M ((-71.051604416999965 42.366611764000027 NAN, -71.051736154999958 42.366723375000049 NAN, -71.051882148999937 42.366856406000068 NAN))"
1828,Neponset Avenue,4881900.000000000000000,5,2,,2012,BL,0.002029861825574,"MULTILINESTRING M ((-71.045292056999983 42.28694119000005 NAN, -71.045320771999968 42.286953119000032 NAN, -71.045764503999976 42.287133250000068 NAN, -71.04586306799996 42.287180344000035 NAN, -71.046020535999958 42.287254679000057 NAN, -71.04620870499997 42.287382028000025 NAN, -71.046359342999949 42.287511478000056 NAN, -71.046546866999961 42.287727730000029 NAN, -71.046748925999964 42.287978923000026 NAN, -71.046873395999967 42.288138093000043 NAN))"
1829,Mount Vernon Street,4672300.000000000000000,6,2,,2013,BFBL,0.004253162467634,"MULTILINESTRING M ((-71.044100139999955 42.318479120000063 NAN, -71.042976418999956 42.318095407000044 NAN, -71.04212599799996 42.317796049000037 NAN, -71.042024094999988 42.317759633000037 NAN, -71.04064062499998 42.317284829000073 NAN, -71.040078284999936 42.317095769000048 NAN))"
1830,William Day Boulevard,5738600.000000000000000,3,3,,2018,BL,0.000744106996340,"MULTILINESTRING M ((-71.044789013999946 42.329956047000053 NAN, -71.044402704999982 42.330077467000081 NAN, -71.044222121999951 42.330143573000043 NAN, -71.044146227999988 42.330178018000026 NAN, -71.044099092999943 42.330220596000061 NAN))"
1831,D Street,5286100.000000000000000,3,5,1,2013,BL,0.000660269128067,"MULTILINESTRING M ((-71.040408819999982 42.348052725000059 NAN, -71.040754277999952 42.34762965300007 NAN, -71.040717541999982 42.347521658000062 NAN))"
1832,D Street Extension,45264001.000000000000000,3,2,1,2013,SLM,0.000531228544017,"MULTILINESTRING M ((-71.039385529999947 42.34852488100006 NAN, -71.038974071999974 42.348860896000076 NAN))"
1833,Meridian Street,5707400.000000000000000,5,2,,2013,BLSL,0.000911132019787,"MULTILINESTRING M ((-71.039001249999956 42.371237068000028 NAN, -71.039024823999966 42.372147895000069 NAN))"
1834,Meridian Street,5228600.000000000000000,5,2,,2013,BLSL,0.000688160639232,"MULTILINESTRING M ((-71.03895371599998 42.37014358700003 NAN, -71.038992051999969 42.370830679000051 NAN))"
1835,Chelsea Street,5138600.000000000000000,5,2,,2010,BL,0.001247416101106,"MULTILINESTRING M ((-71.034362597999973 42.373705799000049 NAN, -71.033423754999944 42.374527152000041 NAN))"
1836,Veterans Of Foreign Wars Parkway,6213700.000000000000000,2,3,1,2013,BL,0.001287931832292,"MULTILINESTRING M ((-71.173459271999945 42.272248028000035 NAN, -71.173180256999956 42.271847167000033 NAN, -71.173080612999968 42.271661593000033 NAN, -71.173032981999938 42.271512551000058 NAN, -71.173023447999981 42.271350780000034 NAN, -71.173036920999948 42.271249745000034 NAN, -71.173106469999937 42.271096329000045 NAN))"
1837,Veterans Of Foreign Wars Parkway,6213300.000000000000000,2,3,1,2013,BL,0.000916346887168,"MULTILINESTRING M ((-71.171725164999941 42.278402201000063 NAN, -71.171819577999941 42.278197080000041 NAN, -71.171959434999962 42.277894531000072 NAN, -71.172106317999976 42.277568895000059 NAN))"
1838,Veterans Of Foreign Wars Parkway,5214600.000000000000000,2,3,1,2013,BL,0.001206854615363,"MULTILINESTRING M ((-71.171611951999978 42.278234994000059 NAN, -71.171324278999975 42.279040329000054 NAN, -71.171205020999935 42.279371173000072 NAN))"
1839,Veterans Of Foreign Wars Parkway,6222300.000000000000000,2,3,1,2013,BL,0.002017383788431,"MULTILINESTRING M ((-71.171783266999967 42.282795901000043 NAN, -71.171280771999989 42.282095365000032 NAN, -71.171123122999973 42.28182791100005 NAN, -71.171013580999954 42.281617070000038 NAN, -71.170952371999988 42.281419209000035 NAN, -71.170911983999986 42.281208568000068 NAN, -71.170895655999971 42.28102367300005 NAN))"
1840,Commonwealth Avenue Frontage Road Eb,5109800.000000000000000,0,2,1,2013,SLM,0.000670708359952,"MULTILINESTRING M ((-71.141564536999965 42.345281172000057 NAN, -71.141198986999939 42.345843509000076 NAN))"
1841,Commonwealth Avenue Frontage Road Eb,5109900.000000000000000,0,2,1,2013,SLM,0.000669399264859,"MULTILINESTRING M ((-71.141198986999939 42.345843509000076 NAN, -71.140845314999979 42.346411850000038 NAN))"
1842,Maverick Street,5157300.000000000000000,5,2,,2015,BL,0.000672339905321,"MULTILINESTRING M ((-71.032036177999942 42.367130988000042 NAN, -71.032648590999941 42.367408461000025 NAN))"
1843,Chelsea Street,4416800.000000000000000,5,2,,2010,BL,0.001761865108088,"MULTILINESTRING M ((-71.030528097999934 42.377026840000042 NAN, -71.029190724999978 42.378173837000077 NAN))"
1844,Bennington Street,4392000.000000000000000,5,2,,2008,SLM,0.002312292176799,"MULTILINESTRING M ((-71.01257974899994 42.38473005000003 NAN, -71.010386477999987 42.385462346000054 NAN))"
1845,Saratoga Street,5192300.000000000000000,5,2,,2012,BLSL,0.000590062134759,"MULTILINESTRING M ((-71.005836942999963 42.386341638000033 NAN, -71.005270107999934 42.386177713000052 NAN))"
1846,Saratoga Street,4396200.000000000000000,5,2,,2012,BL,0.002899500637153,"MULTILINESTRING M ((-70.997838105999961 42.383448589000068 NAN, -70.997710194999968 42.383403582000028 NAN, -70.996883161999961 42.38310905700007 NAN, -70.996659630999943 42.383039436000047 NAN, -70.996507463999933 42.382990943000038 NAN, -70.996301580999955 42.382944462000069 NAN, -70.996080785999936 42.38288891500008 NAN, -70.995872886999962 42.38285761800006 NAN, -70.995682837999937 42.382824713000048 NAN, -70.995413073999941 42.382794274000048 NAN, -70.995036041999981 42.382757428000048 NAN))"
1847,Veterans Of Foreign Wars Parkway,6212600.000000000000000,2,3,1,2013,BL,0.000625849429933,"MULTILINESTRING M ((-71.169820128999959 42.28958472100004 NAN, -71.170306882999967 42.289191328000072 NAN))"
1848,Washington Street,4482000.000000000000000,3,2,,2010,SLM,0.001028077990753,"MULTILINESTRING M ((-71.173520778999944 42.353185772000074 NAN, -71.172607386999971 42.352713904000041 NAN))"
1849,Washington Street,4485100.000000000000000,3,2,,2010,SLM,0.000957407080354,"MULTILINESTRING M ((-71.172607386999971 42.352713904000041 NAN, -71.171748380999986 42.352291131000072 NAN))"
1850,Washington Street,4490600.000000000000000,3,2,,2010,SLM,0.001185801234774,"MULTILINESTRING M ((-71.170864862999963 42.351841838000041 NAN, -71.170303264999973 42.351561146000051 NAN, -71.169973634999963 42.351420090000033 NAN, -71.169788548999975 42.351345848000051 NAN))"
1851,Veterans Of Foreign Wars Parkway,5171200.000000000000000,2,3,1,2013,SLM,0.000907426928848,"MULTILINESTRING M ((-71.168871129999957 42.289998489000027 NAN, -71.168107839999948 42.290489215000036 NAN))"
1852,Veterans Of Foreign Wars Parkway,4842600.000000000000000,2,3,1,2013,BL,0.000843473212655,"MULTILINESTRING M ((-71.167317057999981 42.29094391700005 NAN, -71.166557851999983 42.291311413000074 NAN))"
1853,Veterans Of Foreign Wars Parkway,6218400.000000000000000,2,3,1,2013,BL,0.001809348075396,"MULTILINESTRING M ((-71.165086696999936 42.292257061000043 NAN, -71.166712655999959 42.291463337000039 NAN))"
1854,Beacon Street,4589500.000000000000000,3,2,,2009,BL,0.000804496754769,"MULTILINESTRING M ((-71.167566048999959 42.333449198000039 NAN, -71.166766266999957 42.33353616800008 NAN))"
1855,Beacon Street,4589200.000000000000000,3,2,,2009,BL,0.001336528015788,"MULTILINESTRING M ((-71.166766266999957 42.33353616800008 NAN, -71.165437593999968 42.333680858000037 NAN))"
1856,Summer Street,45265501.000000000000000,3,2,1,2023,SBL,0.002223004650359,"MULTILINESTRING M ((-71.047500518999982 42.34890616000007 NAN, -71.045810333999952 42.348137605000034 NAN, -71.045482516999982 42.347974198000031 NAN))"
1857,University Of Massachusetts Access Road,5369400.000000000000000,0,B,,2019,BL,0.000632496487366,"MULTILINESTRING M ((-71.046736190999979 42.313662815000043 NAN, -71.046484868999983 42.31368883600004 NAN, -71.046133606999945 42.313833358000068 NAN))"
1858, ,6068800.000000000000000,0, ,,2019,BL,0.000305796168798,"MULTILINESTRING M ((-71.039594405999935 42.31189144700005 NAN, -71.03933570099997 42.311728404000064 NAN))"
1859, ,6068900.000000000000000,0, ,,2019,BL,0.003269788647962,
1860,Central Square,6256800.000000000000000,0,2,,2017,SLM,0.000250480360401,"MULTILINESTRING M ((-71.039308763999941 42.374266083000066 NAN, -71.039075345999947 42.374175218000062 NAN))"
1861,Northern Avenue,5863800.000000000000000,0,2,,2023,SBL,0.001146495225043,"MULTILINESTRING M ((-71.034003349999978 42.346085609000056 NAN, -71.032961025999953 42.345608103000075 NAN))"
1862,Centre Street,5464700.000000000000000,5,2,,2023,SBL,0.000176438847014,"MULTILINESTRING M ((-71.157296472999974 42.282908899000063 NAN, -71.15722151999995 42.283068626000045 NAN))"
1863,Commonwealth Avenue Frontage Road Wb,5264100.000000000000000,0,2,1,2013,SLM,0.001140436113236,"MULTILINESTRING M ((-71.140366677999964 42.348695153000051 NAN, -71.140462900999978 42.348615553000059 NAN, -71.140570856999943 42.348506729000064 NAN, -71.14066730899998 42.348385492000034 NAN, -71.140749970999934 42.348255772000073 NAN, -71.140810089999945 42.34808772000008 NAN, -71.140870375999953 42.347890968000058 NAN, -71.140911463999942 42.34772676800003 NAN))"
1864,Washington Street,5304300.000000000000000,3,2,1,2010,SLM,0.000249579035911,"MULTILINESTRING M ((-71.150610221999955 42.349022723000076 NAN, -71.150480174999984 42.348998681000069 NAN, -71.150364572999933 42.348978628000054 NAN))"
1865,Faneuil Street,5648800.000000000000000,6,2,,2017,BL,0.000858124406370,"MULTILINESTRING M ((-71.157467854999936 42.354345680000051 NAN, -71.157085723999955 42.354515377000041 NAN, -71.156897527999945 42.354631854000047 NAN, -71.15670935299994 42.354743266000071 NAN))"
1866,Chestnut Hill Avenue,5125600.000000000000000,5,2,,2013,SLM,0.000218047416200,"MULTILINESTRING M ((-71.153228974999934 42.33802412700004 NAN, -71.153365912999959 42.338193811000053 NAN))"
1867,Commonwealth Avenue,5137100.000000000000000,3,2,1,2013,SLM,0.001636662309195,"MULTILINESTRING M ((-71.154799791999949 42.338338261000047 NAN, -71.154748274999974 42.338309381000045 NAN, -71.154439323999952 42.338185789000079 NAN, -71.15420585399994 42.338092805000031 NAN, -71.153962197999988 42.338025677000076 NAN, -71.153762713999981 42.337994129000037 NAN, -71.153563337999969 42.337978335000059 NAN, -71.153403026999968 42.337994732000027 NAN, -71.15333757999997 42.338001287000054 NAN, -71.153262825999946 42.338010065000049 NAN, -71.153228974999934 42.33802412700004 NAN))"
1868,Market Street,6260900.000000000000000,5,2,,2013,SLM,0.000706381056174,"MULTILINESTRING M ((-71.153421158999947 42.349466722000045 NAN, -71.153578942999957 42.349305636000054 NAN, -71.153643037999984 42.349244740000074 NAN, -71.153725626999972 42.349203600000067 NAN, -71.154020285999934 42.349146112000028 NAN))"
1869,Centre Street,4871400.000000000000000,5,2,,2010,BL,0.000349289285135,"MULTILINESTRING M ((-71.14512500099994 42.288122380000061 NAN, -71.144784858999969 42.288201793000042 NAN))"
1870,Commonwealth Avenue Frontage Road Wb,4533500.000000000000000,0,2,1,2013,BL,0.000809338507126,"MULTILINESTRING M ((-71.143109806999973 42.343886590000068 NAN, -71.14322902899994 42.34372772100005 NAN, -71.143428126999936 42.343459375000066 NAN, -71.143587169999932 42.343233109000039 NAN))"
1871,Cambridge Street,6241900.000000000000000,3,2,1,2010,BL,0.000538932866402,"MULTILINESTRING M ((-71.149016880999966 42.34946171100006 NAN, -71.149282743999947 42.349377086000061 NAN, -71.149527439999986 42.349289418000069 NAN))"
1872,Market Street,5623900.000000000000000,5,2,,2013,BL,0.001295385394826,"MULTILINESTRING M ((-71.148310308999953 42.357437728000036 NAN, -71.147639238999943 42.358545739000078 NAN))"
1873,Western Avenue,4437800.000000000000000,5,2,,2024,SBL,0.000620858074720,"MULTILINESTRING M ((-71.143483566999976 42.361924447000035 NAN, -71.142873479999935 42.362039593000077 NAN))"
1874,Belgrade Avenue,4896800.000000000000000,3,2,,2009,BL,0.001130225013266,"MULTILINESTRING M ((-71.139330358999985 42.286174877000064 NAN, -71.138650268999982 42.286201433000031 NAN, -71.138201660999982 42.286231534000081 NAN))"
1875,Commonwealth Avenue Frontage Road Eb,5109700.000000000000000,0,2,1,2013,SLM,0.000645178668829,"MULTILINESTRING M ((-71.141929861999984 42.344749389000071 NAN, -71.141564536999965 42.345281172000057 NAN))"
1876,Cambridge Street,5576200.000000000000000,3,2,,2015,BL,0.000189873688877,"MULTILINESTRING M ((-71.137470099999973 42.35354988000006 NAN, -71.137294685999962 42.353622557000051 NAN))"
1877,Cambridge Street,4473600.000000000000000,3,2,,2015,SLM,0.001097806829985,"MULTILINESTRING M ((-71.137294685999962 42.353622557000051 NAN, -71.137075307999964 42.35372079900003 NAN, -71.136679560999937 42.353874847000043 NAN, -71.136283699999979 42.354049714000041 NAN))"
1878,Western Avenue,4437300.000000000000000,5,2,,2024,SBL,0.000993131784210,"MULTILINESTRING M ((-71.14062854499997 42.362455173000058 NAN, -71.140052658999934 42.362558031000049 NAN, -71.139649390999978 42.362620855000046 NAN))"
1879,Western Avenue,4436500.000000000000000,5,2,,2024,SBL,0.002054555073245,"MULTILINESTRING M ((-71.137369998999986 42.362924349000025 NAN, -71.136410910999984 42.363033855000026 NAN, -71.135332079999955 42.36318404900004 NAN))"
1880,Brighton Avenue,6243300.000000000000000,3,2,1,2013,SLM,0.001836985500469,"MULTILINESTRING M ((-71.128344271999936 42.352612567000051 NAN, -71.130167593999943 42.352836202000049 NAN))"
1881,Cambridge Street,6265400.000000000000000,3,2,1,2022,BL,0.001874212372799,"MULTILINESTRING M ((-71.124707636999972 42.358573603000025 NAN, -71.124949115999982 42.358488889000057 NAN, -71.125147825999989 42.358419178000076 NAN, -71.125843153999938 42.358194117000039 NAN, -71.126487349999934 42.357986332000053 NAN))"
1882,North Harvard Street,5753200.000000000000000,5,2,,2012,BL,0.000605629200346,"MULTILINESTRING M ((-71.129287916999942 42.360713700000076 NAN, -71.129412438999964 42.360794564000059 NAN, -71.129768686999967 42.361081056000046 NAN))"
1883,Belgrade Avenue,4895200.000000000000000,3,2,,2009,BL,0.002197030131636,"MULTILINESTRING M ((-71.137424561999978 42.286259470000061 NAN, -71.136721025999975 42.286276939000061 NAN, -71.135228137999945 42.28631103400005 NAN))"
1884,Walter Street,4861300.000000000000000,6,2,,2016,BLSL,0.000789957313268,"MULTILINESTRING M ((-71.133993976999989 42.289077220000081 NAN, -71.133638815999973 42.289457028000072 NAN, -71.133467662999976 42.289665803000048 NAN))"
1885,Centre Street,5297400.000000000000000,5,2,1,2010,BL,0.000808272989299,"MULTILINESTRING M ((-71.133563014999936 42.296303563000038 NAN, -71.133209418999968 42.29656858900006 NAN, -71.132937604999938 42.296749466000051 NAN, -71.132902247999937 42.296767924000051 NAN))"
1886,Centre Street,5213100.000000000000000,2,3,1,2011,BL,0.001425508290480,"MULTILINESTRING M ((-71.131852504999983 42.297225405000063 NAN, -71.131330163999962 42.297442055000033 NAN, -71.130960709999954 42.297596731000056 NAN, -71.130537683999933 42.297776129000056 NAN))"
1887,Harvard Avenue,4495300.000000000000000,3,2,,2010,BL,0.000755017102405,"MULTILINESTRING M ((-71.131071775999942 42.350507922000077 NAN, -71.131447248999962 42.351162957000042 NAN))"
1888,Harvard Avenue,4503300.000000000000000,3,2,,2010,BL,0.001245911710030,"MULTILINESTRING M ((-71.130033189999949 42.349226736000048 NAN, -71.130072654999935 42.349255563000042 NAN, -71.130371593999939 42.349536176000072 NAN, -71.130670234999968 42.349869115000047 NAN, -71.130868699999951 42.350144905000036 NAN))"
1889,Cambridge Street,5649200.000000000000000,3,2,,2015,BL,0.000413634534814,"MULTILINESTRING M ((-71.134395827999981 42.354844983000078 NAN, -71.13401384499997 42.355003673000056 NAN))"
1890,Cambridge Street,4463300.000000000000000,3,2,,2022,SBLBL,0.000602322221399,"MULTILINESTRING M ((-71.132766395999965 42.35554595800005 NAN, -71.132404272999963 42.355720358000042 NAN, -71.132217041999979 42.35579178100005 NAN))"
1891,Harvard Avenue,5262700.000000000000000,3,2,,2010,BL,0.000577442271545,"MULTILINESTRING M ((-71.131927483999959 42.352392268000074 NAN, -71.132056003999935 42.352859701000057 NAN, -71.132081847999984 42.352948687000037 NAN))"
1892,Franklin Street,4449800.000000000000000,0,2,,2010,SLM,0.000447639933025,"MULTILINESTRING M ((-71.133113440999978 42.358952400000078 NAN, -71.133157362999953 42.359228818000076 NAN, -71.133161891999976 42.359396511000057 NAN))"
1893,Everett Street,4440000.000000000000000,6,2,,2017,BLSL,0.001147958370975,"MULTILINESTRING M ((-71.136274020999963 42.360912124000038 NAN, -71.136050946999944 42.361442585000077 NAN, -71.135822209999958 42.361967406000076 NAN))"
1894,Western Avenue,5126700.000000000000000,5,2,,2015,BLSL,0.000979406996144,"MULTILINESTRING M ((-71.134558310999978 42.363292923000074 NAN, -71.134285126999941 42.363332651000064 NAN, -71.134019572999989 42.363365003000069 NAN, -71.133810774999972 42.363389658000074 NAN, -71.133585686999936 42.363404599000035 NAN))"
1895,Franklin Street,5584800.000000000000000,0,2,,2010,SLM,0.001204051024675,"MULTILINESTRING M ((-71.131374198999936 42.361324158000059 NAN, -71.130737517999933 42.361865101000035 NAN, -71.130578330999981 42.361995107000041 NAN, -71.130417894999937 42.361965921000035 NAN))"
1896,Cummins Highway,4907500.000000000000000,3,2,,2012,BL,0.000653749283068,"MULTILINESTRING M ((-71.126656666999963 42.285523304000037 NAN, -71.12609828099994 42.285183314000051 NAN))"
1897,American Legion Highway,6222800.000000000000000,5,2,1,2009,BFBL,0.004953196494343,
1898,Washington Street,4850100.000000000000000,3,2,,2009,BL-PEAKBUS,0.000746604087162,"MULTILINESTRING M ((-71.124136668999938 42.290206216000058 NAN, -71.123595910999938 42.290720996000061 NAN))"
1899,Washington Street,4820300.000000000000000,3,2,,2009,BL-PEAKBUS,0.000607116504765,"MULTILINESTRING M ((-71.120843056999945 42.293303122000054 NAN, -71.120391569999981 42.293709016000037 NAN))"
1900,Winship Street,5265800.000000000000000,5,2,,2024,SBLSL,0.000260524964689,"MULTILINESTRING M ((-71.151885380999943 42.34699786300007 NAN, -71.151779793999935 42.347162655000034 NAN, -71.151746440999943 42.347218222000038 NAN))"
1901,Winship Street,5265900.000000000000000,5,2,,2024,SBLSL,0.000226197716443,"MULTILINESTRING M ((-71.151746440999943 42.347218222000038 NAN, -71.151630049999937 42.347412177000081 NAN))"
1902,Soldiers Field Road,5152300.000000000000000,3,3,1,2022,SUP,0.000309705159981,"MULTILINESTRING M ((-71.150097631999984 42.36024715800005 NAN, -71.14978961199995 42.360279422000076 NAN))"
1903, ,6019100.000000000000000,0, ,,2024,SBL,0.000995024305496,"MULTILINESTRING M ((-71.141984183999966 42.355585151000071 NAN, -71.141703964999977 42.356092583000077 NAN, -71.141467860999967 42.356434313000079 NAN))"
1904,North Beacon Street,5649000.000000000000000,3,2,,2024,SBL,0.000726021540542,"MULTILINESTRING M ((-71.140681816999972 42.354012338000075 NAN, -71.14052058599998 42.353982574000042 NAN, -71.14014287599997 42.353935252000042 NAN, -71.139962658999934 42.353914539000073 NAN))"
1905,North Beacon Street,4465900.000000000000000,3,2,,2024,SBL,0.001013106431935,"MULTILINESTRING M ((-71.145162026999969 42.35516173700006 NAN, -71.144183319999968 42.354899979000038 NAN))"
1906,Birmingham Parkway,5709500.000000000000000,3,3,1,2024,SBLSL,0.000577730121804,"MULTILINESTRING M ((-71.146487351999951 42.360401206000063 NAN, -71.146177294999973 42.360888686000067 NAN))"
1907,Guest Street,5224500.000000000000000,0,2,,2022,BL,0.001735212654032,"MULTILINESTRING M ((-71.147430567999947 42.357313657000077 NAN, -71.14571273699994 42.357068668000068 NAN))"
1908,North Beacon Street,6228400.000000000000000,3,2,1,2024,SBL,0.000793206900406,"MULTILINESTRING M ((-71.137294685999962 42.353622557000051 NAN, -71.138085418999935 42.353685155000051 NAN))"
1909,Hyde Park Avenue,5100200.000000000000000,3,3,,2020,SLM,0.000584042745939,"MULTILINESTRING M ((-71.13190179299994 42.237244480000072 NAN, -71.132005743999969 42.237337659000048 NAN, -71.132090413999947 42.237426835000065 NAN, -71.132293991999973 42.237675635000073 NAN))"
1910,Perkins Street,5150300.000000000000000,5,3,1,2008,BL,0.000427911911300,"MULTILINESTRING M ((-71.124357380999982 42.319083995000028 NAN, -71.124061504999986 42.319209633000071 NAN, -71.123959533999937 42.319240242000035 NAN))"
1911,Perkins Street,4647000.000000000000000,5,3,1,2008,BL,0.000597089695067,"MULTILINESTRING M ((-71.120214947999955 42.321485424000059 NAN, -71.119813852999982 42.321484098000042 NAN, -71.119618918999947 42.321463756000071 NAN))"
1912,Commonwealth Avenue,6275900.000000000000000,3,2,1,2019,SBL,0.000395184085672,"MULTILINESTRING M ((-71.122807102999957 42.352070472000037 NAN, -71.12319933699996 42.352118669000049 NAN))"
1913,Commonwealth Avenue,5119000.000000000000000,3,2,1,2019,SBL,0.001032013304623,"MULTILINESTRING M ((-71.121312089999947 42.351683710000032 NAN, -71.120286799999974 42.35156610100006 NAN))"
1914,Cambridge Street,6265200.000000000000000,3,2,1,2018,SBL,0.000125128702836,"MULTILINESTRING M ((-71.11779833099996 42.360969811000075 NAN, -71.117920086999959 42.360940955000046 NAN))"
1915,Cambridge Street,5750900.000000000000000,3,1,1,2018,SBL,0.000354628310529,"MULTILINESTRING M ((-71.117780437999954 42.360891281000079 NAN, -71.117597512999964 42.360940136000067 NAN, -71.117441031999988 42.360993381000071 NAN))"
1916,American Legion Highway,5172300.000000000000000,5,2,1,2020,SBL,0.000797083608052,"MULTILINESTRING M ((-71.116632337999988 42.279009235000046 NAN, -71.116626401999952 42.27917689700007 NAN, -71.116595998999969 42.279347856000072 NAN, -71.116526604999933 42.279515306000064 NAN, -71.116428442999961 42.279771564000043 NAN))"
1917,American Legion Highway,6232500.000000000000000,5,2,1,2020,SBL,0.002172731708038,"MULTILINESTRING M ((-71.114985085999933 42.282431631000065 NAN, -71.115300894999962 42.282118142000058 NAN, -71.115443520999975 42.281965569000079 NAN, -71.115600163999943 42.28178209400005 NAN, -71.115871348999974 42.281422318000068 NAN, -71.116088977999937 42.281021849000069 NAN, -71.11623842299997 42.280681920000063 NAN))"
1918,Walnut Avenue,5604900.000000000000000,6,2,,2011,SLM,0.000679432250113,"MULTILINESTRING M ((-71.092293308999956 42.316924301000029 NAN, -71.091967887999942 42.31695015300005 NAN, -71.091779904999953 42.316971994000028 NAN, -71.091697748999934 42.316990855000029 NAN, -71.091619711999954 42.317005747000053 NAN))"
1919,Washington Street,5716100.000000000000000,3,2,,2016,SLM,0.000840318050768,"MULTILINESTRING M ((-71.093146315999945 42.320808700000043 NAN, -71.092647971999952 42.321190714000068 NAN, -71.09247656399998 42.321316145000026 NAN))"
1920,Washington Street,5117100.000000000000000,3,2,,2009,BL-PEAKBUS,0.000621934817355,"MULTILINESTRING M ((-71.117662081999981 42.296308331000034 NAN, -71.11721037999996 42.296735845000057 NAN))"
1921,Arborway,5575200.000000000000000,0,3,1,2018,SBL,0.002387539868817,"MULTILINESTRING M ((-71.116781598999978 42.302337651000073 NAN, -71.116611955999986 42.302312891000042 NAN, -71.116281598999933 42.302260023000031 NAN, -71.115983192999977 42.302187564000064 NAN, -71.115748770999971 42.302127134000045 NAN, -71.115551963999962 42.302051078000034 NAN, -71.115377927999987 42.301970593000078 NAN, -71.11511212399995 42.301834658000075 NAN, -71.114824941999984 42.301694714000064 NAN, -71.114654565999956 42.30163449500003 NAN, -71.114527278999958 42.301603858000078 NAN))"
1922,South Street,4752100.000000000000000,5,2,,2010,SLM,0.000396146591677,"MULTILINESTRING M ((-71.114921285999969 42.305950636000034 NAN, -71.115050846999964 42.306210466000039 NAN, -71.115095745999952 42.306306273000075 NAN))"
1923,South Street,4753000.000000000000000,5,2,,2010,SLM,0.000314372420173,"MULTILINESTRING M ((-71.114771735999966 42.30567497800007 NAN, -71.114811541999984 42.30576626900006 NAN, -71.114866261999964 42.30586773400006 NAN, -71.114921285999969 42.305950636000034 NAN))"
1924,South Street,4759500.000000000000000,5,2,,2010,SLM,0.000334420767125,"MULTILINESTRING M ((-71.114709801999936 42.304234856000051 NAN, -71.114697542999977 42.304569052000033 NAN))"
1925,South Street,4758300.000000000000000,5,2,,2010,SLM,0.000294310001602,"MULTILINESTRING M ((-71.114697542999977 42.304569052000033 NAN, -71.114670554999975 42.304862122000031 NAN))"
1926,Centre Street,5199400.000000000000000,5,2,1,2011,SLM,0.000350919777004,"MULTILINESTRING M ((-71.116722621999941 42.309106009000061 NAN, -71.116379526999935 42.309179701000062 NAN))"
1927,Centre Street,4712300.000000000000000,5,2,,2010,SLM,0.000724063937790,"MULTILINESTRING M ((-71.114181305999978 42.31231606700004 NAN, -71.114149674999965 42.312530346000074 NAN, -71.114117448999934 42.312841965000075 NAN, -71.114101295999944 42.31303547400006 NAN))"
1928,Centre Street,4669200.000000000000000,5,2,,2010,SLM,0.000664480477916,"MULTILINESTRING M ((-71.112764369999979 42.317925777000028 NAN, -71.112387608999938 42.318473121000068 NAN))"
1929,South Huntington Avenue,5682200.000000000000000,5,2,,2023,SBL,0.002186523963002,"MULTILINESTRING M ((-71.112259524999956 42.324560938000047 NAN, -71.112233174999972 42.324746534000042 NAN, -71.112186297999983 42.324972015000071 NAN, -71.11210916899995 42.325215958000058 NAN, -71.112011520999943 42.325497532000043 NAN, -71.111940177999941 42.325642532000074 NAN, -71.111899026999936 42.325726167000028 NAN, -71.111674856999969 42.326082153000073 NAN, -71.111445492999962 42.326449936000074 NAN, -71.111395973999947 42.326543604000051 NAN))"
1930,Huntington Avenue,6276201.000000000000000,3,2,1,2010,SLM,0.000441881479529,"MULTILINESTRING M ((-71.112239258999978 42.331995904000053 NAN, -71.112321546999965 42.331993081000064 NAN, -71.112494261999984 42.331981835000079 NAN, -71.11268026099998 42.331968670000037 NAN))"
1931,American Legion Highway,6222700.000000000000000,5,2,1,2020,SBL,0.003738278667172,"MULTILINESTRING M ((-71.106755731999954 42.287749860000076 NAN, -71.107589772999972 42.287251917000049 NAN, -71.108049252999933 42.286967639000068 NAN, -71.108913332999975 42.286449535000031 NAN, -71.109521938999933 42.286098237000033 NAN, -71.109802896999952 42.285912943000028 NAN, -71.109961049999981 42.28582738700004 NAN))"
1932,Walk Hill Street,4874400.000000000000000,5,2,,2015,BL,0.001478770667895,"MULTILINESTRING M ((-71.107948061999934 42.288624412000047 NAN, -71.107367795999949 42.288188598000033 NAN, -71.106755731999954 42.287749860000076 NAN))"
1933,Morton Street,5106500.000000000000000,2,1,1,2013,BFBL,0.000830586798821,"MULTILINESTRING M ((-71.106541235999941 42.300226730000077 NAN, -71.10636816899995 42.300205877000053 NAN, -71.106097493999982 42.300188633000062 NAN, -71.10571276099995 42.30017315300006 NAN))"
1934,Rossmore Street,4755300.000000000000000,0,2,,2017,SLMTC,0.000982456516360,"MULTILINESTRING M ((-71.107558467999979 42.305083943000056 NAN, -71.107914767999944 42.305263534000062 NAN, -71.108180539999978 42.30540342300003 NAN, -71.10843869699994 42.305519652000044 NAN))"
1935,South Huntington Avenue,4616500.000000000000000,5,2,,2023,SBL,0.000839639453144,"MULTILINESTRING M ((-71.110747539999977 42.328260539000041 NAN, -71.110714841999936 42.328491130000032 NAN, -71.110713849999968 42.328652616000056 NAN, -71.110738347999984 42.328769176000037 NAN, -71.11078261199998 42.328938131000029 NAN, -71.110832349999953 42.32908122200007 NAN))"
1936,Granby Street,5428400.000000000000000,0,2,,2023,SBLBL,0.000514942202712,"MULTILINESTRING M ((-71.10351720999995 42.350245629000028 NAN, -71.10362422299994 42.349741929000061 NAN))"
1937,Beacon Street,6235100.000000000000000,3,2,1,2020,SBL,0.000824989232405,"MULTILINESTRING M ((-71.102557660999935 42.34738681400006 NAN, -71.103352124999958 42.347164476000046 NAN))"
1938,Commonwealth Avenue,5127100.000000000000000,3,2,1,2008,BL,0.002288395263982,"MULTILINESTRING M ((-71.102864293999971 42.349470933000077 NAN, -71.100592844999937 42.349192954000046 NAN))"
1939,Bay State Road,5653700.000000000000000,6,2,,2019,CFBL,0.000582560034819,"MULTILINESTRING M ((-71.099778517999937 42.350279336000028 NAN, -71.100359008999988 42.350328391000062 NAN))"
1940,River Street,6281700.000000000000000,5,2,1,2013,SLM,0.000385318422573,"MULTILINESTRING M ((-71.094447484999932 42.267350112000031 NAN, -71.09432732199997 42.267387130000031 NAN, -71.094244834999984 42.26739492400003 NAN, -71.094172842999967 42.26739232400007 NAN, -71.094070648999946 42.267369603000077 NAN))"
1941,Blue Hill Avenue,5298200.000000000000000,2,2,1,2010,BL,0.001229878048817,"MULTILINESTRING M ((-71.093607607999957 42.269979362000072 NAN, -71.09360677799998 42.270108777000075 NAN, -71.093586647999985 42.270471077000025 NAN, -71.093570142999965 42.271183386000075 NAN, -71.093569292999973 42.271208473000058 NAN))"
1942,Norfolk Street,4988100.000000000000000,5,2,,2017,BLSL,0.000864889213454,"MULTILINESTRING M ((-71.093402030999982 42.276128842000048 NAN, -71.093216124999969 42.276200770000059 NAN, -71.09281221699996 42.276415978000045 NAN, -71.092627301999983 42.276510976000054 NAN))"
1943,Huntington Avenue,5679300.000000000000000,3,2,,2013,SLM,0.000474797023952,"MULTILINESTRING M ((-71.111211640999954 42.332517124000049 NAN, -71.110981433999939 42.332662546000051 NAN, -71.110806676999971 42.332764861000044 NAN))"
1944,Huntington Avenue,5197500.000000000000000,3,2,,2013,SLM,0.000334138430580,"MULTILINESTRING M ((-71.109362702999988 42.333231653000041 NAN, -71.109029389999932 42.333255125000051 NAN))"
1945,Huntington Avenue,5197300.000000000000000,3,2,,2013,SLM,0.001147022399916,"MULTILINESTRING M ((-71.109029389999932 42.333255125000051 NAN, -71.108996821999938 42.333257417000027 NAN, -71.108756706999941 42.333271230000037 NAN, -71.108616585999982 42.33327356500007 NAN, -71.107882915999937 42.333264879000069 NAN))"
1946,Huntington Avenue,5745400.000000000000000,3,2,,2013,SLM,0.000954900734397,"MULTILINESTRING M ((-71.107055349999939 42.333272987000043 NAN, -71.106790395999951 42.333279151000056 NAN, -71.106634213999939 42.333302814000035 NAN, -71.106469727999979 42.333350077000034 NAN, -71.106333442999983 42.333405879000054 NAN, -71.106140065999966 42.333496370000034 NAN))"
1947,Longwood Avenue,4561200.000000000000000,5,2,,2015,BLSL,0.001039337487892,"MULTILINESTRING M ((-71.106074351999951 42.338235627000074 NAN, -71.105594432999965 42.337965018000034 NAN, -71.105391022999981 42.337868664000041 NAN, -71.105144734999953 42.337775541000042 NAN))"
1948,Brookline Avenue,6298200.000000000000000,2,2,,2013,SBL,0.000949517196730,"MULTILINESTRING M ((-71.105731433999949 42.340375079000069 NAN, -71.105041014999983 42.34102692600004 NAN))"
1949,Commonwealth Avenue,5176800.000000000000000,3,2,1,2018,SBL,0.000708898657762,"MULTILINESTRING M ((-71.110096916999964 42.350344917000029 NAN, -71.109393392999948 42.350257789000068 NAN))"
1950,Mountfort Street,5499000.000000000000000,2,2,,2015,BL,0.000829464542516,"MULTILINESTRING M ((-71.106811577999963 42.348590926000043 NAN, -71.106001507999963 42.348412606000068 NAN))"
1951,Park Drive,5862800.000000000000000,2,2,,2015,BL,0.000436534768107,"MULTILINESTRING M ((-71.105533002999948 42.347543706000067 NAN, -71.105348768999988 42.347147953000047 NAN))"
1952,Commonwealth Avenue,5176500.000000000000000,3,2,1,2008,BL,0.001556020622434,"MULTILINESTRING M ((-71.106570339999962 42.349920292000036 NAN, -71.105025085999955 42.34973756200003 NAN))"
1953,Centre Street,5147600.000000000000000,5,2,,2010,BLSL,0.000412963096207,"MULTILINESTRING M ((-71.104016254999976 42.322827901000039 NAN, -71.103606350999939 42.322878073000027 NAN))"
1954,Centre Street,5147400.000000000000000,5,2,,2010,SLM,0.000224306522142,"MULTILINESTRING M ((-71.100585984999952 42.32282222300006 NAN, -71.10036176999995 42.322815816000059 NAN))"
1955,Tremont Street,4592100.000000000000000,5,2,,2015,SLM,0.000753112006638,"MULTILINESTRING M ((-71.101321645999974 42.332968848000064 NAN, -71.100615938999965 42.332705874000055 NAN))"
1956,Huntington Avenue,5613700.000000000000000,3,2,1,2013,SLM,0.001526652806108,"MULTILINESTRING M ((-71.101522385999942 42.335306410000044 NAN, -71.101053951999972 42.335456530000044 NAN, -71.100588076999941 42.335620453000047 NAN, -71.100092649999965 42.335837484000081 NAN))"
1957,Saint Alphonsus Street,4578500.000000000000000,5,2,,2015,BL,0.000361889810500,"MULTILINESTRING M ((-71.100050359999955 42.33496430200006 NAN, -71.09991357399997 42.335172724000074 NAN, -71.099849239999969 42.335265124000045 NAN))"
1958,Saint Alphonsus Street,5350800.000000000000000,5,2,,2015,BL,0.000453491154567,"MULTILINESTRING M ((-71.099849239999969 42.335265124000045 NAN, -71.099635190999948 42.335510719000069 NAN, -71.099546949999933 42.33560304000008 NAN))"
1959,Brookline Avenue,6298400.000000000000000,2,2,,2013,SBL,0.001529219792601,"MULTILINESTRING M ((-71.104554854999947 42.341509721000079 NAN, -71.103991669999971 42.342058087000055 NAN, -71.10345504999998 42.342572220000079 NAN))"
1960,Walnut Avenue,5206100.000000000000000,6,2,,2011,SLM,0.000419387267276,"MULTILINESTRING M ((-71.09333331199997 42.316160482000043 NAN, -71.09322700499996 42.316451575000031 NAN, -71.093183715999942 42.31655214400007 NAN))"
1961,Walnut Avenue,5189100.000000000000000,6,2,,2011,SLM,0.000694408506470,"MULTILINESTRING M ((-71.088396477999936 42.320042318000048 NAN, -71.088033627999948 42.320136112000057 NAN, -71.087725469999953 42.320220984000059 NAN))"
1962,Walnut Avenue,5189300.000000000000000,6,2,,2011,SLM,0.000500737620051,"MULTILINESTRING M ((-71.087426213999947 42.320303403000025 NAN, -71.087390271999936 42.320313299000077 NAN, -71.086944532999951 42.320440225000027 NAN))"
1963,Martin Luther King Boulevard,5221000.000000000000000,5,2,1,2010,BL,0.002536084814766,"MULTILINESTRING M ((-71.086017777999984 42.319172301000037 NAN, -71.086774893999973 42.319396726000036 NAN, -71.08735513299996 42.319596877000038 NAN, -71.087680076999959 42.319734775000029 NAN, -71.088396477999936 42.320042318000048 NAN))"
1964,Martin Luther King Boulevard,5303900.000000000000000,5,2,1,2010,BL,0.004095900130670,"MULTILINESTRING M ((-71.082072332999985 42.31807316700008 NAN, -71.082637707999936 42.318223206000027 NAN, -71.083775659999958 42.318526121000048 NAN, -71.084721807999983 42.31879794300005 NAN, -71.086017777999984 42.319172301000037 NAN))"
1965,Massachusetts Avenue,6245600.000000000000000,3,2,1,2011,BL,0.000781235391006,"MULTILINESTRING M ((-71.078689837999946 42.337820006000072 NAN, -71.078191431999983 42.337431667000033 NAN, -71.078072966999969 42.337340637000068 NAN))"
1966,Massachusetts Avenue,5273500.000000000000000,3,2,1,2011,BL,0.000762931967209,"MULTILINESTRING M ((-71.078003192999972 42.337396649000027 NAN, -71.078289453999957 42.337631212000076 NAN, -71.078591785999947 42.337882054000033 NAN))"
1967,Albany Street,4558600.000000000000000,5,2,,2012,BL,0.000714742383520,"MULTILINESTRING M ((-71.06710223999994 42.338084233000075 NAN, -71.066511883999965 42.338487143000066 NAN))"
1968,Ruggles Street,6305600.000000000000000,5,2,,2010,SLM,0.000075916421449,"MULTILINESTRING M ((-71.093062878999945 42.336741694000068 NAN, -71.092991712999947 42.336715261000052 NAN))"
1969,Huntington Avenue,5594800.000000000000000,3,2,1,2012,SLM,0.000346085920791,"MULTILINESTRING M ((-71.092478744999937 42.338849952000032 NAN, -71.092155981999952 42.338974850000056 NAN))"
1970,Beacon Street,5625201.000000000000000,3,1,,2019,BFBL,0.000188022289001,"MULTILINESTRING M ((-71.092317647999948 42.350129256000059 NAN, -71.092365579999978 42.350118390000034 NAN, -71.092471365999984 42.350094007000052 NAN, -71.092500154999982 42.35008451200008 NAN))"
1971,Beacon Street,5625200.000000000000000,3,3,,2019,BFBL,0.000159196313233,"MULTILINESTRING M ((-71.092161746999977 42.350159751000035 NAN, -71.092226023999956 42.350143783000078 NAN, -71.092272708999985 42.350139444000035 NAN, -71.092317647999948 42.350129256000059 NAN))"
1972,Blue Hill Avenue,4927400.000000000000000,2,2,1,2023,BFBL,0.001018186652235,"MULTILINESTRING M ((-71.091696620999983 42.28327683200007 NAN, -71.091515178999941 42.283828186000051 NAN, -71.091382149999959 42.284245228000032 NAN))"
1973,Blue Hill Avenue,6213000.000000000000000,3,2,1,2023,BL,0.000802511284671,"MULTILINESTRING M ((-71.09127039599997 42.285034284000062 NAN, -71.091547868999953 42.284281268000029 NAN))"
1974,Blue Hill Avenue,6212900.000000000000000,3,2,1,2010,BL,0.000562227318570,"MULTILINESTRING M ((-71.091106840999942 42.285572196000032 NAN, -71.09127039599997 42.285034284000062 NAN))"
1975,Blue Hill Avenue,6219200.000000000000000,3,2,1,2010,BL,0.000463643590307,"MULTILINESTRING M ((-71.089976251999985 42.288988756000037 NAN, -71.090122013999974 42.288548621000075 NAN))"
1976, ,6317500.000000000000000,0, ,,,SUP,0.000128194640717,"MULTILINESTRING M ((-71.119581663999952 42.307297754000047 NAN, -71.119457891999957 42.307331136000073 NAN))"
1977,Babcock Street,5351300.000000000000000,0,2,,2014,SLM,0.000673797438211,"MULTILINESTRING M ((-71.121261035999964 42.351880476000076 NAN, -71.121112776999951 42.352537760000075 NAN))"
1978,American Legion Highway,6264600.000000000000000,5,2,,2020,SBL,0.000925927868454,"MULTILINESTRING M ((-71.116378032999933 42.278867715000047 NAN, -71.116421483999943 42.279004120000025 NAN, -71.11646637399997 42.279138666000051 NAN, -71.116488422999964 42.279219204000071 NAN, -71.116493811999987 42.279299124000033 NAN, -71.116487376999942 42.279391943000064 NAN, -71.116475374999936 42.279497125000034 NAN, -71.116428442999961 42.279771564000043 NAN))"
1979,Canterbury Street,5729000.000000000000000,0,2,,2021,SLMTC,0.000805777933626,"MULTILINESTRING M ((-71.116378032999933 42.278867715000047 NAN, -71.116058296999938 42.27917612400006 NAN, -71.115783903999954 42.279411538000033 NAN))"
1980,Canterbury Street,5289700.000000000000000,0,2,,2021,SLMTC,0.000174681451182,"MULTILINESTRING M ((-71.115783903999954 42.279411538000033 NAN, -71.11566492299994 42.279539433000025 NAN))"
1981,Ukraine Way,6285600.000000000000000,0,0,1,2018,BL,0.001023846978934,"MULTILINESTRING M ((-71.115835181999955 42.298298612000053 NAN, -71.115616982999939 42.298145685000065 NAN, -71.115605072999983 42.298141705000035 NAN, -71.115552667999964 42.298127464000061 NAN, -71.115530534999948 42.29812176300004 NAN, -71.115499897999939 42.298112095000079 NAN, -71.115477386999942 42.29810526600005 NAN, -71.11531230099996 42.298049570000046 NAN, -71.115115271999969 42.297981390000075 NAN, -71.114887166999949 42.29795796500008 NAN))"
1982,Washington Street,4773000.000000000000000,3,2,,2018,SBL,0.000220433452624,"MULTILINESTRING M ((-71.112273824999988 42.301630067000076 NAN, -71.112118345999988 42.301786327000059 NAN))"
1983,Boylston Street,4666400.000000000000000,6,2,,2023,CFBL,0.001206127258303,"MULTILINESTRING M ((-71.109368908999954 42.318373436000059 NAN, -71.109887172999947 42.318581703000063 NAN, -71.110478652999973 42.318845358000033 NAN))"
1984,Eliot Street,4716600.000000000000000,0,2,,2023,CFBL,0.000303102677590,"MULTILINESTRING M ((-71.117767030999971 42.311937544000045 NAN, -71.117549590999943 42.31172637800006 NAN))"
1985,Eliot Street,5852800.000000000000000,0,2,,2023,CFBL,0.001281181655454,"MULTILINESTRING M ((-71.116395534999981 42.310571838000044 NAN, -71.11611791699994 42.310284508000052 NAN, -71.115756126999941 42.309940060000031 NAN, -71.115644721999956 42.309840652000048 NAN, -71.115472829999987 42.309683653000036 NAN))"
1986,Green Street,4711300.000000000000000,6,2,,2023,BFBL,0.000676868256344,"MULTILINESTRING M ((-71.111595501999943 42.31244634400008 NAN, -71.111888132999979 42.312570558000061 NAN, -71.112223386999972 42.312698859000079 NAN))"
1987,Washington Street,5141100.000000000000000,3,2,,2016,SLM,0.001177338664402,"MULTILINESTRING M ((-71.110077580999985 42.303825912000036 NAN, -71.109712161999937 42.304203359000041 NAN, -71.109370141999989 42.304565695000065 NAN, -71.109271981999939 42.304683996000051 NAN))"
1988,Green Street,5212500.000000000000000,6,2,,2023,BFBL,0.000745806982493,"MULTILINESTRING M ((-71.110909068999945 42.312154733000057 NAN, -71.111276222999948 42.31231021800005 NAN, -71.111595501999943 42.31244634400008 NAN))"
1989,Gordon Street,4727200.000000000000000,6,2,,2023,BL,0.000929631741332,"MULTILINESTRING M ((-71.108919698999955 42.310638923000056 NAN, -71.108528998999986 42.310469351000052 NAN, -71.108068000999936 42.310266338000076 NAN))"
1990,Park Drive,5597000.000000000000000,3,3,,2019,BL,0.000807337201163,"MULTILINESTRING M ((-71.102068878999944 42.342760430000055 NAN, -71.102649087999964 42.343321813000045 NAN))"
1991,Park Drive,4535700.000000000000000,3,3,,2019,BL,0.000349143700589,"MULTILINESTRING M ((-71.101823553999964 42.342512001000046 NAN, -71.102068878999944 42.342760430000055 NAN))"
1992,Brookline Avenue,5354200.000000000000000,3,2,,2019,BLSL,0.000651252553231,"MULTILINESTRING M ((-71.100804480999955 42.34504503800008 NAN, -71.100318759999936 42.345478864000029 NAN))"
1993,Fairway Street,5035400.000000000000000,0,2,,,SLM,0.001582476758820,"MULTILINESTRING M ((-71.095327043999987 42.268407778000039 NAN, -71.095012924999935 42.268654687000037 NAN, -71.094927953999957 42.26870277900008 NAN, -71.094847959999981 42.268713749000028 NAN, -71.094668388999935 42.268716493000056 NAN, -71.094349117999968 42.268708053000069 NAN, -71.093843925999977 42.268688257000065 NAN))"
1994,Franklin Park Service Road,5271400.000000000000000,0,2,,,SUP,0.001039087933886,"MULTILINESTRING M ((-71.099691432999975 42.29890438700005 NAN, -71.099800309999978 42.298977351000076 NAN, -71.099890081999945 42.299044624000032 NAN, -71.099985584999956 42.299104599000032 NAN, -71.100102352999954 42.29918828700005 NAN, -71.100171175999947 42.299272364000046 NAN, -71.100245239999936 42.299395853000078 NAN, -71.100276616999963 42.299498935000031 NAN, -71.100328780999973 42.299670172000049 NAN))"
1995,Boylston Street,5318900.000000000000000,6,2,,2023,CFSBL,0.001735447581609,
1996,Fenway,5314300.000000000000000,3,3,,2019,BFBL,0.002417456925883,"MULTILINESTRING M ((-71.103275698999937 42.342749407000042 NAN, -71.101559348999956 42.341046985000048 NAN))"
1997,Fenway,4554200.000000000000000,3,3,,2019,BLSL,0.000819623739948,"MULTILINESTRING M ((-71.098988900999984 42.339103544000068 NAN, -71.098667923999983 42.33894881100008 NAN, -71.098384052999961 42.33883303600004 NAN, -71.098235913999986 42.338781874000063 NAN))"
1998,Playstead Road,5778600.000000000000000,0,2,,,SUP,0.005357732364195,
1999,Pierpoint Road,5223500.000000000000000,0,2,,,SUP,0.000665161799772,"MULTILINESTRING M ((-71.096546217999958 42.310988904000055 NAN, -71.096307354999965 42.311087095000062 NAN, -71.096105529999988 42.311113399000078 NAN, -71.095904055999938 42.311085677000051 NAN))"
2000,Washington Street,4683500.000000000000000,3,2,,2016,SLM,0.000691681804015,"MULTILINESTRING M ((-71.098188022999977 42.315936101000034 NAN, -71.097822633999954 42.316306259000044 NAN, -71.097701122999979 42.316427371000032 NAN))"
2001,Washington Street,5135401.000000000000000,3,2,,2016,SLM,0.000326562288306,"MULTILINESTRING M ((-71.088030209999943 42.325423925000052 NAN, -71.087890567999978 42.325719125000035 NAN))"
2002,Washington Street,4624800.000000000000000,3,2,,2016,SLM,0.000511666289014,"MULTILINESTRING M ((-71.087890567999978 42.325719125000035 NAN, -71.087695637999957 42.326192205000041 NAN))"
2003,Blue Hill Avenue,4807600.000000000000000,3,2,1,2012,BL,0.000342390231389,"MULTILINESTRING M ((-71.087942111999951 42.294593171000031 NAN, -71.087839186999986 42.294919725000057 NAN))"
2004,Blue Hill Avenue,6232100.000000000000000,3,2,1,2012,BL,0.001132905585121,"MULTILINESTRING M ((-71.087529186999973 42.296462929000029 NAN, -71.087681613999962 42.295973287000038 NAN, -71.087865929999964 42.295381227000064 NAN))"
2005,Jewish War Veterans Drive,4769700.000000000000000,5,2,1,2009,BL,0.000557002384879,"MULTILINESTRING M ((-71.086881662999986 42.30254295800006 NAN, -71.087359743999968 42.302257143000077 NAN))"
2006,Blue Hill Avenue,4785900.000000000000000,3,2,1,2012,SLM,0.000880834260758,"MULTILINESTRING M ((-71.086664435999978 42.298689166000031 NAN, -71.086374081999963 42.299520769000026 NAN))"
2007,Elm Hill Entrance,5373100.000000000000000,0,2,,0,SUP,0.002453731742588,
2008,Seaver Street,5148600.000000000000000,3,2,1,2016,BFBL,0.001810137761567,"MULTILINESTRING M ((-71.087414199999955 42.306754335000051 NAN, -71.08776547399998 42.306941281000036 NAN, -71.08811310699997 42.30710683600006 NAN, -71.088350159999948 42.307227538000063 NAN, -71.08863140699998 42.307372593000025 NAN, -71.088857338999958 42.307513509000046 NAN, -71.088998961999948 42.307622053000046 NAN))"
2009,Washington Street,5135200.000000000000000,3,2,,2011,SLM,0.000188489113035,"MULTILINESTRING M ((-71.09209003999996 42.32158430100003 NAN, -71.091941433999978 42.321700251000038 NAN))"
2010,Walnut Avenue,4659700.000000000000000,6,2,,2011,SLM,0.001812974599192,"MULTILINESTRING M ((-71.090238190999969 42.319221189000075 NAN, -71.089828294999961 42.319497129000069 NAN, -71.089551875999973 42.31965144600008 NAN, -71.089147912999977 42.319801927000071 NAN, -71.088605944999983 42.319982295000045 NAN))"
2011,Warren Street,5602000.000000000000000,5,2,1,2011,BL,0.000369711103834,"MULTILINESTRING M ((-71.082172509999964 42.317569926000033 NAN, -71.081988426999942 42.317890550000072 NAN))"
2012,Warren Street,5601900.000000000000000,5,2,1,2011,BL,0.000156276330262,"MULTILINESTRING M ((-71.081988426999942 42.317890550000072 NAN, -71.081917564999969 42.31802983700004 NAN))"
2013,Warren Street,5602100.000000000000000,5,2,1,2011,BL,0.000279833176517,"MULTILINESTRING M ((-71.081917564999969 42.31802983700004 NAN, -71.081789493999963 42.318278643000042 NAN))"
2014,Warren Street,5602400.000000000000000,5,2,1,2011,BL,0.000401900122610,"MULTILINESTRING M ((-71.081478735999951 42.319066396000039 NAN, -71.081432293999967 42.319266543000026 NAN, -71.081392164999954 42.319458836000081 NAN))"
2015,Walnut Avenue,4632700.000000000000000,6,2,,2011,BLSL,0.000891091318173,"MULTILINESTRING M ((-71.084097377999967 42.323537437000027 NAN, -71.084002862999967 42.323641192000025 NAN, -71.083841219999954 42.323776777000035 NAN, -71.083639713999958 42.323891957000058 NAN, -71.083346415999983 42.323984865000057 NAN))"
2016,Huntington Avenue,5595100.000000000000000,3,2,1,2012,SLM,0.003541133148019,"MULTILINESTRING M ((-71.089692950999961 42.339938405000055 NAN, -71.088863775999982 42.340297178000071 NAN, -71.088396712999952 42.340499265000062 NAN, -71.087490941999988 42.340846008000028 NAN, -71.087152895999964 42.340985467000053 NAN, -71.086972817999936 42.341063031000033 NAN, -71.086780401999988 42.341172627000049 NAN, -71.086469565999948 42.341383642000039 NAN))"
2017,Huntington Avenue,5978300.000000000000000,3,2,1,2012,SLM,0.002070091185596,"MULTILINESTRING M ((-71.085046271999943 42.342833609000024 NAN, -71.085352739999962 42.342571110000051 NAN, -71.086091636999981 42.34193821100007 NAN, -71.086614735999945 42.341482634000045 NAN))"
2018,Massachusetts Avenue,5308600.000000000000000,3,2,,2016,SBLBL,0.000494909549964,"MULTILINESTRING M ((-71.088924581999947 42.349712952000061 NAN, -71.088698031999968 42.349272940000048 NAN))"
2019,Commonwealth Avenue,6241700.000000000000000,3,2,1,2010,BFBL,0.003860889479211,
2020,Hereford Street,5269500.000000000000000,5,2,,2013,BL,0.000436842334286,"MULTILINESTRING M ((-71.085458939999967 42.348382615000048 NAN, -71.085649989999979 42.348775465000074 NAN))"
2021,Massachusetts Avenue,5625100.000000000000000,3,1,,2008,SBL,0.002857019119254,"MULTILINESTRING M ((-71.091201023999986 42.354352259000052 NAN, -71.089940329999934 42.351788432000035 NAN))"
2022,Ballou Avenue,4927200.000000000000000,0,2,,2015,SLM,0.000552707585914,"MULTILINESTRING M ((-71.085561149999933 42.283271740000032 NAN, -71.085482774999946 42.283292278000033 NAN, -71.085045701999945 42.283469634000028 NAN))"
2023,Norfolk Street,4911300.000000000000000,5,2,,2017,BL,0.000889561932522,"MULTILINESTRING M ((-71.080775483999957 42.284694860000059 NAN, -71.080678445999979 42.285015239000074 NAN, -71.080570596999962 42.285252301000071 NAN, -71.080469009999945 42.28540160700004 NAN, -71.08040133999998 42.28549307600008 NAN))"
2024,Talbot Avenue,4822100.000000000000000,5,2,,2010,BL,0.001323859553085,"MULTILINESTRING M ((-71.082485763999955 42.293295604000036 NAN, -71.081442422999942 42.292995833000077 NAN, -71.08121379499994 42.292928604000053 NAN))"
2025,Blue Hill Avenue,6240400.000000000000000,5,2,1,2010,BL,0.000513316646288,"MULTILINESTRING M ((-71.084619590999978 42.306124751000027 NAN, -71.084653217999971 42.305939181000042 NAN, -71.084693043999948 42.305616908000047 NAN))"
2026,Blue Hill Avenue,6240700.000000000000000,5,2,1,2010,BL,0.000217413036294,"MULTILINESTRING M ((-71.083898096999974 42.30759862900004 NAN, -71.084029997999949 42.307425798000054 NAN))"
2027,Blue Hill Avenue,5847200.000000000000000,5,2,1,2010,BL,0.001207040968639,"MULTILINESTRING M ((-71.083886575999941 42.307361695000054 NAN, -71.083747789999961 42.307545533000052 NAN, -71.083721779999962 42.307579986000064 NAN, -71.083161769999947 42.308326890000046 NAN))"
2028,Columbia Road,5282200.000000000000000,5,2,1,2010,BL,0.001335961972603,"MULTILINESTRING M ((-71.082309907999957 42.304129527000043 NAN, -71.082152702999963 42.304260063000072 NAN, -71.081908183999985 42.304440357000033 NAN, -71.081734041999937 42.30456087500005 NAN, -71.081641278999939 42.304625070000043 NAN, -71.081263560999957 42.304858339000077 NAN, -71.081211262999943 42.304886280000062 NAN))"
2029,Columbia Road,5776600.000000000000000,5,2,1,2010,BL,0.002322040837976,"MULTILINESTRING M ((-71.080454811999971 42.305362930000058 NAN, -71.080032696999979 42.305602781000061 NAN, -71.079782946999956 42.305713280000077 NAN, -71.079577760999939 42.305790745000024 NAN, -71.079336137999974 42.305847254000071 NAN, -71.078859683999951 42.305936667000026 NAN, -71.078258939999955 42.306049252000037 NAN))"
2030,Warren Street,5743200.000000000000000,5,2,,2010,SLM,0.000180298526745,"MULTILINESTRING M ((-71.083110321999982 42.311177334000035 NAN, -71.083035956999936 42.311341582000068 NAN))"
2031,Warren Street,4712400.000000000000000,5,2,,2010,SLM,0.000720596065829,"MULTILINESTRING M ((-71.082972438999946 42.31218229600006 NAN, -71.083012814999961 42.312267972000029 NAN, -71.08311800599995 42.312469232000069 NAN, -71.083336047999978 42.31280313600007 NAN))"
2032,Warren Street,5743400.000000000000000,5,2,,2010,SLM,0.000559771477748,"MULTILINESTRING M ((-71.083035956999936 42.311341582000068 NAN, -71.083004261999974 42.311437414000068 NAN, -71.08292466499995 42.311638005000077 NAN, -71.082909610999934 42.31176511700005 NAN, -71.082916629999943 42.311879930000032 NAN))"
2033,Blue Hill Avenue,5754600.000000000000000,5,2,1,2012,SLM,0.000174191073086,"MULTILINESTRING M ((-71.082666684999936 42.309285037000052 NAN, -71.082605952999984 42.309448298000063 NAN))"
2034,Warren Street,5754500.000000000000000,5,2,,2012,SLM,0.000114274377489,"MULTILINESTRING M ((-71.082605952999984 42.309448298000063 NAN, -71.082668579999961 42.30954388300006 NAN))"
2035,Warren Street,5851900.000000000000000,5,2,,2010,SLM,0.000452122228473,"MULTILINESTRING M ((-71.083336047999978 42.31280313600007 NAN, -71.083448818999955 42.31294646300006 NAN, -71.083553701999961 42.313194987000031 NAN))"
2036,Warren Street,5301400.000000000000000,5,2,,2011,SLM,0.000811221270650,"MULTILINESTRING M ((-71.083305016999986 42.315357618000064 NAN, -71.083008716999984 42.31611279100008 NAN))"
2037,Warren Street,6263700.000000000000000,5,2,1,2011,SLM,0.001025857073844,"MULTILINESTRING M ((-71.082483431999947 42.317300967000051 NAN, -71.082698917999949 42.316931503000035 NAN, -71.082842601999971 42.316671499000051 NAN, -71.082893811999952 42.316579968000042 NAN, -71.082952663999947 42.316392805000078 NAN))"
2038,Washington Street,5394000.000000000000000,3,2,,2011,SLM,0.000765479621577,"MULTILINESTRING M ((-71.083343187999958 42.330608778000055 NAN, -71.083720750999987 42.330477914000028 NAN, -71.083984315999942 42.330356766000079 NAN, -71.084052030999942 42.33032268900007 NAN))"
2039,Warren Street,5839100.000000000000000,5,2,,2012,BL,0.000949678181648,"MULTILINESTRING M ((-71.060968474999981 42.37300521700007 NAN, -71.061061880999944 42.373159747000045 NAN, -71.061304635999988 42.373389122000049 NAN, -71.061640218999969 42.37366611200008 NAN))"
2040,Washington Street,5271700.000000000000000,3,2,,2011,SLM,0.000287397437186,"MULTILINESTRING M ((-71.081933021999987 42.331773922000025 NAN, -71.081715783999982 42.331962084000054 NAN))"
2041,Washington Street,6245200.000000000000000,3,2,1,2011,SLM,0.000688374780629,"MULTILINESTRING M ((-71.081126592999965 42.332920750000028 NAN, -71.08118389599997 42.332790394000028 NAN, -71.081224501999941 42.332674760000032 NAN, -71.081271731999948 42.332561617000067 NAN, -71.081325565999975 42.332453421000025 NAN, -71.081412929999942 42.332296079000059 NAN))"
2042,Washington Street,5271800.000000000000000,3,2,1,2011,SLM,0.000689081710805,"MULTILINESTRING M ((-71.081412929999942 42.332296079000059 NAN, -71.081252493999955 42.332458081000027 NAN, -71.081192886999986 42.332535060000055 NAN, -71.081106788999989 42.332666966000033 NAN, -71.081000929999959 42.332843923000041 NAN))"
2043,Columbus Avenue,5194600.000000000000000,3,2,,2018,SBL,0.000584603050739,"MULTILINESTRING M ((-71.085682107999958 42.337697909000042 NAN, -71.085191953999981 42.338016515000049 NAN))"
2044,Columbus Avenue,4557000.000000000000000,3,2,,2018,SBL,0.000593990890240,"MULTILINESTRING M ((-71.084687583999937 42.33834435700004 NAN, -71.08418362499998 42.33865876200008 NAN))"
2045,Columbus Avenue,4545500.000000000000000,3,2,,2009,BL,0.000748378299874,"MULTILINESTRING M ((-71.081746049999936 42.340660385000035 NAN, -71.081391811999936 42.340952256000037 NAN, -71.081164607999938 42.341131485000062 NAN))"
2046,Massachusetts Avenue,6245800.000000000000000,3,2,1,2011,BL,0.000806873334228,"MULTILINESTRING M ((-71.080407674999947 42.339298319000079 NAN, -71.080299585999967 42.339185950000058 NAN, -71.079810409999936 42.338756472000057 NAN))"
2047,Belvidere Street,5661700.000000000000000,5,2,,2013,BLSL,0.001076338595051,"MULTILINESTRING M ((-71.081821149999939 42.34542151900007 NAN, -71.082036714999958 42.345571415000052 NAN, -71.082093932999953 42.345608195000068 NAN, -71.082243719999951 42.345697080000036 NAN, -71.082378048999942 42.345744271000058 NAN, -71.082553909999945 42.345791051000049 NAN, -71.082757905999983 42.345826114000033 NAN, -71.082797836999987 42.345831130000079 NAN))"
2048,Commonwealth Avenue,4490400.000000000000000,3,2,1,2010,BL,0.002218118941067,"MULTILINESTRING M ((-71.080279275999942 42.351128971000037 NAN, -71.078136387999962 42.351701756000068 NAN))"
2049,Norfolk Street,5574200.000000000000000,5,2,,2017,BL,0.000475565074559,"MULTILINESTRING M ((-71.07819834999998 42.287721703000045 NAN, -71.077990488999944 42.28789593700003 NAN, -71.077813613999979 42.287998258000073 NAN))"
2050,New England Avenue,5574400.000000000000000,0,2,,,SLMTC,0.001508470658440,"MULTILINESTRING M ((-71.077813613999979 42.287998258000073 NAN, -71.07786456499997 42.288057771000069 NAN, -71.077909322999972 42.288126952000027 NAN, -71.078058429999942 42.288561283000035 NAN, -71.078217274999986 42.289061533000051 NAN, -71.078266147999955 42.289290729000072 NAN, -71.078276464999988 42.289419621000036 NAN))"
2051,Washington Street,5300400.000000000000000,3,2,,2011,SLM,0.001512676173903,"MULTILINESTRING M ((-71.078805194999973 42.335061543000052 NAN, -71.077632699999981 42.336017286000072 NAN))"
2052,Massachusetts Avenue,46806500.000000000000000,3,2,1,2011,BL,0.001770913354303,"MULTILINESTRING M ((-71.076544447999936 42.336069362000046 NAN, -71.075170605999972 42.334951913000054 NAN))"
2053,Massachusetts Avenue,5273400.000000000000000,3,2,1,2011,BL,0.001367988773920,"MULTILINESTRING M ((-71.076937059999977 42.336539475000052 NAN, -71.077583121999965 42.337060502000043 NAN, -71.078003192999972 42.337396649000027 NAN))"
2054,Washington Street,4555600.000000000000000,3,2,,2011,SLM,0.000795679827407,"MULTILINESTRING M ((-71.074288131999936 42.338429546000043 NAN, -71.073787750999941 42.338767551000046 NAN, -71.073630772999934 42.338877817000025 NAN))"
2055,Columbus Avenue,4530100.000000000000000,3,2,,2009,BL,0.000860192707210,"MULTILINESTRING M ((-71.077857647999963 42.343753313000036 NAN, -71.077310679999982 42.344193010000026 NAN, -71.077190899999948 42.344296666000048 NAN))"
2056,Columbus Avenue,4519000.000000000000000,3,2,,2010,SLM,0.002212755527483,"MULTILINESTRING M ((-71.075239360999944 42.345864422000034 NAN, -71.074733864999985 42.346278940000047 NAN, -71.07391707499994 42.346932567000067 NAN, -71.073531167999988 42.347270433000062 NAN))"
2057,Huntington Avenue,6262300.000000000000000,3,2,1,2015,SLM,0.002287316327379,"MULTILINESTRING M ((-71.076933570999984 42.34928840300006 NAN, -71.077220288999968 42.349171813000055 NAN, -71.077430871999979 42.349053925000078 NAN, -71.077600643999972 42.348913116000062 NAN, -71.077842526999973 42.348704668000039 NAN, -71.07809735799998 42.348486252000043 NAN, -71.078354593999961 42.348276039000041 NAN, -71.078542229999982 42.34810561300003 NAN, -71.078746706999937 42.347921310000061 NAN))"
2058,Stuart Street,5840800.000000000000000,3,2,,2017,BL,0.001099426284548,"MULTILINESTRING M ((-71.07538855699994 42.348583852000047 NAN, -71.075009216999945 42.348705681000069 NAN, -71.074349384999948 42.348942381000029 NAN))"
2059,Sullivan Square,5699400.000000000000000,3,2,,2014,BFBL,0.000561900351523,"MULTILINESTRING M ((-71.073040473999981 42.384036821000052 NAN, -71.072965207999971 42.384129427000062 NAN, -71.072903190999966 42.384233942000037 NAN, -71.072859789999939 42.384344454000029 NAN, -71.072815803999958 42.38454192100005 NAN))"
2060,Main Street,4393800.000000000000000,5,2,1,2020,SBL,0.000863032367574,"MULTILINESTRING M ((-71.072369352999942 42.383818399000063 NAN, -71.072436142999948 42.38401501900006 NAN, -71.07248031599994 42.384088100000042 NAN, -71.072543798999959 42.384161461000076 NAN, -71.072678801999984 42.384302279000053 NAN, -71.072760689999939 42.384413255000027 NAN, -71.072815803999958 42.38454192100005 NAN))"
2061,Alford Street,6243400.000000000000000,3,2,1,2016,BL,0.001443880594532,"MULTILINESTRING M ((-71.072404271999972 42.387522070000045 NAN, -71.072500327999933 42.387348001000078 NAN, -71.072787843999947 42.386893300000054 NAN, -71.073124931999985 42.386271730000033 NAN))"
2062,Columbia Road,5733200.000000000000000,5,2,1,2010,BL,0.002179930137644,"MULTILINESTRING M ((-71.070019051999964 42.311283778000075 NAN, -71.069630125999936 42.311537221000037 NAN, -71.06931838099996 42.31178363600003 NAN, -71.069170273999987 42.311925967000036 NAN, -71.069134658999985 42.311960193000061 NAN, -71.068651474999967 42.312388837000071 NAN, -71.068362541999988 42.312690377000081 NAN))"
2063,Columbia Road,5733400.000000000000000,5,2,1,2010,BL,0.002246330933025,"MULTILINESTRING M ((-71.068362541999988 42.312690377000081 NAN, -71.068199126999957 42.312935757000048 NAN, -71.068087662999972 42.313132842000073 NAN, -71.067852323999944 42.31356747500007 NAN, -71.067755765999948 42.313733957000068 NAN, -71.067449178999937 42.314262564000046 NAN, -71.067218705999949 42.314622378000081 NAN))"
2064,Columbia Road,6254600.000000000000000,5,2,1,2010,SLM,0.000304238936109,"MULTILINESTRING M ((-71.066402782999944 42.315890413000034 NAN, -71.066597331999958 42.315656507000028 NAN))"
2065,Albany Street,5752200.000000000000000,5,2,,2012,SLM,0.001112067670026,"MULTILINESTRING M ((-71.073373878999973 42.333612621000043 NAN, -71.072463318999951 42.334251037000058 NAN))"
2066,Albany Street,5678000.000000000000000,5,2,,2012,BL,0.000999966878964,"MULTILINESTRING M ((-71.070093144999987 42.335929688000078 NAN, -71.069557332999977 42.336319874000026 NAN, -71.069317430999945 42.336495096000078 NAN, -71.069284489999973 42.336517895000043 NAN))"
2067,Washington Street,5132700.000000000000000,3,2,,2011,SLM,0.000808717240772,"MULTILINESTRING M ((-71.072504758999969 42.339623695000057 NAN, -71.071826612999985 42.340064310000059 NAN))"
2068,West Dedham Street,5715200.000000000000000,5,2,,2011,BLSL,0.001136510701747,"MULTILINESTRING M ((-71.071804700999962 42.341090475000044 NAN, -71.071734870999933 42.34106186300005 NAN, -71.071564232999947 42.34100327200008 NAN, -71.071103668999967 42.340889580000066 NAN, -71.070707755999933 42.340798563000078 NAN))"
2069,Malden Street,4552600.000000000000000,5,2,,2011,SLM,0.002951937073866,"MULTILINESTRING M ((-71.068351338999946 42.340063388000033 NAN, -71.066679790999956 42.339551811000035 NAN, -71.065914550999935 42.339298527000039 NAN, -71.065542357999959 42.339158139000062 NAN))"
2070,Washington Street,4541200.000000000000000,3,2,,2011,SLM,0.000908750559754,"MULTILINESTRING M ((-71.069638717999965 42.341365615000029 NAN, -71.068782380999949 42.34166977700005 NAN))"
2071,Milton Avenue,5243800.000000000000000,6,2,,2021,SLMTC,0.000169772043716,"MULTILINESTRING M ((-71.075955592999946 42.281661152000027 NAN, -71.076027308999983 42.281815033000044 NAN))"
2072,Milton Avenue,4961300.000000000000000,6,2,,2021,SLMTC,0.000688023984774,"MULTILINESTRING M ((-71.075253499999974 42.279689139000027 NAN, -71.075303169999984 42.27979567400007 NAN, -71.075407214999984 42.280099910000047 NAN, -71.075467166999942 42.280341527000076 NAN))"
2073,Norwell Street,4824800.000000000000000,0,2,,2020,SLMTC,0.001948038122803,"MULTILINESTRING M ((-71.077438951999966 42.292614309000044 NAN, -71.077757933999976 42.293394240000055 NAN, -71.077933494999968 42.293890053000041 NAN, -71.078042781999955 42.294265206000034 NAN, -71.078086275999965 42.294448798000076 NAN))"
2074,Norwell Street,4831800.000000000000000,0,2,,2020,SLMTC,0.000913591193929,"MULTILINESTRING M ((-71.077181942999971 42.29174738100005 NAN, -71.077170257999967 42.291851436000059 NAN, -71.077219575999948 42.291984976000037 NAN, -71.077340314999958 42.29231853400006 NAN, -71.077438951999966 42.292614309000044 NAN))"
2075,Norwell Street,5272900.000000000000000,0,2,,2021,SLMTC,0.002000919173719,"MULTILINESTRING M ((-71.078448422999941 42.296802729000035 NAN, -71.078552351999974 42.297472149000043 NAN, -71.078687960999957 42.298364510000056 NAN, -71.078743234999934 42.298781738000059 NAN))"
2076,Tremont Street,4539400.000000000000000,3,2,,2023,SBL,0.000714212266694,"MULTILINESTRING M ((-71.075982390999968 42.341667862000065 NAN, -71.075349685999981 42.341999198000053 NAN))"
2077,Tremont Street,5845900.000000000000000,3,2,,2023,SBL,0.000953009942418,"MULTILINESTRING M ((-71.074601894999944 42.342400683000051 NAN, -71.07375596199995 42.342839574000038 NAN))"
2078,Tremont Street,5150900.000000000000000,3,2,,2023,SBL,0.000385458941460,"MULTILINESTRING M ((-71.073157763999973 42.343168777000074 NAN, -71.072817645999976 42.343350156000042 NAN))"
2079,Boylston Street,4496800.000000000000000,3,2,,2024,SBL,0.002238430654288,"MULTILINESTRING M ((-71.077368797999952 42.350083945000051 NAN, -71.075212680999982 42.350685386000066 NAN))"
2080,Berkeley Street,4478600.000000000000000,3,2,,2024,SBL,0.000398937772902,"MULTILINESTRING M ((-71.073842628999955 42.352864418000081 NAN, -71.074017139999967 42.353223162000063 NAN))"
2081,Washington Street,5724500.000000000000000,5,2,,,SLM,0.000512960236350,"MULTILINESTRING M ((-71.071348437999973 42.282557860000054 NAN, -71.071357013999943 42.282802099000037 NAN, -71.071385934999967 42.283069108000063 NAN))"
2082,Washington Street,4958900.000000000000000,5,2,,,SLM,0.000844964170312,"MULTILINESTRING M ((-71.070174589999965 42.279944278000073 NAN, -71.070346186999984 42.280199819000075 NAN, -71.07061373199997 42.280665603000045 NAN))"
2083,Washington Street,5725000.000000000000000,5,2,,,SLM,0.000773618223793,"MULTILINESTRING M ((-71.071168931999978 42.287973646000069 NAN, -71.071147672999984 42.288119865000056 NAN, -71.071118271999978 42.288348767000059 NAN, -71.07111150999998 42.28853612100005 NAN, -71.071119278999959 42.288743579000027 NAN))"
2084,Washington Street,4851800.000000000000000,5,2,,,SLM,0.000360145195252,"MULTILINESTRING M ((-71.071512607999978 42.289877941000043 NAN, -71.071602895999945 42.290226585000028 NAN))"
2085,Massachusetts Avenue,4605300.000000000000000,3,2,,2023,SBL,0.000797303277758,"MULTILINESTRING M ((-71.070530712999982 42.331129375000046 NAN, -71.069996304999961 42.330537682000056 NAN))"
2086,Massachusetts Avenue,5858500.000000000000000,3,2,,2023,SBL,0.000715074277051,"MULTILINESTRING M ((-71.06914708499994 42.329545301000053 NAN, -71.069292237999946 42.329722526000069 NAN, -71.069602311999972 42.330096750000052 NAN))"
2087,Tremont Street,4523201.000000000000000,3,2,,2023,SBL,0.001295707167299,"MULTILINESTRING M ((-71.069709408999984 42.345492964000073 NAN, -71.069491020999976 42.345879718000049 NAN, -71.069087414999956 42.346629549000056 NAN))"
2088,Berkeley Street,4500100.000000000000000,3,2,,2024,SBL,0.000969847614638,"MULTILINESTRING M ((-71.07224602499997 42.349541145000046 NAN, -71.072659961999989 42.350418220000051 NAN))"
2089,Charles Street,5649700.000000000000000,3,2,,2020,SBL,0.000755093203895,"MULTILINESTRING M ((-71.069054300999937 42.355529440000055 NAN, -71.069167258999983 42.355740540000056 NAN, -71.069430950999958 42.356183692000059 NAN))"
2090,Main Street,4412500.000000000000000,5,2,,2011,BL,0.000470411495788,"MULTILINESTRING M ((-71.068128786999978 42.378479054000024 NAN, -71.068471702999943 42.378801072000044 NAN))"
2091,Main Street,5760000.000000000000000,5,2,,2011,BL,0.000560700830691,"MULTILINESTRING M ((-71.066758583999956 42.377270218000035 NAN, -71.067171587999951 42.377649445000031 NAN))"
2092,Main Street,5759800.000000000000000,5,2,,2011,SLM,0.000284743539472,"MULTILINESTRING M ((-71.066541820999987 42.377085585000032 NAN, -71.066713782999955 42.377233026000056 NAN, -71.066758583999956 42.377270218000035 NAN))"
2093,Main Street,5173100.000000000000000,5,2,,2011,BL,0.000417413182486,"MULTILINESTRING M ((-71.070679032999976 42.38102017600005 NAN, -71.070729062999987 42.381071482000038 NAN, -71.070968908999987 42.381320517000063 NAN))"
2094,Main Street,4405200.000000000000000,5,2,,2011,BL,0.000671195017588,"MULTILINESTRING M ((-71.069987960999981 42.380317538000043 NAN, -71.070259672999953 42.380594268000038 NAN, -71.070460700999945 42.380793986000072 NAN))"
2095,Dorchester Avenue,4918800.000000000000000,3,2,,2010,SLM,0.000813085420132,"MULTILINESTRING M ((-71.064787402999968 42.284007437000071 NAN, -71.064714261999939 42.284285131000047 NAN, -71.064562654999975 42.284788726000045 NAN))"
2096,Ashmont Street,5836400.000000000000000,5,2,,2013,SLM,0.000660595858049,"MULTILINESTRING M ((-71.063735880999957 42.285931240000025 NAN, -71.063524767999979 42.285983314000077 NAN, -71.063295165999989 42.286036461000037 NAN, -71.063096216999952 42.286095353000064 NAN))"
2097,Ashmont Street,4886400.000000000000000,5,2,,2013,SLM,0.001865877119305,"MULTILINESTRING M ((-71.060772218999944 42.286722327000064 NAN, -71.060559746999957 42.286763153000038 NAN, -71.060167952999961 42.286844935000033 NAN, -71.059551842999952 42.287009131000048 NAN, -71.058958201999985 42.287156526000047 NAN))"
2098,Dorchester Avenue,5152600.000000000000000,3,2,,2011,SLM,0.000437262178229,"MULTILINESTRING M ((-71.062091693999946 42.293664206000074 NAN, -71.061968652999951 42.294083800000067 NAN))"
2099,Dorchester Avenue,5607100.000000000000000,3,2,,2011,SLM,0.001188497974040,"MULTILINESTRING M ((-71.061372050999978 42.296074270000076 NAN, -71.061321717999988 42.296228820000067 NAN, -71.061170355999934 42.296770108000032 NAN, -71.061035967999942 42.297214122000071 NAN))"
2100,Geneva Avenue,4780800.000000000000000,5,2,,2016,SLM,0.000474361963108,"MULTILINESTRING M ((-71.065517125999975 42.299917994000054 NAN, -71.065107374999968 42.299678989000029 NAN))"
2101,Geneva Avenue,5687100.000000000000000,5,2,,2016,SLM,0.000361136956696,"MULTILINESTRING M ((-71.064403364999976 42.299262970000029 NAN, -71.06432020699998 42.299212913000076 NAN, -71.064284917999942 42.299191402000076 NAN, -71.064239009999937 42.299172094000028 NAN, -71.064115433999973 42.299097137000047 NAN, -71.06409804499998 42.299086593000027 NAN, -71.064090961999966 42.299082714000065 NAN))"
2102,Dorchester Avenue,4649900.000000000000000,3,2,,2011,BL,0.000911081117770,"MULTILINESTRING M ((-71.056769761999988 42.320730474000072 NAN, -71.056779873999972 42.321641499000066 NAN))"
2103,Dorchester Avenue,5628000.000000000000000,3,2,,2011,BL,0.000551318166204,"MULTILINESTRING M ((-71.056856297999957 42.324820573000068 NAN, -71.056867950999958 42.325371768000025 NAN))"
2104,Dorchester Avenue,5772400.000000000000000,3,2,,2011,SLM,0.000462925372355,"MULTILINESTRING M ((-71.05695744999997 42.329923406000034 NAN, -71.056959216999985 42.330386328000031 NAN))"
2105,Columbia Road,6254700.000000000000000,5,2,1,2010,SLM,0.000419257728336,"MULTILINESTRING M ((-71.066124491999972 42.316203991000066 NAN, -71.066402782999944 42.315890413000034 NAN))"
2106,Columbia Road,6242600.000000000000000,5,2,1,2010,BL,0.000947323654917,"MULTILINESTRING M ((-71.06253985099994 42.319909241000062 NAN, -71.062699685999974 42.319761569000036 NAN, -71.062864861999969 42.319583500000078 NAN, -71.063032699999951 42.319390229000078 NAN, -71.063172294999958 42.319206360000067 NAN))"
2107,Albany Street,45241100.000000000000000,5,2,,2012,BLSL,0.000585463113664,"MULTILINESTRING M ((-71.063888705999943 42.340285742000049 NAN, -71.063973438999938 42.340275348000034 NAN, -71.064055458999974 42.340224392000039 NAN, -71.06414231399998 42.340170173000047 NAN, -71.064384315999973 42.339990941000053 NAN))"
2108,High Street,5647900.000000000000000,5,2,,2011,BL,0.000895667953370,"MULTILINESTRING M ((-71.056983131999971 42.353245694000066 NAN, -71.056762941999978 42.353350542000044 NAN, -71.056175903999986 42.35363376600003 NAN))"
2109,Oliver Street,5451400.000000000000000,0,2,,2011,SLM,0.000420042786548,"MULTILINESTRING M ((-71.052061244999948 42.355225033000067 NAN, -71.052155332999973 42.355268586000079 NAN, -71.052249256999971 42.355323782000028 NAN, -71.05241822499994 42.35544408800007 NAN))"
2110,D Street Extension,45264000.000000000000000,3,2,1,2013,SLM,0.000940834076550,"MULTILINESTRING M ((-71.040114241999959 42.347929778000037 NAN, -71.039385529999947 42.34852488100006 NAN))"
2111,Adams Street,4957500.000000000000000,5,2,,2017,BFBL,0.000636459329472,"MULTILINESTRING M ((-71.058940435999943 42.280049675000043 NAN, -71.058827054999938 42.280282194000051 NAN, -71.058775965999985 42.280409728000052 NAN, -71.058758178999938 42.280543021000028 NAN, -71.058762933999958 42.280648823000035 NAN))"
2112,Neponset Avenue,4793900.000000000000000,5,2,,2012,BL,0.000745971951308,"MULTILINESTRING M ((-71.056431346999943 42.297340486000053 NAN, -71.056344409999951 42.297254056000043 NAN, -71.056137354999976 42.297110896000049 NAN, -71.055827277999981 42.296906006000029 NAN))"
2113,Neponset Avenue,4798400.000000000000000,5,2,,2012,BL,0.001006145231102,"MULTILINESTRING M ((-71.055261051999935 42.296508247000077 NAN, -71.054841875999955 42.296190391000039 NAN, -71.054437826999958 42.295931114000041 NAN))"
2114,Adams Street,5629700.000000000000000,5,2,,2013,SLM,0.000765890001738,"MULTILINESTRING M ((-71.058798484999954 42.299993673000074 NAN, -71.058993605999945 42.300247072000047 NAN, -71.059023146999948 42.300304578000066 NAN, -71.059048959999984 42.300352505000035 NAN, -71.059226313999943 42.300627215000077 NAN))"
2115,Adams Street,4782200.000000000000000,5,2,,2013,SLM,0.000976495467647,"MULTILINESTRING M ((-71.058106274999943 42.299312976000067 NAN, -71.058423743999981 42.299574719000077 NAN, -71.058570675999988 42.299699640000028 NAN, -71.058673668999973 42.299822138000025 NAN, -71.058798484999954 42.299993673000074 NAN))"
2116,Dorchester Avenue,4763900.000000000000000,3,2,,2011,SLM,0.000628142644850,"MULTILINESTRING M ((-71.059429998999974 42.303135902000065 NAN, -71.059299889999977 42.303750422000064 NAN))"
2117,Dorchester Avenue,4750500.000000000000000,3,2,,2011,SLM,0.000736805825859,"MULTILINESTRING M ((-71.058791567999947 42.306017790000055 NAN, -71.058638721999955 42.306738568000071 NAN))"
2118,Dorchester Avenue,4744700.000000000000000,3,2,,2011,SLM,0.000571301019331,"MULTILINESTRING M ((-71.058560100999955 42.307033679000028 NAN, -71.058419407999963 42.307587385000033 NAN))"
2119,Freeport Street,5180100.000000000000000,3,2,,2013,BL,0.000485452941813,"MULTILINESTRING M ((-71.057574139999986 42.306289391000064 NAN, -71.057567220999942 42.306493055000033 NAN, -71.05758803599997 42.306660254000064 NAN, -71.057607531999963 42.306771744000059 NAN))"
2120,Dorchester Avenue,5128300.000000000000000,3,2,,2011,BL,0.000215213355536,"MULTILINESTRING M ((-71.056874031999939 42.314446786000076 NAN, -71.056814587999952 42.314653627000041 NAN))"
2121,Dorchester Avenue,5709900.000000000000000,3,2,,2011,BL,0.000430862769577,"MULTILINESTRING M ((-71.056696975999955 42.317130686000041 NAN, -71.056709660999957 42.317561362000049 NAN))"
2122,Dorchester Avenue,4689400.000000000000000,3,2,,2011,BL,0.000505856815029,"MULTILINESTRING M ((-71.056755772999963 42.314931931000046 NAN, -71.056699287999948 42.315176484000062 NAN, -71.056664725999951 42.315428995000048 NAN))"
2123,D Street,4578900.000000000000000,5,2,,2013,BLSL,0.000359998372705,"MULTILINESTRING M ((-71.055308111999977 42.335055865000072 NAN, -71.055581078999978 42.334821157000079 NAN))"
2124,Dorchester Avenue,5627102.000000000000000,3,2,,2011,SLM,0.000110615000023,"MULTILINESTRING M ((-71.057112288999974 42.338961032000043 NAN, -71.057112291999942 42.339071647000026 NAN))"
2125,Kneeland Street,4499900.000000000000000,3,2,,2017,BL,0.000652879561592,"MULTILINESTRING M ((-71.057670083999938 42.349659906000056 NAN, -71.057032277999951 42.349520424000048 NAN))"
2126,Otis Street,5432000.000000000000000,5,2,,2012,SLM,0.001291493747137,"MULTILINESTRING M ((-71.057723082999985 42.354989512000031 NAN, -71.057771957999933 42.354942163000032 NAN, -71.058662450999975 42.354103212000041 NAN))"
2127,Devonshire Street,5524100.000000000000000,5,2,,2012,SLM,0.000256931655035,"MULTILINESTRING M ((-71.057447038999953 42.355245323000076 NAN, -71.057383584999968 42.35535545700003 NAN, -71.057351816999983 42.355481336000025 NAN))"
2128,Devonshire Street,4462300.000000000000000,5,2,,2012,SLM,0.001297910476239,"MULTILINESTRING M ((-71.057360254999935 42.356774833000031 NAN, -71.057376848999979 42.356618529000059 NAN, -71.057384456999955 42.356418498000039 NAN, -71.057367828999986 42.356135595000069 NAN, -71.057329497999945 42.355727526000067 NAN, -71.057338157999936 42.355593921000036 NAN, -71.057351816999983 42.355481336000025 NAN))"
2129,Essex Street,4483800.000000000000000,5,2,,2012,SLM,0.000902250341212,"MULTILINESTRING M ((-71.058009159999983 42.352358973000037 NAN, -71.057141085999945 42.352112999000042 NAN))"
2130,Devonshire Street,5648600.000000000000000,5,2,,2012,SLM,0.000112677755457,"MULTILINESTRING M ((-71.057332856999949 42.357588749000058 NAN, -71.057333644999972 42.357476074000033 NAN))"
2131,Franklin Street,5512300.000000000000000,5,2,,2011,BL,0.000898753417167,"MULTILINESTRING M ((-71.055685850999964 42.35567190200004 NAN, -71.055710430999966 42.355662890000076 NAN, -71.055888868999943 42.35561350100005 NAN, -71.056128313999977 42.355573350000043 NAN, -71.056571505999955 42.355537514000048 NAN))"
2132,Kilby Street,5461200.000000000000000,0,2,,2011,SLM,0.000200008316263,"MULTILINESTRING M ((-71.055262364999976 42.357618560000049 NAN, -71.055359052999961 42.357793645000072 NAN))"
2133,Water Street,5461400.000000000000000,0,2,,2011,SLM,0.000325299592036,"MULTILINESTRING M ((-71.055359052999961 42.357793645000072 NAN, -71.055282211999952 42.35782075700007 NAN, -71.055159105999962 42.35788685700004 NAN, -71.055075527999975 42.35794889500005 NAN))"
2134,Franklin Street,5237500.000000000000000,5,2,,2011,BL,0.000906040516268,"MULTILINESTRING M ((-71.054877421999947 42.356079234000049 NAN, -71.055394010999976 42.355807966000043 NAN, -71.055587403999937 42.355707992000077 NAN, -71.055685850999964 42.35567190200004 NAN))"
2135,North Washington Street,5621500.000000000000000,3,2,1,2014,SLM,0.000760721389723,"MULTILINESTRING M ((-71.058300538999958 42.364512809000075 NAN, -71.05832907599995 42.364789761000054 NAN, -71.058366983999974 42.365270572000043 NAN))"
2136,Salem Street,5242700.000000000000000,0,2,,2013,SLM,0.000456650362971,"MULTILINESTRING M ((-71.056137152999952 42.363208813000028 NAN, -71.055982732999951 42.363456051000071 NAN, -71.055889584999989 42.363592426000025 NAN))"
2137,Cross Street,45229700.000000000000000,3,2,,2014,BL,0.001097220586598,"MULTILINESTRING M ((-71.053942353999958 42.361568384000066 NAN, -71.054925750999985 42.362055029000032 NAN))"
2138,John F. Fitzgerald Surface Road,45229400.000000000000000,3,2,,2014,SLM,0.001618213775508,"MULTILINESTRING M ((-71.055149363999988 42.361554875000024 NAN, -71.054830892999973 42.361406622000061 NAN, -71.054547591999949 42.361263277000035 NAN, -71.054250512999943 42.361112226000046 NAN, -71.053697411999963 42.360840712000027 NAN))"
2139,Commercial Street,5640700.000000000000000,5,2,,2017,SBL,0.000741361797826,"MULTILINESTRING M ((-71.055534684999941 42.368174542000077 NAN, -71.054815710999947 42.367993728000044 NAN))"
2140,First Avenue,5995900.000000000000000,0,8,,0,SUP,0.000971658780948,"MULTILINESTRING M ((-71.05741197499998 42.372973897000065 NAN, -71.056564818999959 42.373449762000064 NAN))"
2141,First Avenue,5996800.000000000000000,0,8,,0,SUP,0.000851695392850,"MULTILINESTRING M ((-71.056564818999959 42.373449762000064 NAN, -71.056571589999976 42.373568158000069 NAN, -71.055980545999944 42.374001876000079 NAN))"
2142,Ashmont Street,4861800.000000000000000,5,2,,2013,SLM,0.000876847597648,"MULTILINESTRING M ((-71.053583570999933 42.28876531800006 NAN, -71.052738257999977 42.288998358000072 NAN))"
2143,Neponset Avenue,4830600.000000000000000,5,2,,2012,BLSL,0.001370328698953,"MULTILINESTRING M ((-71.049762090999934 42.291733226000076 NAN, -71.050155374999974 42.292193922000081 NAN, -71.050633533999985 42.292790554000078 NAN))"
2144,Neponset Avenue,5205800.000000000000000,5,2,,2012,BL,0.000179943337954,"MULTILINESTRING M ((-71.04774337799995 42.289227511000036 NAN, -71.04786729999995 42.289357983000059 NAN))"
2145,Freeport Street,5488703.000000000000000,3,2,,2013,SLM,0.000759737652397,"MULTILINESTRING M ((-71.04760594399994 42.295904023000048 NAN, -71.047605285999964 42.295906732000049 NAN, -71.04759396999998 42.29595332100007 NAN, -71.047541497999987 42.296243460000028 NAN, -71.047533715999975 42.296536594000031 NAN, -71.047550641999976 42.296652126000026 NAN, -71.047551245999955 42.296656240000061 NAN))"
2146,Columbia Road,5173600.000000000000000,3,1,1,2016,BFBL,0.000246495543291,"MULTILINESTRING M ((-71.052290702999983 42.326828443000068 NAN, -71.052301967999938 42.327074681000056 NAN))"
2147,Old Colony Avenue,5203400.000000000000000,3,3,1,2016,BFBL,0.001338291239620,"MULTILINESTRING M ((-71.052588157999935 42.328463681000073 NAN, -71.052555714999983 42.327531859000032 NAN, -71.052539064999962 42.327126296000074 NAN))"
2148,Charles Street,5649800.000000000000000,3,2,,2020,SBL,0.000482645461271,"MULTILINESTRING M ((-71.067622763999964 42.352839743000061 NAN, -71.067701762999945 42.353047108000055 NAN, -71.067819348999933 42.353279831000066 NAN))"
2149,Charles Street South,4485900.000000000000000,3,2,,2020,CFSBL,0.000712650536269,"MULTILINESTRING M ((-71.067252296999982 42.351824957000076 NAN, -71.067469168999935 42.352503807000062 NAN))"
2150,Cambridge Street,6236300.000000000000000,3,2,1,2022,SBL,0.001237829401990,"MULTILINESTRING M ((-71.068702662999954 42.361205050000081 NAN, -71.069755816999987 42.361172616000033 NAN, -71.06993973799996 42.361182306000046 NAN))"
2151,Tremont Street,5294100.000000000000000,3,2,,2020,SBL,0.000506922000049,"MULTILINESTRING M ((-71.064914489999978 42.351099452000028 NAN, -71.065064663999976 42.35061528500006 NAN))"
2152,Washington Street,5625900.000000000000000,3,2,,,SLM,0.000754663669806,"MULTILINESTRING M ((-71.06459358799998 42.346619673000077 NAN, -71.064411995999933 42.347352163000039 NAN))"
2153,Washington Street,5172100.000000000000000,3,2,,,SLM,0.000700271592116,"MULTILINESTRING M ((-71.064150383999959 42.348413513000025 NAN, -71.063959131999979 42.349087162000046 NAN))"
2154,Washington Street,5812600.000000000000000,3,2,,2020,SBL,0.000609273424865,"MULTILINESTRING M ((-71.063040447999981 42.350931041000081 NAN, -71.062954528999967 42.351134689000048 NAN, -71.062828969999941 42.351502068000059 NAN))"
2155,Washington Street,5812700.000000000000000,3,2,,2020,SBL,0.000329008400018,"MULTILINESTRING M ((-71.062794267999948 42.351605636000045 NAN, -71.062713284999973 42.351924522000047 NAN))"
2156,Tremont Street,4458300.000000000000000,3,2,,2020,SBL,0.000381861613205,"MULTILINESTRING M ((-71.061982341999965 42.356519744000025 NAN, -71.062267891999966 42.356266210000058 NAN))"
2157,Tremont Street,5307100.000000000000000,3,2,,2020,SBL,0.000276623298350,"MULTILINESTRING M ((-71.06107463099994 42.357374691000075 NAN, -71.061273408999966 42.357182317000024 NAN))"
2158,Bromfield Street,5409500.000000000000000,5,2,,,PED,0.000817744261963,"MULTILINESTRING M ((-71.059489621999944 42.356390650000037 NAN, -71.060238957999957 42.356718066000042 NAN))"
2159,Beach Street,5347100.000000000000000,0,2,,,SLM,0.000699191309535,"MULTILINESTRING M ((-71.057430930999942 42.350661011000057 NAN, -71.058107849999942 42.350836080000079 NAN))"
2160,Beach Street,5651600.000000000000000,0,2,,,SLM,0.000559173549810,"MULTILINESTRING M ((-71.058550296999954 42.35092794500008 NAN, -71.05909599599994 42.351049960000068 NAN))"
2161,Court Street,5377100.000000000000000,3,2,,2020,SBL,0.000540735745018,"MULTILINESTRING M ((-71.058972237999967 42.35911346000006 NAN, -71.059308640999973 42.359220027000049 NAN, -71.059487726999976 42.359276758000078 NAN))"
2162,State Street,5330400.000000000000000,3,2,,2020,SBL,0.000661884868031,"MULTILINESTRING M ((-71.053504431999954 42.359364128000038 NAN, -71.054161572999988 42.359285025000077 NAN))"
2163,D Street,4553400.000000000000000,5,2,,2013,SLM,0.000615904713605,"MULTILINESTRING M ((-71.050840922999953 42.338803424000048 NAN, -71.050376910999944 42.339208432000078 NAN))"
2164,D Street,4551900.000000000000000,5,2,,2013,SLM,0.000609306111300,"MULTILINESTRING M ((-71.050376910999944 42.339208432000078 NAN, -71.049924138999984 42.339578592000066 NAN, -71.049905825999986 42.339594838000039 NAN))"
2165,D Street,4548700.000000000000000,5,2,,2013,SLM,0.000397009699563,"MULTILINESTRING M ((-71.049588544999949 42.339869314000055 NAN, -71.049288433999948 42.340129218000072 NAN))"
2166,A Street,5139200.000000000000000,5,2,,2023,BL,0.000582283366594,"MULTILINESTRING M ((-71.051126502999978 42.346935340000073 NAN, -71.051351457999942 42.34665091800008 NAN, -71.051497880999989 42.346487187000037 NAN))"
2167,A Street,5717900.000000000000000,5,2,,2013,SLM,0.000246216678141,"MULTILINESTRING M ((-71.049467934999939 42.349069898000039 NAN, -71.049379871999975 42.349175848000073 NAN, -71.049313810999934 42.349261852000041 NAN))"
2168,John F. Fitzgerald Surface Road,45230000.000000000000000,3,2,,2011,BL,0.000581246845708,"MULTILINESTRING M ((-71.052408014999969 42.359529538000061 NAN, -71.052244574999975 42.358971743000041 NAN))"
2169,Milk Street,5441000.000000000000000,5,2,,2011,SLM,0.001109141855817,"MULTILINESTRING M ((-71.053248368999959 42.358486654000046 NAN, -71.053192401999979 42.358504261000064 NAN, -71.052964999999972 42.358544434000066 NAN, -71.052750097999933 42.358584650000068 NAN, -71.052338381999959 42.358647241000028 NAN, -71.052156915999944 42.358680387000049 NAN))"
2170,Atlantic Avenue,45276500.000000000000000,3,2,,2011,BFBL,0.000705721901787,"MULTILINESTRING M ((-71.050897390999978 42.357343474000061 NAN, -71.050926767999954 42.357394007000039 NAN, -71.050994164999963 42.35747619600005 NAN, -71.051116468999965 42.35758687200007 NAN, -71.051209218999986 42.357687979000048 NAN, -71.051272290999975 42.357763848000047 NAN, -71.051339390999942 42.357886911000037 NAN))"
2171,Atlantic Avenue,45231600.000000000000000,3,2,,2011,BL,0.001110464089473,"MULTILINESTRING M ((-71.050922632999971 42.355583120000063 NAN, -71.050878675999968 42.355790828000067 NAN, -71.050834114999986 42.356083521000073 NAN, -71.050794044999975 42.35634166400007 NAN, -71.050770506999982 42.356681706000074 NAN))"
2172,Commercial Street,5149600.000000000000000,5,2,,2017,SBL,0.000217938757491,"MULTILINESTRING M ((-71.051296302999958 42.36618326200005 NAN, -71.051353117999952 42.366296716000079 NAN, -71.051401552999948 42.366373819000046 NAN))"
2173,Neponset Avenue,4887000.000000000000000,5,2,,2012,BL,0.000898218797337,"MULTILINESTRING M ((-71.045292056999983 42.28694119000005 NAN, -71.044592200999944 42.286652571000047 NAN, -71.044462449999969 42.286596911000061 NAN))"
2174,Maverick Street,5157100.000000000000000,5,2,,2015,BL,0.000490953827854,"MULTILINESTRING M ((-71.030240584999945 42.366357295000057 NAN, -71.030684904999987 42.366566138000053 NAN))"
2175,Maverick Street,4426400.000000000000000,5,2,,2015,BL,0.000747027261908,"MULTILINESTRING M ((-71.041627559999938 42.371317131000069 NAN, -71.041738198999951 42.37136427300004 NAN, -71.04231445399995 42.371610774000033 NAN))"
2176,Maverick Street,4426800.000000000000000,5,2,,2015,BL,0.000732788897170,"MULTILINESTRING M ((-71.040953722999973 42.371029167000074 NAN, -71.041627559999938 42.371317131000069 NAN))"
2177,Maverick Street,5621701.000000000000000,5,1,,2015,BL,0.000143659156940,"MULTILINESTRING M ((-71.037569321999968 42.369563218000053 NAN, -71.037701918999971 42.369618499000069 NAN))"
2178,Maverick Street,5640000.000000000000000,5,2,,2015,BL,0.000820731776559,"MULTILINESTRING M ((-71.033997882999984 42.368000133000066 NAN, -71.034754315999976 42.368318582000029 NAN))"
2179,Saratoga Street,4393900.000000000000000,5,2,,2012,BLSL,0.001557047306691,"MULTILINESTRING M ((-70.999304479999978 42.383972085000039 NAN, -70.999133644999972 42.383907758000078 NAN, -70.997838105999961 42.383448589000068 NAN))"
2180,American Legion Highway,6278900.000000000000000,5,2,1,2020,SBL,0.009702019760680,
2181,Faneuil Street,4483900.000000000000000,6,2,,2017,SLM,0.000535115756024,"MULTILINESTRING M ((-71.16290098099995 42.352446161000046 NAN, -71.162368726999944 42.352501429000029 NAN))"
2182,Maverick Street,4427900.000000000000000,5,2,,2015,BL,0.000742412795331,"MULTILINESTRING M ((-71.039617712999984 42.370442577000063 NAN, -71.040294641999935 42.370747444000074 NAN))"
2183,Meridian Street,5228800.000000000000000,5,2,,2013,BLSL,0.000851812796086,"MULTILINESTRING M ((-71.03905889899994 42.373323564000032 NAN, -71.039075345999947 42.374175218000062 NAN))"
2184,Meridian Street,5707500.000000000000000,5,2,,2013,BLSL,0.000944790730033,"MULTILINESTRING M ((-71.039030806999961 42.37237919100005 NAN, -71.03905889899994 42.373323564000032 NAN))"
2185,Meridian Street,5707401.000000000000000,5,2,,2013,BLSL,0.000231373369030,"MULTILINESTRING M ((-71.039024823999966 42.372147895000069 NAN, -71.039030806999961 42.37237919100005 NAN))"
2186,Chelsea Street,4427100.000000000000000,5,2,,2010,BL,0.000800248234487,"MULTILINESTRING M ((-71.037192492999964 42.371308785000053 NAN, -71.037790388999952 42.370776885000055 NAN))"
2187,Meridian Street,4397200.000000000000000,3,2,,2013,BLSL,0.000591956537282,"MULTILINESTRING M ((-71.039315259999967 42.382614387000046 NAN, -71.039316482999936 42.382654903000059 NAN, -71.039314360999981 42.383206321000046 NAN))"
2188,Meridian Street,4402700.000000000000000,3,2,,2013,BLSL,0.000363075866599,"MULTILINESTRING M ((-71.039270016999978 42.381013469000038 NAN, -71.039284720999945 42.381376247000048 NAN))"
2189,Meridian Street,4407400.000000000000000,3,2,,2013,BLSL,0.001128170331809,"MULTILINESTRING M ((-71.039215655999953 42.379426049000074 NAN, -71.039250740999933 42.38048045000005 NAN, -71.039252862999945 42.380553605000046 NAN))"
2190,Bennington Street,5823500.000000000000000,5,2,1,2008,SLM,0.000317696504308,"MULTILINESTRING M ((-71.022653545999958 42.380994605000069 NAN, -71.022354338999946 42.381101405000038 NAN))"
2191,Veterans Of Foreign Wars Parkway,5214700.000000000000000,2,3,1,2013,BL,0.000200052014990,"MULTILINESTRING M ((-71.171675168999968 42.278045193000025 NAN, -71.171611951999978 42.278234994000059 NAN))"
2192,Veterans Of Foreign Wars Parkway,6271700.000000000000000,2,3,1,2013,BL,0.002065646137922,"MULTILINESTRING M ((-71.170992582999986 42.280333332000055 NAN, -71.171027736999974 42.280223035000063 NAN, -71.171136437999962 42.279928100000063 NAN, -71.171437852999986 42.279140777000066 NAN, -71.171564023999963 42.278809952000074 NAN, -71.171644601999958 42.278604791000078 NAN, -71.171725164999941 42.278402201000063 NAN))"
2193,Baker Street,5129100.000000000000000,6,2,,2014,BL,0.001567330688320,"MULTILINESTRING M ((-71.171746475999953 42.288445497000055 NAN, -71.171792444999937 42.288557282000056 NAN, -71.171933702999979 42.288754064000045 NAN, -71.172067971999979 42.288913122000054 NAN, -71.172714083999949 42.289671217000034 NAN))"
2194,Commonwealth Avenue,6227800.000000000000000,3,2,1,2013,BL,0.000861468708598,"MULTILINESTRING M ((-71.159758490999934 42.340066942000078 NAN, -71.160617059999936 42.340137565000077 NAN))"
2195,Washington Street,5357600.000000000000000,3,2,,2010,BL,0.000287138807922,"MULTILINESTRING M ((-71.16242531599994 42.349003416000073 NAN, -71.162138226999957 42.348998068000071 NAN))"
2196,Lake Street,4511800.000000000000000,6,2,,2011,BL,0.001600541029121,"MULTILINESTRING M ((-71.161311572999978 42.347584999000048 NAN, -71.160841891999951 42.348354486000062 NAN, -71.160593492999965 42.348702616000026 NAN, -71.160437936999983 42.34892497900006 NAN))"
2197,Faneuil Street,4482800.000000000000000,6,2,,2017,SLM,0.000883167430998,"MULTILINESTRING M ((-71.161985528999935 42.352556009000068 NAN, -71.161601664999978 42.352593704000071 NAN, -71.16110606899997 42.352636694000068 NAN))"
2198,Veterans Of Foreign Wars Parkway,6218200.000000000000000,2,3,1,2013,SLM,0.000929669413331,"MULTILINESTRING M ((-71.167464842999948 42.291116357000078 NAN, -71.167617416999974 42.291034646000071 NAN, -71.167960725999933 42.290848218000065 NAN, -71.168281688999969 42.290672467000036 NAN))"
2199,Veterans Of Foreign Wars Parkway,4830700.000000000000000,2,3,1,2013,BL,0.000866670016008,"MULTILINESTRING M ((-71.164938780999933 42.292110291000029 NAN, -71.164158735999933 42.292487977000064 NAN))"
2200,Commonwealth Avenue,4550500.000000000000000,3,2,1,2013,SLM,0.000611414681346,"MULTILINESTRING M ((-71.166721983999935 42.33986539600005 NAN, -71.166117176999933 42.339955042000042 NAN))"
2201,Lake Street,4523700.000000000000000,6,2,,2011,BL,0.001031708851936,"MULTILINESTRING M ((-71.162892670999952 42.345428954000056 NAN, -71.162726670999973 42.345584890000055 NAN, -71.162462055999981 42.345919471000059 NAN, -71.162250089999986 42.346231699000043 NAN))"
2202,Washington Street,5819300.000000000000000,3,2,,2010,BL,0.000780708910704,"MULTILINESTRING M ((-71.169085434999943 42.351079557000048 NAN, -71.168956915999956 42.35102498100008 NAN, -71.168710099999942 42.350862219000078 NAN, -71.168425708999962 42.350666147000027 NAN))"
2203,Washington Street,5819400.000000000000000,3,2,,2010,BL,0.002241070727291,"MULTILINESTRING M ((-71.167606049999961 42.350612201000047 NAN, -71.167395048999936 42.350583270000072 NAN, -71.166644635999944 42.350508512000033 NAN, -71.16612708599996 42.350439490000042 NAN, -71.165549675999955 42.350320774000068 NAN, -71.165392293999957 42.350280927000028 NAN))"
2204,Summer Street,5842800.000000000000000,3,2,,2019,SBL,0.001809234396343,"MULTILINESTRING M ((-71.049356864999936 42.349819037000032 NAN, -71.050999898999976 42.350576512000032 NAN))"
2205,Neponset Avenue,6316000.000000000000000,3,3,1,,SUP,0.003094129436218,
2206,Summer Street,45265502.000000000000000,3,2,,2023,SBL,0.000054399103132,"MULTILINESTRING M ((-71.045482516999982 42.347974198000031 NAN, -71.045433830999968 42.347949930000027 NAN))"
2207, ,5897700.000000000000000,0, ,,2019,BL,0.001238402212610,"MULTILINESTRING M ((-71.036144298999943 42.314222070000028 NAN, -71.035706678999986 42.314580984000031 NAN, -71.035527246999948 42.314727681000079 NAN, -71.035212844999933 42.31500606600008 NAN, -71.035197574999984 42.315020073000028 NAN))"
2208, ,5898500.000000000000000,0, ,,2019,BL,0.001169919127143,"MULTILINESTRING M ((-71.034275256999933 42.313132490000044 NAN, -71.034059550999984 42.313299264000079 NAN, -71.033643898999969 42.313659953000069 NAN, -71.03343074299994 42.313933678000069 NAN))"
2209,Northern Avenue,5665800.000000000000000,0,2,1,2023,SBL,0.000606681932069,"MULTILINESTRING M ((-71.035643085999936 42.347289936000038 NAN, -71.036038689999941 42.347749893000071 NAN))"
2210,Centre Street,4916100.000000000000000,5,2,,2023,SBL,0.000644334003804,"MULTILINESTRING M ((-71.156763048999949 42.284578485000054 NAN, -71.156662170999937 42.284840959000064 NAN, -71.156577045999938 42.28499150600004 NAN, -71.156461425999964 42.285142523000047 NAN))"
2211,Faneuil Street,4467100.000000000000000,6,2,,2017,SLM,0.000843983230508,"MULTILINESTRING M ((-71.15670935299994 42.354743266000071 NAN, -71.156573311999978 42.354893659000027 NAN, -71.15640708899997 42.35508334900004 NAN, -71.156135310999957 42.355361626000047 NAN))"
2212,Antwerp St,5936600.000000000000000,0, ,,2014,BL,0.001555407003417,"MULTILINESTRING M ((-71.138970221999955 42.361335444000076 NAN, -71.138526918999958 42.362279139000066 NAN, -71.138634627999977 42.362780476000069 NAN))"
2213,Commonwealth Avenue Frontage Road Eb,5108400.000000000000000,0,2,1,2013,SLM,0.001641021278405,"MULTILINESTRING M ((-71.152215598999987 42.33904498000004 NAN, -71.151952420999976 42.339445191000038 NAN, -71.151844598999958 42.339585154000076 NAN, -71.151698850999935 42.33975309200008 NAN, -71.151565768999944 42.339907047000054 NAN, -71.151401174999933 42.340070291000075 NAN, -71.151148666999973 42.340279113000065 NAN))"
2214,Chestnut Hill Avenue,5125800.000000000000000,5,2,,2013,BL,0.000165700695197,"MULTILINESTRING M ((-71.153368652999973 42.344512726000062 NAN, -71.153296205999936 42.344661750000057 NAN))"
2215,Chestnut Hill Avenue,5761500.000000000000000,5,2,,2013,BLSL,0.000735651014794,"MULTILINESTRING M ((-71.153448387999958 42.346790847000079 NAN, -71.153362348999963 42.346650414000067 NAN, -71.153183148999972 42.34638579600005 NAN, -71.153032822999933 42.346184328000049 NAN))"
2216,Chestnut Hill Avenue,4525100.000000000000000,5,2,,2013,BL,0.000570518261508,"MULTILINESTRING M ((-71.153067902999965 42.34511629900004 NAN, -71.153016887999968 42.345214681000073 NAN, -71.152960479999933 42.345326843000066 NAN, -71.152930812999955 42.345407554000076 NAN, -71.15291175699997 42.34549223700003 NAN, -71.152910325999983 42.345653588000062 NAN))"
2217,Chestnut Hill Avenue,5761600.000000000000000,5,2,,2013,BL,0.000547525361435,"MULTILINESTRING M ((-71.152910325999983 42.345653588000062 NAN, -71.15293098799998 42.345860824000056 NAN, -71.152980520999961 42.346032426000079 NAN, -71.153032822999933 42.346184328000049 NAN))"
2218,Faneuil Street,5291000.000000000000000,6,2,,2017,SLM,0.002732071060526,"MULTILINESTRING M ((-71.15432932799996 42.355684817000053 NAN, -71.153550360999986 42.355621699000039 NAN, -71.152491385999951 42.355537481000056 NAN, -71.151928575999989 42.355485139000052 NAN, -71.15168112899994 42.355439937000028 NAN, -71.151611614999979 42.355423408000036 NAN))"
2219,Market Street,4472200.000000000000000,5,2,,2013,BL,0.000352848717314,"MULTILINESTRING M ((-71.150533504999942 42.353894711000066 NAN, -71.150359034999951 42.354201407000062 NAN))"
2220,Market Street,5273800.000000000000000,5,2,,2013,BL,0.000499084964948,"MULTILINESTRING M ((-71.150359034999951 42.354201407000062 NAN, -71.150087566999957 42.354620204000071 NAN))"
2221,Market Street,4466400.000000000000000,5,2,,2013,BLSL,0.000274744978891,"MULTILINESTRING M ((-71.149809350999988 42.355035311000051 NAN, -71.149965173999988 42.354809028000034 NAN))"
2222,Centre Street,4877800.000000000000000,5,2,,2010,BL,0.000600187045040,"MULTILINESTRING M ((-71.146497677999946 42.287670837000064 NAN, -71.146128441999963 42.287803052000072 NAN, -71.145933095999965 42.287874474000034 NAN))"
2223,Commonwealth Avenue Frontage Road Wb,5789000.000000000000000,0,2,1,2013,BL,0.000209503027674,"MULTILINESTRING M ((-71.148633644999961 42.341822810000053 NAN, -71.148840517999986 42.34178971800003 NAN))"
2224,Commonwealth Avenue Frontage Road Wb,5310000.000000000000000,0,2,1,2013,BL,0.002739019842087,"MULTILINESTRING M ((-71.143587169999932 42.343233109000039 NAN, -71.143655359999968 42.343145543000048 NAN, -71.143820089999963 42.34298625200006 NAN, -71.144075114999964 42.342752404000066 NAN, -71.144358305999958 42.342534958000044 NAN, -71.144726201999958 42.34232621600006 NAN, -71.145122001999937 42.342146816000025 NAN, -71.145478046999983 42.342021877000036 NAN, -71.145924105999939 42.341905650000058 NAN))"
2225,Market Street,5442700.000000000000000,5,2,,2013,SLM,0.000829177690012,"MULTILINESTRING M ((-71.149535738999987 42.355465859000049 NAN, -71.149082411999984 42.356160143000068 NAN))"
2226,Cambridge Street,5193300.000000000000000,3,2,,2010,BL,0.001046888725820,"MULTILINESTRING M ((-71.144962649999968 42.351081429000033 NAN, -71.144549370999982 42.351256535000061 NAN, -71.144292039999982 42.351354207000043 NAN, -71.143981290999989 42.351441586000078 NAN))"
2227,Centre Street,4838200.000000000000000,5,2,,2019,BFBL,0.000763739181006,"MULTILINESTRING M ((-71.139746368999965 42.291307892000077 NAN, -71.139161913999942 42.291799532000027 NAN))"
2228,Cambridge Street,5193500.000000000000000,3,2,,2010,BL,0.000669240757812,"MULTILINESTRING M ((-71.142789706999963 42.351681534000079 NAN, -71.142428221999978 42.351785068000027 NAN, -71.142151922999972 42.351883239000074 NAN))"
2229,Cummins Highway,5154700.000000000000000,3,2,,2012,BL,0.000505290017309,"MULTILINESTRING M ((-71.122433658999967 42.281834583000034 NAN, -71.122013307999964 42.281554185000061 NAN))"
2230,Washington Street,5705400.000000000000000,3,2,,2009,BL-PEAKBUS,0.000758015336120,"MULTILINESTRING M ((-71.121393181999963 42.29278163400005 NAN, -71.120843056999945 42.293303122000054 NAN))"
2231,Centre Street,5822200.000000000000000,5,2,1,2010,BL,0.002956146602400,"MULTILINESTRING M ((-71.135877939999943 42.294467940000061 NAN, -71.135633845999962 42.294626591000053 NAN, -71.134767773999954 42.295345206000036 NAN, -71.134166387999983 42.295832432000054 NAN, -71.134075967999934 42.295905694000055 NAN, -71.133862368999985 42.296078882000074 NAN, -71.133563014999936 42.296303563000038 NAN))"
2232,Centre Street,6238400.000000000000000,2,3,1,2011,BL,0.001674816144953,"MULTILINESTRING M ((-71.130396169999983 42.297997799000029 NAN, -71.130612327999984 42.297875267000052 NAN, -71.130873098999984 42.297738811000045 NAN, -71.131302289999951 42.297542121000049 NAN, -71.131907602999945 42.297298167000065 NAN, -71.131914809999955 42.297297066000056 NAN))"
2233,Cambridge Street,4470700.000000000000000,3,2,,2015,BLSL,0.000315800247021,"MULTILINESTRING M ((-71.136010930999987 42.354160451000041 NAN, -71.13571946199994 42.354282006000062 NAN))"
2234,Brighton Avenue,5261900.000000000000000,3,2,1,2019,SLM,0.000397087720460,"MULTILINESTRING M ((-71.134435394999969 42.353231184000038 NAN, -71.134039901999984 42.353195632000052 NAN))"
2235,Cambridge Street,4464400.000000000000000,3,2,,2015,SLM,0.000554986604172,"MULTILINESTRING M ((-71.133275396999977 42.355324761000077 NAN, -71.132766395999965 42.35554595800005 NAN))"
2236,Harvard Avenue,5842200.000000000000000,3,2,,2010,BLSL,0.000156053669629,"MULTILINESTRING M ((-71.132405602999938 42.354226491000077 NAN, -71.132366568999942 42.354075398000077 NAN))"
2237,Brighton Avenue,6256100.000000000000000,3,2,1,2013,SLM,0.001953167558791,"MULTILINESTRING M ((-71.130167593999943 42.352836202000049 NAN, -71.132106748999945 42.353069743000049 NAN))"
2238,Franklin Street,4450800.000000000000000,0,2,,2010,SLM,0.000388938257914,"MULTILINESTRING M ((-71.133083446999933 42.358564620000038 NAN, -71.133113440999978 42.358952400000078 NAN))"
2239,Franklin Street,4456700.000000000000000,0,2,,2010,SLM,0.000740047273356,"MULTILINESTRING M ((-71.132947754999975 42.356976866000025 NAN, -71.132961935999958 42.357050063000031 NAN, -71.132981910999945 42.357333716000028 NAN, -71.133012515999951 42.357713619000037 NAN))"
2240,Cambridge Street,5104400.000000000000000,3,2,,2022,SBLBL,0.000881684360800,"MULTILINESTRING M ((-71.132217041999979 42.35579178100005 NAN, -71.131396335999966 42.356113975000028 NAN))"
2241,Western Avenue,5638800.000000000000000,5,2,,2015,BLSL,0.000942866403803,"MULTILINESTRING M ((-71.133585686999936 42.363404599000035 NAN, -71.133336890999942 42.363400529000046 NAN, -71.133088646999965 42.363391298000067 NAN, -71.132645902999968 42.363340738000034 NAN))"
2242,Cummins Highway,5311400.000000000000000,3,2,,2012,BL,0.000822356817413,"MULTILINESTRING M ((-71.128128133999951 42.286457075000044 NAN, -71.127437025999939 42.286011384000062 NAN))"
2243,Centre Street,5115900.000000000000000,2,3,1,2011,BL,0.002672884176346,"MULTILINESTRING M ((-71.129724875999955 42.298246598000048 NAN, -71.129644089999942 42.298322861000031 NAN, -71.129358560999947 42.298608348000073 NAN, -71.128742908999982 42.299190992000035 NAN, -71.128454084999987 42.299488848000067 NAN, -71.128192681999963 42.299731081000061 NAN, -71.127860219999945 42.300068741000075 NAN, -71.127814122999951 42.30011490000004 NAN))"
2244,Centre Street,5686200.000000000000000,2,3,1,2011,BL,0.000969371034802,"MULTILINESTRING M ((-71.125296300999935 42.302839885000026 NAN, -71.125245080999946 42.302908560000049 NAN, -71.125032035999936 42.303204401000073 NAN, -71.124911640999983 42.303406012000039 NAN, -71.124823942999967 42.303591415000028 NAN, -71.124794575999942 42.303664979000075 NAN))"
2245,Centre Street,4737700.000000000000000,5,2,,2011,SLM,0.000660469566023,"MULTILINESTRING M ((-71.119130275999964 42.308824796000067 NAN, -71.118873315999963 42.308789058000059 NAN, -71.118649424999944 42.308768619000034 NAN, -71.118473413999936 42.308760158000041 NAN))"
2246,Centre Street,4737800.000000000000000,5,2,,2011,SLM,0.000477770150778,"MULTILINESTRING M ((-71.118473413999936 42.308760158000041 NAN, -71.118393438999988 42.308759893000058 NAN, -71.118254424999975 42.308775185000059 NAN, -71.117999293999958 42.308813163000025 NAN))"
2247,Walk Hill Street,5168400.000000000000000,5,2,,2015,BL,0.000572371420941,"MULTILINESTRING M ((-71.10495911199996 42.28636417000007 NAN, -71.105401995999955 42.286726748000035 NAN))"
2248,Centre Street,5686300.000000000000000,2,3,1,2011,BL,0.002474152925518,
2249,Perkins Street,5150200.000000000000000,5,3,1,2008,BL,0.001566064219241,"MULTILINESTRING M ((-71.125844529999938 42.318613375000041 NAN, -71.125839208999935 42.318615049000073 NAN, -71.125646892999953 42.318634115000066 NAN, -71.125406390999956 42.318692979000048 NAN, -71.125136450999946 42.318792254000073 NAN, -71.124649704999968 42.318981416000042 NAN, -71.124357380999982 42.319083995000028 NAN))"
2250,Brighton Avenue,5247100.000000000000000,3,2,1,2019,SLM,0.000896563862021,"MULTILINESTRING M ((-71.13019342299998 42.35273275000003 NAN, -71.129302862999964 42.352629166000042 NAN))"
2251,Western Avenue,5151700.000000000000000,5,2,,2021,SBL,0.001869646800753,"MULTILINESTRING M ((-71.128018109999971 42.363348005000034 NAN, -71.127110423999966 42.363421023000058 NAN, -71.126562563999983 42.363463133000039 NAN, -71.126154890999942 42.363502326000059 NAN))"
2252,North Harvard Street,5638700.000000000000000,5,2,,2009,BL,0.001390978599543,"MULTILINESTRING M ((-71.126627490999965 42.365503963000037 NAN, -71.126453586999958 42.365631343000075 NAN, -71.12631132599995 42.365759171000036 NAN, -71.126268311999979 42.365783232000069 NAN, -71.126160406999986 42.365874596000026 NAN, -71.125946164999959 42.366049455000052 NAN, -71.125573576999955 42.366407795000043 NAN))"
2253,North Harvard Street,5860400.000000000000000,5,2,,2009,BL,0.000321130011618,"MULTILINESTRING M ((-71.125213598999949 42.366787686000066 NAN, -71.12498478699996 42.367013007000025 NAN))"
2254,Centre Street,4902300.000000000000000,5,2,,2023,SBL,0.001115539092665,"MULTILINESTRING M ((-71.155871923999939 42.285688814000025 NAN, -71.155680615999984 42.285822162000045 NAN, -71.155477044999941 42.285944221000079 NAN, -71.15517387899996 42.286057535000054 NAN, -71.154872979999936 42.286170294000044 NAN))"
2255,Centre Street,4882200.000000000000000,5,2,,2023,SBL,0.000966708089865,"MULTILINESTRING M ((-71.151032251999936 42.287405044000025 NAN, -71.150622988999942 42.287343590000035 NAN, -71.150071920999949 42.28729915100007 NAN))"
2256,Winship Street,5266200.000000000000000,5,2,,2024,SBLSL,0.000626330351200,"MULTILINESTRING M ((-71.151491938999982 42.347642311000072 NAN, -71.151157540999975 42.348171903000036 NAN))"
2257,Winship Street,5266100.000000000000000,5,2,,2024,SBLSL,0.001011748882971,"MULTILINESTRING M ((-71.151157540999975 42.348171903000036 NAN, -71.150802848999945 42.348734068000056 NAN, -71.150696894999953 42.348895801000026 NAN, -71.150610221999955 42.349022723000076 NAN))"
2258,Washington Street,5143700.000000000000000,3,2,,2023,BL-PEAKBUS,0.000956183802217,"MULTILINESTRING M ((-71.130348239999933 42.284401549000052 NAN, -71.129961711999954 42.284761993000075 NAN, -71.129650436999952 42.285055271000033 NAN))"
2259,Washington Street,5530900.000000000000000,3,2,1,2016,BFBL,0.000425700680346,"MULTILINESTRING M ((-71.140653120999957 42.27518802700007 NAN, -71.140308473999937 42.275437906000036 NAN))"
2260,Washington Street,5531000.000000000000000,3,2,1,2016,BFBL,0.000186566889071,"MULTILINESTRING M ((-71.140308473999937 42.275437906000036 NAN, -71.140269197999942 42.275482800000077 NAN, -71.140175858999953 42.275568799000041 NAN))"
2261,Washington Street,5857700.000000000000000,3,2,,2016,BFBL,0.000648791572371,"MULTILINESTRING M ((-71.139140981999958 42.276485913000045 NAN, -71.138649288999943 42.276909196000076 NAN))"
2262,Mount Hope Street,4915500.000000000000000,0,2,,2021,CFBL,0.000781205842213,"MULTILINESTRING M ((-71.118859965999945 42.284940795000068 NAN, -71.118532554999945 42.284758929000077 NAN, -71.118193471999973 42.284534413000074 NAN))"
2263,American Legion Highway,5701000.000000000000000,5,2,1,2009,SLM,0.000999121179145,"MULTILINESTRING M ((-71.120078533999958 42.272601589000033 NAN, -71.119688509999946 42.272525959000063 NAN, -71.119087297999954 42.272498646000031 NAN))"
2264,Centre Street,6235400.000000000000000,2,3,1,2011,BL,0.000061947088934,"MULTILINESTRING M ((-71.122595695999962 42.308451794000064 NAN, -71.12263171099994 42.308401392000064 NAN))"
2265,South Street,5167100.000000000000000,5,2,,2010,SLM,0.000405380212069,"MULTILINESTRING M ((-71.11544986399997 42.30726271900005 NAN, -71.115477620999968 42.307396912000058 NAN, -71.115506324999956 42.307663719000061 NAN))"
2266,South Street,4739200.000000000000000,5,2,,2010,BL,0.000823987448153,"MULTILINESTRING M ((-71.115555932999939 42.308482596000033 NAN, -71.11557927399997 42.30894519900005 NAN, -71.115577722999944 42.309200655000041 NAN, -71.115582201999985 42.30930589500008 NAN))"
2267,Centre Street,4706200.000000000000000,5,2,,2010,SLM,0.000202566808631,"MULTILINESTRING M ((-71.114101295999944 42.31303547400006 NAN, -71.114100439999959 42.313238039000055 NAN))"
2268,Perkins Street,5849700.000000000000000,5,2,,2010,SLM,0.000757214813761,"MULTILINESTRING M ((-71.116570431999946 42.321029926000051 NAN, -71.116321218999985 42.321020654000051 NAN, -71.115990520999958 42.321039809000069 NAN, -71.115814771999965 42.321056890000079 NAN))"
2269,Perkins Street,4647700.000000000000000,5,2,,2010,SLM,0.001080567499069,"MULTILINESTRING M ((-71.113882023999963 42.321329280000043 NAN, -71.113213388999952 42.321433940000077 NAN, -71.112815832999956 42.321504625000046 NAN))"
2270,Chestnut Street,5333300.000000000000000,5,3,1,2007,BL,0.000236899588123,"MULTILINESTRING M ((-71.119549432999975 42.32182871100008 NAN, -71.119515988999979 42.322063238000055 NAN))"
2271,Commonwealth Avenue,6275700.000000000000000,3,2,1,2019,SBL,0.001299058237722,"MULTILINESTRING M ((-71.119972090999966 42.351718695000045 NAN, -71.121261035999964 42.351880476000076 NAN))"
2272,Commonwealth Avenue,6305800.000000000000000,3,2,1,2019,SBL,0.000275053092067,"MULTILINESTRING M ((-71.118550016999961 42.35136917400007 NAN, -71.118277173999957 42.351334376000068 NAN))"
2273,Cambridge Street,6265100.000000000000000,3,2,1,2018,SBL,0.000540740375170,"MULTILINESTRING M ((-71.117920086999959 42.360940955000046 NAN, -71.118448271999966 42.360825107000039 NAN))"
2274,American Legion Highway,6291400.000000000000000,5,2,1,2009,SLM,0.000436511367464,"MULTILINESTRING M ((-71.11597599299995 42.277624329000048 NAN, -71.115924706999976 42.277465106000079 NAN, -71.115872016999958 42.277282617000026 NAN, -71.115853731999948 42.277205465000065 NAN))"
2275,American Legion Highway,6222600.000000000000000,5,2,1,2020,SBL,0.006066324405588,"MULTILINESTRING M ((-71.109961049999981 42.28582738700004 NAN, -71.110450955999966 42.285521261000042 NAN, -71.110883033999983 42.285253197000031 NAN, -71.111721600999942 42.284716980000042 NAN, -71.112495557999978 42.284180535000075 NAN, -71.113330620999989 42.283593087000042 NAN, -71.11426370099997 42.282959825000034 NAN, -71.114671394999959 42.282677031000048 NAN, -71.114985085999933 42.282431631000065 NAN))"
2276,Walk Hill Street,4802100.000000000000000,5,2,,2014,SLM,0.000789411344661,"MULTILINESTRING M ((-71.115856358999963 42.295419701000071 NAN, -71.11591697199998 42.295704065000052 NAN, -71.115956843999982 42.295846557000061 NAN, -71.116026184999953 42.295941880000044 NAN, -71.116112973999975 42.29600294100004 NAN, -71.11621618199996 42.296076435000032 NAN))"
2277,Washington Street,5705600.000000000000000,3,2,,2018,SBLBL,0.001597118732954,"MULTILINESTRING M ((-71.115835181999955 42.298298612000053 NAN, -71.115541686999961 42.29875088600005 NAN, -71.115253475999964 42.299256033000063 NAN, -71.11503116199998 42.299677355000028 NAN))"
2278,Walk Hill Street,5690400.000000000000000,5,2,,2014,SLM,0.001642501930947,"MULTILINESTRING M ((-71.115368806999982 42.294580794000069 NAN, -71.115092265999976 42.294409370000039 NAN, -71.114732611999955 42.294196034000038 NAN, -71.114234734999968 42.293905143000075 NAN, -71.114000549999957 42.293749052000067 NAN, -71.113969176999944 42.293722800000069 NAN))"
2279,Washington Street,4776200.000000000000000,3,2,,2018,SBL,0.000441719427425,"MULTILINESTRING M ((-71.114671478999981 42.30056826100008 NAN, -71.114608954999937 42.30100553300008 NAN))"
2280,South Street,5735900.000000000000000,5,2,,2010,SLM,0.000711334754918,"MULTILINESTRING M ((-71.114450517999956 42.302340981000043 NAN, -71.114472915999954 42.302524622000078 NAN, -71.114541489999965 42.302870904000031 NAN, -71.114584811999975 42.303038729000036 NAN))"
2281,American Legion Highway,5120400.000000000000000,5,2,1,2020,SBL,0.002771526862053,"MULTILINESTRING M ((-71.100114901999973 42.290300108000054 NAN, -71.099854682999933 42.290372914000045 NAN, -71.099643499999956 42.290451517000065 NAN, -71.098255386999938 42.290885006000053 NAN, -71.097470955999938 42.291129844000068 NAN))"
2282,Beacon Street,5457700.000000000000000,3,2,,2010,BL,0.002192671934375,"MULTILINESTRING M ((-71.092875361999972 42.34998455300007 NAN, -71.093180589999974 42.349893955000027 NAN, -71.093633136999983 42.349766701000078 NAN, -71.094891685999983 42.34939808200005 NAN, -71.094981110999981 42.349373423000031 NAN))"
2283,Beacon Street,5113600.000000000000000,3,3,,2019,BFBL,0.000299427486550,"MULTILINESTRING M ((-71.091648917999976 42.350283739000076 NAN, -71.091939959999934 42.350213373000031 NAN))"
2284,Arborway,5763600.000000000000000,0,3,1,2018,SBL,0.000262407841197,"MULTILINESTRING M ((-71.107209614999988 42.30051706100005 NAN, -71.106990000999986 42.300373438000065 NAN))"
2285,Williams Street,5185800.000000000000000,0,2,,2017,SLMTC,0.001387449944218,"MULTILINESTRING M ((-71.107332915999962 42.306373416000042 NAN, -71.107083488999933 42.306133984000041 NAN, -71.106702282999947 42.305771735000064 NAN, -71.106521302999965 42.305599756000049 NAN, -71.106316553999989 42.305429687000071 NAN))"
2286,Washington Street,4647500.000000000000000,3,2,,2016,SLM,0.000470434483905,"MULTILINESTRING M ((-71.09247656399998 42.321316145000026 NAN, -71.092226746999984 42.321489692000057 NAN, -71.09209003999996 42.32158430100003 NAN))"
2287,Centre Street,6288800.000000000000000,5,2,1,2010,SLM,0.000327564579132,"MULTILINESTRING M ((-71.110036418999982 42.321855904000074 NAN, -71.110091700999988 42.321533038000041 NAN))"
2288,Perkins Street,5827800.000000000000000,5,2,1,2010,SLM,0.000397574767191,"MULTILINESTRING M ((-71.109938769999985 42.322034012000074 NAN, -71.110319274999938 42.321918766000067 NAN))"
2289,Centre Street,4638600.000000000000000,5,2,,2010,BLSL,0.000681624137008,"MULTILINESTRING M ((-71.105834740999967 42.322641713000053 NAN, -71.105156631999932 42.322710848000042 NAN))"
2290,Brookline Avenue,4570700.000000000000000,2,2,,2023,BLSL,0.000229021028349,"MULTILINESTRING M ((-71.109991948999948 42.336371872000029 NAN, -71.109832426999958 42.336536199000079 NAN))"
2291,Huntington Avenue,5745500.000000000000000,3,2,,2013,SLM,0.000827605717728,"MULTILINESTRING M ((-71.107882915999937 42.333264879000069 NAN, -71.107055349999939 42.333272987000043 NAN))"
2292,Brookline Avenue,4566900.000000000000000,2,2,,2023,SBL,0.001400541585107,"MULTILINESTRING M ((-71.108310542999959 42.337964256000078 NAN, -71.109334083999954 42.337008285000024 NAN))"
2293,Brookline Avenue,5674900.000000000000000,2,2,,2023,BL,0.000715840424261,"MULTILINESTRING M ((-71.107576091999988 42.338642016000051 NAN, -71.108100714999978 42.338154986000063 NAN))"
2294,Longwood Avenue,4553900.000000000000000,5,2,,2015,BLSL,0.001166166810263,"MULTILINESTRING M ((-71.108284408999964 42.339524305000054 NAN, -71.10728332399998 42.338926163000053 NAN))"
2295,Brookline Avenue,6298300.000000000000000,2,2,,2013,SBL,0.000685158782837,"MULTILINESTRING M ((-71.105041014999983 42.34102692600004 NAN, -71.104554854999947 42.341509721000079 NAN))"
2296,Longwood Avenue,5196900.000000000000000,5,2,,2015,BLSL,0.000650710729811,"MULTILINESTRING M ((-71.105144734999953 42.337775541000042 NAN, -71.104550612999958 42.337546171000042 NAN, -71.104541082999958 42.337556221000057 NAN))"
2297,Commonwealth Avenue,5176600.000000000000000,3,2,1,2008,BL,0.000512000251757,"MULTILINESTRING M ((-71.109393392999948 42.350257789000068 NAN, -71.108884118999981 42.350205023000058 NAN))"
2298,Park Drive,5655500.000000000000000,2,2,,2015,BL,0.000571265471359,"MULTILINESTRING M ((-71.106001507999963 42.348412606000068 NAN, -71.105917715999965 42.348286281000071 NAN, -71.10572579799998 42.347913057000028 NAN))"
2299,Beacon Street,5612700.000000000000000,3,2,1,2018,BFBL,0.000981730050082,"MULTILINESTRING M ((-71.105999908999934 42.34626372200006 NAN, -71.105386157999988 42.346435219000057 NAN, -71.105066858999976 42.346564475000037 NAN))"
2300,River Street,5858201.000000000000000,5,2,,2013,SLM,0.000707069334383,"MULTILINESTRING M ((-71.10028946999995 42.264497861000052 NAN, -71.100017158999947 42.264647858000046 NAN, -71.099676310999939 42.264849801000025 NAN))"
2301,River Street,5048800.000000000000000,5,2,,2013,SLM,0.000621559957625,"MULTILINESTRING M ((-71.099676310999939 42.264849801000025 NAN, -71.09912750999996 42.265141613000026 NAN))"
2302,Tremont Street,4588100.000000000000000,5,2,,2015,SLM,0.000721253391828,"MULTILINESTRING M ((-71.103327883999953 42.33368480300004 NAN, -71.102675801999965 42.333467569000049 NAN, -71.10264402699994 42.333455645000072 NAN))"
2303,Longwood Avenue,5196800.000000000000000,5,2,,2015,BLSL,0.000426917114106,"MULTILINESTRING M ((-71.102032856999983 42.336578109000072 NAN, -71.101630667999984 42.33643492300007 NAN))"
2304,Longwood Avenue,5745200.000000000000000,5,2,,2015,BLSL,0.000695319441136,"MULTILINESTRING M ((-71.101630667999984 42.33643492300007 NAN, -71.100980878999962 42.336187449000079 NAN))"
2305,Longwood Avenue,4566700.000000000000000,5,2,,2015,BLSL,0.000331096355483,"MULTILINESTRING M ((-71.10340331499998 42.337121898000078 NAN, -71.103098289999934 42.336993117000077 NAN))"
2306,Beacon Street,6235200.000000000000000,3,2,1,2020,SBL,0.000707407101678,"MULTILINESTRING M ((-71.101874888999987 42.347571874000039 NAN, -71.102557660999935 42.34738681400006 NAN))"
2307,Beacon Street,6283200.000000000000000,3,2,1,2020,SBL,0.003324988823211,"MULTILINESTRING M ((-71.098669926999946 42.348456984000052 NAN, -71.099488722999979 42.348239310000054 NAN, -71.101874888999987 42.347571874000039 NAN))"
2308,Blue Hill Avenue,6233500.000000000000000,2,2,1,2010,SLM,0.001239214210518,"MULTILINESTRING M ((-71.093782764999958 42.269925961000069 NAN, -71.093843925999977 42.268688257000065 NAN))"
2309,Blue Hill Avenue,5298201.000000000000000,2,2,1,2010,BL,0.000623412482160,"MULTILINESTRING M ((-71.093569292999973 42.271208473000058 NAN, -71.093548183999985 42.271831528000064 NAN))"
2310,Blue Hill Avenue,4988200.000000000000000,2,2,1,2010,BL,0.000884126624674,"MULTILINESTRING M ((-71.093402030999982 42.276128842000048 NAN, -71.093394628999988 42.276367395000079 NAN, -71.093384042999958 42.277012767000031 NAN))"
2311,Walk Hill Street,5584000.000000000000000,5,2,,2014,SLM,0.000208309809472,"MULTILINESTRING M ((-71.093577019999941 42.277256530000045 NAN, -71.093375428999934 42.277204051000069 NAN))"
2312,Norfolk Street,5145900.000000000000000,5,2,,2017,BL,0.000728856858742,"MULTILINESTRING M ((-71.092627301999983 42.276510976000054 NAN, -71.092548747999956 42.276560779000079 NAN, -71.092470035999952 42.276635337000073 NAN, -71.092368618999956 42.276764394000054 NAN, -71.092205218999936 42.276959071000078 NAN, -71.092125542999952 42.27703364000007 NAN))"
2313,Walk Hill Street,4964100.000000000000000,5,2,,2014,SLM,0.002436409885709,"MULTILINESTRING M ((-71.096283380999978 42.279478574000052 NAN, -71.096326080999972 42.279526553000039 NAN, -71.096807813999988 42.279971643000067 NAN, -71.097096808999936 42.280282138000075 NAN, -71.097564152999951 42.280846464000035 NAN, -71.097928585999966 42.281270884000037 NAN))"
2314,Walnut Avenue,4728400.000000000000000,6,2,,2011,SLM,0.000406000134785,"MULTILINESTRING M ((-71.097926277999989 42.310044487000027 NAN, -71.097903921999944 42.31022222100006 NAN, -71.097866872999987 42.310446041000034 NAN))"
2315,Walnut Avenue,4725800.000000000000000,6,2,,2011,SLM,0.000630431046303,"MULTILINESTRING M ((-71.097866872999987 42.310446041000034 NAN, -71.097863727999936 42.310941190000051 NAN, -71.097848657999975 42.311075620000054 NAN))"
2316,Seaver Street,6228800.000000000000000,3,2,1,2016,SUP,0.004794728443748,
2317,Commonwealth Avenue,5446200.000000000000000,3,2,1,2010,SLM,0.002096140745472,"MULTILINESTRING M ((-71.090628844999969 42.348870516000034 NAN, -71.088533016999975 42.348906724000074 NAN))"
2318,Commonwealth Avenue,5230900.000000000000000,3,2,1,2010,BFBL,0.003854183977914,
2319,Commonwealth Avenue,5451000.000000000000000,3,2,1,2010,BL,0.001781202018546,"MULTILINESTRING M ((-71.088533016999975 42.348906724000074 NAN, -71.088365414999942 42.348938322000038 NAN, -71.088073522999935 42.349013158000048 NAN, -71.086815652999974 42.349376570000061 NAN))"
2320,Forsyth Way,6255900.000000000000000,5,2,1,2011,BL,0.000537519327733,"MULTILINESTRING M ((-71.092525252999963 42.339576099000055 NAN, -71.092842202999975 42.340010230000075 NAN))"
2321,Huntington Avenue,6261700.000000000000000,3,2,1,2012,SLM,0.002467687001403,"MULTILINESTRING M ((-71.092461774999947 42.339041204000068 NAN, -71.093271133999963 42.338729532000059 NAN, -71.093823197999939 42.338505287000032 NAN, -71.094753568999977 42.338126507000027 NAN))"
2322,Hemenway Street,5589700.000000000000000,5,2,1,2011,BL,0.000567668839636,"MULTILINESTRING M ((-71.092621905999977 42.339542553000058 NAN, -71.092544959999941 42.339461264000079 NAN, -71.092465831999959 42.339346202000058 NAN, -71.092431008999938 42.339236890000052 NAN, -71.092426491999959 42.339150270000061 NAN, -71.092461774999947 42.339041204000068 NAN))"
2323,Eliot Street,5219400.000000000000000,0,2,,2023,CFBL,0.000664347122650,"MULTILINESTRING M ((-71.11732236499995 42.311512325000081 NAN, -71.116857047999986 42.311038155000062 NAN))"
2324,Truman Highway,6286800.000000000000000,5,3,,2018,BFBL,0.000937094865584,"MULTILINESTRING M ((-71.117733702999942 42.253319150000038 NAN, -71.117931288999955 42.253064520000066 NAN, -71.118337200999974 42.252602774000025 NAN))"
2325,Cummins Highway,5162000.000000000000000,3,2,,2020,SBL,0.001379422160025,"MULTILINESTRING M ((-71.112495257999967 42.27621004000008 NAN, -71.111860591999971 42.275886039000056 NAN, -71.111332330999971 42.275633294000045 NAN, -71.111263072999975 42.275590855000075 NAN))"
2326,Mount Hope Street,5218600.000000000000000,0,2,,2021,CFBL,0.001213911864953,"MULTILINESTRING M ((-71.116007122999974 42.283086621000052 NAN, -71.115725560999977 42.282907894000061 NAN, -71.114985085999933 42.282431631000065 NAN))"
2327,Arborway,6241200.000000000000000,0,3,1,,BL,0.003524394836310,
2328,Franklin Park Service Road,5365200.000000000000000,0,2,,,SUP,0.002429824933505,
2329,Green Street,5212100.000000000000000,6,2,,2023,BFBL,0.000213087984487,"MULTILINESTRING M ((-71.108589187999939 42.311156595000057 NAN, -71.108787134999943 42.311235484000065 NAN))"
2330,Boylston Street,4672900.000000000000000,6,2,,2023,CFBL,0.000515869973913,"MULTILINESTRING M ((-71.106673523999973 42.317276572000026 NAN, -71.106987991999972 42.317426761000036 NAN, -71.107136879999985 42.317503231000046 NAN))"
2331,Brookline Avenue,4575700.000000000000000,2,2,,2019,BLSL,0.001036444394687,"MULTILINESTRING M ((-71.110808221999946 42.33559512100004 NAN, -71.110796583999957 42.335606535000068 NAN, -71.110063392999962 42.336315847000037 NAN))"
2332,Brookline Avenue,5598100.000000000000000,2,2,,2019,BLSL,0.000251257357285,"MULTILINESTRING M ((-71.110180019999973 42.336205260000042 NAN, -71.109991948999948 42.336371872000029 NAN))"
2333,Fenway Connector To Park Drive,6254200.000000000000000,3,3,1,2019,BL,0.000790013267140,"MULTILINESTRING M ((-71.099803039999983 42.339590292000025 NAN, -71.099994862999949 42.339810964000037 NAN, -71.100101422999956 42.339931188000037 NAN, -71.100159758999951 42.340031550000049 NAN, -71.100169982999944 42.340123862000041 NAN, -71.100136964999933 42.340247541000053 NAN))"
2334,Fenway,5273300.000000000000000,3,3,,2019,BLSL,0.000949989090194,"MULTILINESTRING M ((-71.099803039999983 42.339590292000025 NAN, -71.099544622999986 42.339407081000047 NAN, -71.098988900999984 42.339103544000068 NAN))"
2335,Brookline Avenue,5354400.000000000000000,3,2,,2019,BLSL,0.000543367216006,"MULTILINESTRING M ((-71.099347223999985 42.346447238000053 NAN, -71.098955142999955 42.346823430000029 NAN))"
2336, ,6073500.000000000000000,0,2,,,SUP,0.011358234900326,
2337,Walnut Entrance,5312900.000000000000000,0,2,,,SUP,0.000529582718811,"MULTILINESTRING M ((-71.096328239999934 42.311395804000028 NAN, -71.096132245999968 42.311211678000063 NAN, -71.095904055999938 42.311085677000051 NAN))"
2338,Washington Street,5162500.000000000000000,3,2,,2016,SLM,0.000187917659323,"MULTILINESTRING M ((-71.098435809999955 42.315671168000051 NAN, -71.098304559999974 42.31580565400003 NAN))"
2339,Washington Street,4672000.000000000000000,3,2,,2016,SLM,0.000522840698688,"MULTILINESTRING M ((-71.096799567999938 42.31733463900008 NAN, -71.096421398999951 42.317695680000043 NAN))"
2340,Fuller Street,4955100.000000000000000,0,2,,2021,SLMTC,0.002861604450536,"MULTILINESTRING M ((-71.075736172999939 42.281046447000051 NAN, -71.076038961999984 42.280980039000042 NAN, -71.076598617999935 42.280857189000074 NAN, -71.077642646999948 42.28062357500005 NAN, -71.078529940999942 42.280427079000049 NAN))"
2341,Norfolk Street,4957700.000000000000000,5,2,,2017,BL,0.000640179028980,"MULTILINESTRING M ((-71.088454258999946 42.280104632000075 NAN, -71.08801533999997 42.280570657000055 NAN))"
2342,Norfolk Street,4946700.000000000000000,5,2,,2017,BL,0.000427934770508,"MULTILINESTRING M ((-71.087351344999945 42.281271636000042 NAN, -71.087266886999942 42.281354609000061 NAN, -71.087048363999941 42.281573839000032 NAN))"
2343,Norfolk Street,5592300.000000000000000,5,2,,2017,BL,0.000111031216696,"MULTILINESTRING M ((-71.087048363999941 42.281573839000032 NAN, -71.086975265999968 42.281657413000062 NAN))"
2344,Talbot Avenue,4840600.000000000000000,5,2,,2010,SLM,0.000533432925963,"MULTILINESTRING M ((-71.074652727999933 42.291012741000031 NAN, -71.07414511099995 42.290848803000074 NAN))"
2345,Talbot Avenue,4843000.000000000000000,5,2,,2010,SLM,0.000873092009431,"MULTILINESTRING M ((-71.07414511099995 42.290848803000074 NAN, -71.073305493999953 42.290609360000076 NAN))"
2346,Talbot Avenue,4847400.000000000000000,5,2,,2010,SLM,0.001364498454979,"MULTILINESTRING M ((-71.073305493999953 42.290609360000076 NAN, -71.072552333999965 42.29039048900006 NAN, -71.072234335999951 42.290289143000052 NAN, -71.072106131999988 42.290251531000081 NAN, -71.071996421999984 42.290225240000041 NAN))"
2347,Blue Hill Avenue,4788500.000000000000000,3,2,1,2012,SLM,0.000574065364928,"MULTILINESTRING M ((-71.086832695999988 42.298140313000033 NAN, -71.086664435999978 42.298689166000031 NAN))"
2348,Blue Hill Avenue,5138800.000000000000000,3,2,1,2012,SLM,0.000967655082926,"MULTILINESTRING M ((-71.086374081999963 42.299520769000026 NAN, -71.086060558999975 42.300436225000055 NAN))"
2349,Blue Hill Avenue,5138900.000000000000000,3,2,1,2012,SLM,0.000918737439117,"MULTILINESTRING M ((-71.086060558999975 42.300436225000055 NAN, -71.085760900999958 42.301304720000076 NAN))"
2350,Jewish War Veterans Drive,4766000.000000000000000,5,2,1,2009,BL,0.001314430614671,"MULTILINESTRING M ((-71.085246552999934 42.30345481300003 NAN, -71.085282088999975 42.303439186000048 NAN, -71.085552958999983 42.303312995000056 NAN, -71.085879333999969 42.303131298000039 NAN, -71.086403176999966 42.302832144000035 NAN))"
2351,Walnut Avenue,4670300.000000000000000,6,2,,2011,SLM,0.000724305446233,"MULTILINESTRING M ((-71.09129451299998 42.317613417000075 NAN, -71.091133983999953 42.317962274000081 NAN, -71.091004387999988 42.318276916000059 NAN))"
2352,Walnut Avenue,5604400.000000000000000,6,2,,2011,SLM,0.000217897188229,"MULTILINESTRING M ((-71.088605944999983 42.319982295000045 NAN, -71.088396477999936 42.320042318000048 NAN))"
2353,Ruggles Street,4573900.000000000000000,5,2,,2010,SLM,0.000442278521632,"MULTILINESTRING M ((-71.091051946999983 42.335943131000079 NAN, -71.090809126999943 42.335845486000039 NAN, -71.090654258999962 42.335752652000053 NAN))"
2354,Ruggles Street,5470100.000000000000000,5,2,,2010,SLM,0.000509491701340,"MULTILINESTRING M ((-71.090264801999979 42.33543278500008 NAN, -71.090374317999988 42.335560905000079 NAN, -71.090455205999945 42.335630405000074 NAN, -71.090581479999969 42.335718070000041 NAN, -71.090654258999962 42.335752652000053 NAN))"
2355,Commonwealth Avenue,6270100.000000000000000,3,2,1,2010,BL,0.000090169743354,"MULTILINESTRING M ((-71.091593895999949 42.349202780000041 NAN, -71.091684026999985 42.349200137000025 NAN))"
2356,Commonwealth Avenue,6228300.000000000000000,3,2,1,2010,BL,0.000918531054136,"MULTILINESTRING M ((-71.090676063999979 42.349238609000054 NAN, -71.091593895999949 42.349202780000041 NAN))"
2357,Hereford Street,5270000.000000000000000,5,2,,2013,SLM,0.000438224682767,"MULTILINESTRING M ((-71.086621425999965 42.350734279000051 NAN, -71.086819789999936 42.351125038000077 NAN))"
2358,Hereford Street,5269900.000000000000000,5,2,,2013,BL,0.000417619252792,"MULTILINESTRING M ((-71.086439784999982 42.350358268000036 NAN, -71.086488352999936 42.350464276000025 NAN, -71.086621425999965 42.350734279000051 NAN))"
2359,Commonwealth Avenue,4500800.000000000000000,3,2,1,2010,BL,0.001572339070745,"MULTILINESTRING M ((-71.086048635999987 42.349578464000047 NAN, -71.084530038999958 42.34998603400004 NAN))"
2360,Hereford Street,5270100.000000000000000,5,2,,2013,SLM,0.000450399284801,"MULTILINESTRING M ((-71.086819789999936 42.351125038000077 NAN, -71.087003053999979 42.351536467000074 NAN))"
2361,Norfolk Street,5723601.000000000000000,5,1,,2017,BFBL,0.000444382932023,"MULTILINESTRING M ((-71.084006876999979 42.283177360000025 NAN, -71.083828879999942 42.283242973000029 NAN, -71.083733927999958 42.283278076000045 NAN, -71.083590647999984 42.28333299600007 NAN))"
2362,Norfolk Street,4925200.000000000000000,5,2,,2017,BL,0.000993317705004,"MULTILINESTRING M ((-71.08325677299996 42.283471598000062 NAN, -71.082943022999984 42.283591441000056 NAN, -71.082332163999979 42.28383455200003 NAN))"
2363,Norfolk Street,5217400.000000000000000,5,2,,2017,BL,0.000683464767606,"MULTILINESTRING M ((-71.082332163999979 42.28383455200003 NAN, -71.081691035999938 42.284071362000077 NAN))"
2364,Norfolk Street,5217500.000000000000000,5,2,,2017,BL,0.000538171004828,"MULTILINESTRING M ((-71.08040133999998 42.28549307600008 NAN, -71.080226808999953 42.285671378000075 NAN, -71.080029919999959 42.285878852000053 NAN, -71.080028063999976 42.285880730000031 NAN))"
2365,Talbot Avenue,4817300.000000000000000,5,2,,2010,BL,0.003023959948115,"MULTILINESTRING M ((-71.085975709999957 42.294333452000046 NAN, -71.084672870999952 42.293958502000066 NAN, -71.083579344999976 42.293621435000034 NAN, -71.083074366999938 42.293481741000051 NAN))"
2366,Old Road,5383900.000000000000000,0,2,,2009,BL,0.000616258844327,"MULTILINESTRING M ((-71.085075089999975 42.302060413000049 NAN, -71.084998059999975 42.302190118000055 NAN, -71.084783117999962 42.30260291500008 NAN))"
2367,Blue Hill Avenue,6285300.000000000000000,3,2,1,2010,SLM,0.000869148591795,"MULTILINESTRING M ((-71.084741142999974 42.305286076000073 NAN, -71.084777881999969 42.305105731000026 NAN, -71.084823079999978 42.30485999800004 NAN, -71.084850947999939 42.304714364000063 NAN, -71.084923262999951 42.304436657000053 NAN))"
2368,Columbia Road,5515600.000000000000000,5,2,1,2010,BL,0.000698748594259,"MULTILINESTRING M ((-71.085033298999974 42.303492865000067 NAN, -71.084999990999961 42.303475118000051 NAN, -71.084970381999938 42.303446749000045 NAN, -71.084909299999936 42.303420720000076 NAN, -71.084824899999944 42.30341672600008 NAN, -71.08473053199998 42.303417617000036 NAN, -71.084629552999957 42.303417252000031 NAN, -71.084449108999934 42.303417830000058 NAN, -71.084355903999949 42.303422333000071 NAN))"
2369,Blue Hill Avenue,5223200.000000000000000,5,2,1,2010,BL,0.000710549585955,"MULTILINESTRING M ((-71.084249326999952 42.306753055000058 NAN, -71.084150629999954 42.306949078000059 NAN, -71.084056787999941 42.307127110000067 NAN, -71.083886575999941 42.307361695000054 NAN))"
2370,Warren Street,5852500.000000000000000,5,2,,2010,SLM,0.000590350665063,"MULTILINESTRING M ((-71.083251145999952 42.310612850000041 NAN, -71.083258392999937 42.310699743000043 NAN, -71.08324989099998 42.310803597000074 NAN, -71.083191991999968 42.310962065000069 NAN, -71.083110321999982 42.311177334000035 NAN))"
2371,Warren Street,6263900.000000000000000,5,2,1,2011,SLM,0.000724921586860,"MULTILINESTRING M ((-71.082135022999978 42.317936099000065 NAN, -71.082287917999963 42.317636456000059 NAN, -71.082303819999936 42.317605289000028 NAN, -71.082360241999936 42.31749971000005 NAN, -71.082483431999947 42.317300967000051 NAN))"
2372,Warren Street,6263800.000000000000000,5,2,1,2011,SLM,0.000150723829328,"MULTILINESTRING M ((-71.082072332999985 42.31807316700008 NAN, -71.082135022999978 42.317936099000065 NAN))"
2373,Warren Street,6264001.000000000000000,5,2,1,2011,BL,0.001193660048607,"MULTILINESTRING M ((-71.081545472999949 42.319465022000031 NAN, -71.081587770999988 42.319231100000025 NAN, -71.081613792999974 42.319126484000037 NAN, -71.081629443999987 42.319063570000026 NAN, -71.081696628999964 42.318878692000055 NAN, -71.081942917999982 42.318350641000052 NAN, -71.081944580999959 42.318347070000073 NAN))"
2374,Walnut Avenue,5741200.000000000000000,6,2,,2011,BLSL,0.000428475400080,"MULTILINESTRING M ((-71.084854167999936 42.322489636000057 NAN, -71.084602627999971 42.322836506000044 NAN))"
2375,Warren Street,5741800.000000000000000,5,2,1,2011,BL,0.000745062567443,"MULTILINESTRING M ((-71.082702329999961 42.32400791200007 NAN, -71.082767062999949 42.324220779000029 NAN, -71.082927188999975 42.32471821200005 NAN))"
2376,Warren Street,5474401.000000000000000,5,2,,2011,SLM,0.000309012498926,"MULTILINESTRING M ((-71.083267590999981 42.329810405000046 NAN, -71.08319763999998 42.330111396000063 NAN))"
2377,Warren Street,6257200.000000000000000,5,2,1,2011,SLM,0.000640322030665,"MULTILINESTRING M ((-71.083160441999951 42.330318893000026 NAN, -71.08317515799996 42.330444426000042 NAN, -71.083245451999971 42.330527456000027 NAN, -71.083326435999936 42.330542299000058 NAN, -71.083424063999985 42.330536936000044 NAN, -71.083646613999974 42.330503610000051 NAN))"
2378,Warren Street,5632400.000000000000000,5,2,1,2011,SLM,0.000191101130296,"MULTILINESTRING M ((-71.083065072999943 42.330665726000063 NAN, -71.082986382999934 42.330839874000048 NAN))"
2379,Washington Street,6248101.000000000000000,3,2,1,2011,SLM,0.001132004578866,"MULTILINESTRING M ((-71.079827744999989 42.334280622000051 NAN, -71.079942159999973 42.334200513000042 NAN, -71.080187491999936 42.334008823000033 NAN, -71.080452432999948 42.33378271600003 NAN, -71.080581130999974 42.333653839000078 NAN, -71.080678743999954 42.333539220000034 NAN))"
2380,Washington Street,6248100.000000000000000,3,2,1,2011,SLM,0.000568282262121,"MULTILINESTRING M ((-71.079362223999965 42.334606559000065 NAN, -71.079827744999989 42.334280622000051 NAN))"
2381,Columbus Avenue,4554700.000000000000000,3,2,,2018,SBL,0.001018784443288,"MULTILINESTRING M ((-71.08418362499998 42.33865876200008 NAN, -71.083971254999938 42.338804289000052 NAN, -71.083616928999959 42.339084352000043 NAN, -71.083370600999956 42.339272055000038 NAN))"
2382,Columbus Avenue,4542800.000000000000000,3,2,,2009,BL,0.000835428286750,"MULTILINESTRING M ((-71.081164607999938 42.341131485000062 NAN, -71.08050306399997 42.341641681000056 NAN))"
2383,Massachusetts Avenue,5273700.000000000000000,3,2,1,2011,BL,0.000800736269099,"MULTILINESTRING M ((-71.079715913999962 42.338817267000024 NAN, -71.080129090999947 42.339162258000044 NAN, -71.08031940099994 42.339343009000061 NAN))"
2384,Hereford Street,5269400.000000000000000,5,2,,2013,BL,0.000433375220046,"MULTILINESTRING M ((-71.085279402999959 42.347988178000037 NAN, -71.085458939999967 42.348382615000048 NAN))"
2385,Dalton Street,5626900.000000000000000,5,2,,2011,BLSL,0.001280478546629,"MULTILINESTRING M ((-71.085602853999944 42.347892434000073 NAN, -71.085030466999967 42.346747009000069 NAN))"
2386,Beacon Street,4481200.000000000000000,3,2,,2018,SBL,0.002365813688132,"MULTILINESTRING M ((-71.081261422999944 42.353062955000041 NAN, -71.081994576999989 42.352869249000037 NAN, -71.082769481999946 42.352669499000058 NAN, -71.083550484999932 42.352465263000056 NAN))"
2387,Norfolk Street,5752800.000000000000000,5,2,,2017,BL,0.000882345569016,"MULTILINESTRING M ((-71.078858490999949 42.28713704200004 NAN, -71.078628355999967 42.287360341000067 NAN, -71.07819834999998 42.287721703000045 NAN))"
2388,Norfolk Street,4868500.000000000000000,5,2,,2017,BL,0.000280118910767,"MULTILINESTRING M ((-71.077077093999947 42.288182923000079 NAN, -71.076802941999972 42.288240432000066 NAN))"
2389,Norfolk Street,4866500.000000000000000,5,2,,2017,BL,0.000764247703171,"MULTILINESTRING M ((-71.076265633999981 42.288354930000025 NAN, -71.07603310899998 42.288420467000037 NAN, -71.075814586999968 42.28851588100008 NAN, -71.075556692999953 42.288635343000067 NAN))"
2390,Washington Street,4553500.000000000000000,3,2,,2011,SLM,0.001350644853042,"MULTILINESTRING M ((-71.073630772999934 42.338877817000025 NAN, -71.072504758999969 42.339623695000057 NAN))"
2391,Columbus Avenue,4532600.000000000000000,3,2,,2009,BL,0.000872055630342,"MULTILINESTRING M ((-71.078532026999937 42.343200417000048 NAN, -71.078356043999975 42.343344699000056 NAN, -71.077857647999963 42.343753313000036 NAN))"
2392,Dartmouth Street,5874800.000000000000000,5,2,,2011,SLM,0.001649849081724,"MULTILINESTRING M ((-71.075239360999944 42.345864422000034 NAN, -71.075438805999966 42.346266351000054 NAN, -71.07597569099994 42.347340842000051 NAN))"
2393,West Dedham Street,5616200.000000000000000,5,2,,2011,BLSL,0.001143865139835,"MULTILINESTRING M ((-71.073435997999979 42.342453023000076 NAN, -71.073211878999984 42.342257431000064 NAN, -71.072688392999964 42.341828973000077 NAN, -71.072560317999944 42.341717293000045 NAN))"
2394,Albany Street,4561100.000000000000000,5,2,,2012,BL,0.000724969601579,"MULTILINESTRING M ((-71.067682186999946 42.337649213000077 NAN, -71.06710223999994 42.338084233000075 NAN))"
2395,Adams Street,4757000.000000000000000,5,2,,2013,SLM,0.000881971177301,"MULTILINESTRING M ((-71.06115781699998 42.304567803000054 NAN, -71.061367737999944 42.305068270000049 NAN, -71.061504300999957 42.305378832000031 NAN))"
2396,Columbia Road,5392400.000000000000000,5,2,1,2010,SLM,0.000430294342238,"MULTILINESTRING M ((-71.066301458999988 42.315823072000057 NAN, -71.066029887999946 42.316156842000055 NAN))"
2397,Columbia Road,6284600.000000000000000,5,2,1,2010,BL,0.001583172263894,"MULTILINESTRING M ((-71.063978653999982 42.318049273000042 NAN, -71.064157596999962 42.317800119000026 NAN, -71.064313707999986 42.317645412000047 NAN, -71.064487557999939 42.317502586000046 NAN, -71.064643268999987 42.317378820000044 NAN, -71.064864776999968 42.317250804000025 NAN, -71.065200687999948 42.317079891000049 NAN))"
2398,Geneva Avenue,5728600.000000000000000,5,2,,2016,SLM,0.002688618779017,
2399,Columbia Road,6239200.000000000000000,5,2,1,2010,BL,0.000377183597894,"MULTILINESTRING M ((-71.075233568999977 42.308281540000053 NAN, -71.075527957999952 42.308045738000033 NAN))"
2400,Columbia Road,6239500.000000000000000,5,2,1,2010,BL,0.000915892372397,"MULTILINESTRING M ((-71.073190307999937 42.309668874000067 NAN, -71.073316974999955 42.309574812000051 NAN, -71.073604458999966 42.309380624000028 NAN, -71.073954067999978 42.309164162000059 NAN))"
2401,Albany Street,5251300.000000000000000,5,2,,2012,SLM,0.000589473910664,"MULTILINESTRING M ((-71.076169451999988 42.331711437000081 NAN, -71.075654350999969 42.331998056000032 NAN))"
2402,Washington Street,46806100.000000000000000,3,2,,2011,SLM,0.000102729503948,"MULTILINESTRING M ((-71.077021171999945 42.336480496000036 NAN, -71.076937059999977 42.336539475000052 NAN))"
2403,Massachusetts Avenue,5546100.000000000000000,3,2,1,2011,BL,0.000546008214881,"MULTILINESTRING M ((-71.076516995999953 42.336190661000046 NAN, -71.076937059999977 42.336539475000052 NAN))"
2404,Massachusetts Avenue,46806900.000000000000000,3,2,1,2020,SBL,0.001411077184987,"MULTILINESTRING M ((-71.07351356099997 42.333517185000062 NAN, -71.072835820999956 42.333014942000034 NAN, -71.072374864999972 42.332683876000033 NAN))"
2405,Washington Street,4562400.000000000000000,3,2,,2011,SLM,0.000812443483338,"MULTILINESTRING M ((-71.075647132999961 42.337467290000063 NAN, -71.074977664999949 42.337927591000039 NAN))"
2406,Stuart Street,5593600.000000000000000,3,2,,2014,BL,0.000823069916726,"MULTILINESTRING M ((-71.077253630999962 42.348105539000073 NAN, -71.076452840999934 42.348295748000055 NAN))"
2407,St James Avenue,5840700.000000000000000,3,2,,2015,SLM,0.002201899097797,"MULTILINESTRING M ((-71.072659961999989 42.350418220000051 NAN, -71.073277953999934 42.350258464000035 NAN, -71.074792198999944 42.349868744000048 NAN))"
2408,Columbus Avenue,5874500.000000000000000,3,2,,2023,SBL,0.001116686969665,"MULTILINESTRING M ((-71.073531167999988 42.347270433000062 NAN, -71.072658501999967 42.34796717100005 NAN))"
2409,Dartmouth Street,5269000.000000000000000,5,2,,2024,SBL,0.000459017415680,"MULTILINESTRING M ((-71.078319978999957 42.352064596000048 NAN, -71.078532698999936 42.352471348000051 NAN))"
2410,Commonwealth Avenue,4486800.000000000000000,3,2,1,2010,BL,0.002227854294313,"MULTILINESTRING M ((-71.078136387999962 42.351701756000068 NAN, -71.075981879999972 42.352268704000039 NAN))"
2411,Commonwealth Avenue,6208500.000000000000000,3,2,1,2010,BL,0.002458271985186,"MULTILINESTRING M ((-71.071637375999956 42.353839461000064 NAN, -71.074017139999967 42.353223162000063 NAN))"
2412,Longfellow Bridge,5634000.000000000000000,2,1,1,2018,SBL,0.003890536196643,"MULTILINESTRING M ((-71.071724749999987 42.361351824000053 NAN, -71.071767445999967 42.361353431000055 NAN, -71.072348243999954 42.361380349000058 NAN, -71.075605059999987 42.361630236000053 NAN))"
2413,Cambridge Street,5266800.000000000000000,3,2,,2014,SLM,0.000590397730873,"MULTILINESTRING M ((-71.074288969999941 42.384049864000076 NAN, -71.073955277999971 42.383954998000036 NAN, -71.073715980999964 42.383910044000061 NAN))"
2414,Sullivan Square,5266900.000000000000000,3,2,,,,0.000608196006389,"MULTILINESTRING M ((-71.074022748999937 42.384387771000036 NAN, -71.074003514999958 42.384215024000071 NAN, -71.073978592999936 42.384137715000065 NAN, -71.073908250999978 42.384042947000069 NAN, -71.073832555999957 42.383975192000037 NAN, -71.073715980999964 42.383910044000061 NAN))"
2415,Sullivan Square,6207800.000000000000000,3,2,,2020,SBL,0.000283161887400,"MULTILINESTRING M ((-71.073695126999951 42.385074902000042 NAN, -71.073813875999974 42.384817843000064 NAN))"
2416,Dorchester Avenue,4998200.000000000000000,3,2,,2010,SLM,0.000961006409138,"MULTILINESTRING M ((-71.067439013999945 42.274585065000053 NAN, -71.067232292999961 42.275343920000068 NAN, -71.067189649999989 42.275513128000057 NAN))"
2417,Columbia Road,6230300.000000000000000,5,2,1,2010,BL,0.000959683676228,"MULTILINESTRING M ((-71.067429355999934 42.314611358000036 NAN, -71.067898486999979 42.313774155000033 NAN))"
2418,Massachusetts Avenue,6313400.000000000000000,3,2,1,2011,BL,0.000283665054575,"MULTILINESTRING M ((-71.072240994999959 42.332796389000066 NAN, -71.072474718999956 42.332957134000026 NAN))"
2419,Malden Street,4548000.000000000000000,5,2,,2011,SLM,0.000307160916205,"MULTILINESTRING M ((-71.068646357999967 42.340148896000073 NAN, -71.068351338999946 42.340063388000033 NAN))"
2420,Albany Street,4564900.000000000000000,5,2,,2012,BL,0.000816793470992,"MULTILINESTRING M ((-71.068351280999934 42.33718076100007 NAN, -71.067889866999963 42.337501443000065 NAN, -71.067682186999946 42.337649213000077 NAN))"
2421,Washington Street,5854900.000000000000000,5,2,,2017,SLM,0.000780192878761,"MULTILINESTRING M ((-71.071602895999945 42.290226585000028 NAN, -71.071603318999962 42.290231002000041 NAN, -71.071644669999955 42.29066113500005 NAN, -71.07165996599997 42.291004434000058 NAN))"
2422,Washington Street,5135400.000000000000000,3,2,,2016,SLM,0.000245171406319,"MULTILINESTRING M ((-71.088135053999963 42.325202302000037 NAN, -71.088030209999943 42.325423925000052 NAN))"
2423,Washington Street,4618100.000000000000000,3,2,,2016,SLM,0.001113360963003,"MULTILINESTRING M ((-71.086996113999987 42.327791095000066 NAN, -71.086959985999954 42.327865237000026 NAN, -71.086853984999948 42.328043789000048 NAN, -71.086741581999945 42.328157051000062 NAN, -71.086583455999971 42.32827689700008 NAN, -71.086374053999975 42.328380240000058 NAN, -71.086160189999987 42.328469498000061 NAN))"
2424,Washington Street,4615900.000000000000000,3,2,,2016,SLM,0.001147180214626,"MULTILINESTRING M ((-71.086160189999987 42.328469498000061 NAN, -71.085725651999951 42.328647428000068 NAN, -71.085184317999961 42.328862675000039 NAN, -71.085100420999936 42.328907385000036 NAN))"
2425,Ruggles Street,4584700.000000000000000,5,2,,2023,SBLBL,0.000503238863968,"MULTILINESTRING M ((-71.087462262999964 42.334134218000031 NAN, -71.087043755999957 42.333854752000036 NAN))"
2426,Morton Street,5135900.000000000000000,2,1,1,2020,BL,0.000689188258066,"MULTILINESTRING M ((-71.082145254999944 42.280119556000045 NAN, -71.081574192999938 42.279733721000071 NAN))"
2427,Boylston Street,5184100.000000000000000,3,2,,2024,SBL,0.000840459513593,"MULTILINESTRING M ((-71.081404763999956 42.349008739000055 NAN, -71.080592469999942 42.349224495000044 NAN))"
2428,Dartmouth Street,5826700.000000000000000,5,2,,2024,CFBL,0.000557539573828,"MULTILINESTRING M ((-71.079359260999979 42.354169283000033 NAN, -71.079117748999977 42.35366676700005 NAN))"
2429,Norwell Street,5273000.000000000000000,0,2,,2021,SLMTC,0.001185954145431,"MULTILINESTRING M ((-71.07836234399997 42.301824703000079 NAN, -71.078436675999967 42.301784167000051 NAN, -71.078551366999989 42.301691179000045 NAN, -71.078633848999971 42.301598643000034 NAN, -71.078699846999939 42.301476777000062 NAN, -71.078755959999967 42.301217586000064 NAN, -71.078818831999968 42.300796361000039 NAN))"
2430,Berkeley Street,5170500.000000000000000,3,2,,2024,SBL,0.000467571693470,"MULTILINESTRING M ((-71.073643968999988 42.352441148000025 NAN, -71.073842628999955 42.352864418000081 NAN))"
2431,Maffa Way,4393500.000000000000000,3,2,,2020,BL,0.001190232325299,"MULTILINESTRING M ((-71.075256434999972 42.384726844000056 NAN, -71.075108069999942 42.384589935000065 NAN, -71.075005906999934 42.384499259000052 NAN, -71.074964972999965 42.384462924000047 NAN, -71.074722114999986 42.384270406000041 NAN, -71.07452968299998 42.384160916000042 NAN, -71.074385318999987 42.38408464400004 NAN, -71.074288969999941 42.384049864000076 NAN))"
2432,Quincy Street,5835001.000000000000000,5,2,,2019,SLM,0.000237729571728,"MULTILINESTRING M ((-71.071517511999957 42.311854399000026 NAN, -71.071512095999935 42.311852581000039 NAN, -71.071297183999945 42.311765148000063 NAN))"
2433,Tremont Street,4452000.000000000000000,3,2,,2020,SBL,0.000925137685793,"MULTILINESTRING M ((-71.059922954999934 42.358767509000074 NAN, -71.059951253999941 42.358687855000028 NAN, -71.060007398999971 42.358578345000069 NAN, -71.060098518999951 42.35843071100004 NAN, -71.060166736999975 42.358330250000051 NAN, -71.060280209999974 42.358186638000063 NAN, -71.060441959999935 42.358009892000041 NAN))"
2434,Tremont Street,5360500.000000000000000,3,2,1,,BL,0.000536356192452,"MULTILINESTRING M ((-71.059862260999978 42.359298755000054 NAN, -71.059866596999939 42.35910167000003 NAN, -71.05988618899994 42.358939666000026 NAN, -71.059922954999934 42.358767509000074 NAN))"
2435,Massachusetts Avenue,6231500.000000000000000,3,2,1,2023,SBL,0.000308969124317,"MULTILINESTRING M ((-71.067174059999957 42.327086736000069 NAN, -71.066985578999947 42.326841916000035 NAN))"
2436,Massachusetts Avenue,6312700.000000000000000,3,2,,2023,SBL,0.000484563926103,"MULTILINESTRING M ((-71.072087291999935 42.332571878000067 NAN, -71.071714787999952 42.332261970000047 NAN))"
2437,Berkeley Street,4508600.000000000000000,3,2,,2023,SBL,0.000435557402499,"MULTILINESTRING M ((-71.071622169999955 42.34826997600004 NAN, -71.071673319999945 42.348362444000031 NAN, -71.07181676099998 42.348659511000051 NAN))"
2438,Berkeley Street,4516000.000000000000000,3,2,,2023,SBL,0.000500167779414,"MULTILINESTRING M ((-71.07060680099994 42.346236590000046 NAN, -71.070823146999942 42.346687547000045 NAN))"
2439,Arlington Street,5272300.000000000000000,3,2,,2020,SBL,0.000452824272799,"MULTILINESTRING M ((-71.07127544399998 42.353090130000055 NAN, -71.071080048999988 42.352681632000042 NAN))"
2440,Boylston Street,4480500.000000000000000,3,2,,2020,SBL,0.000457743302112,"MULTILINESTRING M ((-71.067469168999935 42.352503807000062 NAN, -71.067011673999957 42.352518882000027 NAN))"
2441,Boylston Street,4480700.000000000000000,3,2,,2020,SBL,0.001071847950689,"MULTILINESTRING M ((-71.067011673999957 42.352518882000027 NAN, -71.06679287299994 42.352521875000036 NAN, -71.066316899999947 42.352493352000067 NAN, -71.065941259999988 42.352472840000075 NAN))"
2442,Main Street,4409400.000000000000000,5,2,,2011,BL,0.000504961508703,"MULTILINESTRING M ((-71.068747672999962 42.379064312000025 NAN, -71.069107072999941 42.379419020000057 NAN))"
2443,Main Street,4413400.000000000000000,5,2,,2011,BL,0.000375660286550,"MULTILINESTRING M ((-71.06784451599998 42.378236732000062 NAN, -71.067849273999968 42.378235491000055 NAN, -71.068128786999978 42.378479054000024 NAN))"
2444,Main Street,5760300.000000000000000,5,2,,2011,BL,0.000218352484673,"MULTILINESTRING M ((-71.06768292299995 42.378089880000061 NAN, -71.06784451599998 42.378236732000062 NAN))"
2445,Main Street,4406100.000000000000000,5,2,,2011,BL,0.000667015035289,"MULTILINESTRING M ((-71.069519128999957 42.379843135000044 NAN, -71.069538910999938 42.379863468000053 NAN, -71.069685293999953 42.380015938000042 NAN, -71.069987960999981 42.380317538000043 NAN))"
2446,Dorchester Avenue,5198500.000000000000000,3,2,,2010,SLM,0.000799620401685,"MULTILINESTRING M ((-71.065661925999962 42.280883851000056 NAN, -71.065610612999933 42.281069929000068 NAN, -71.065440672999955 42.281652235000081 NAN))"
2447,Ashmont Street,5836200.000000000000000,5,2,,2013,SLM,0.000616702508815,"MULTILINESTRING M ((-71.064303424999935 42.285707180000031 NAN, -71.064206618999947 42.285763063000047 NAN, -71.064095845999987 42.285835810000037 NAN, -71.063735880999957 42.285931240000025 NAN))"
2448,Dorchester Avenue,4862300.000000000000000,3,2,,2011,SLM,0.000717728654884,"MULTILINESTRING M ((-71.063450397999986 42.288775100000066 NAN, -71.063261845999989 42.28946761900005 NAN))"
2449,Dorchester Avenue,4850300.000000000000000,3,2,,2011,SLM,0.000682493657367,"MULTILINESTRING M ((-71.06311606099996 42.289974610000058 NAN, -71.062933615999953 42.290632266000046 NAN))"
2450,Geneva Avenue,4787800.000000000000000,5,2,,2016,SLM,0.001568109958796,"MULTILINESTRING M ((-71.063799859999961 42.298911028000077 NAN, -71.063380367999969 42.298657910000031 NAN, -71.062691929999971 42.298250159000077 NAN, -71.062433605999956 42.298147327000038 NAN))"
2451,Geneva Avenue,5686700.000000000000000,5,2,,2016,SLM,0.000409107212328,"MULTILINESTRING M ((-71.064753867999968 42.299473959000068 NAN, -71.064419218999944 42.299272512000073 NAN, -71.064403364999976 42.299262970000029 NAN))"
2452,Adams Street,4748600.000000000000000,5,2,,2013,SLM,0.000473969090369,"MULTILINESTRING M ((-71.061944039999958 42.306409106000046 NAN, -71.062136495999937 42.306750825000051 NAN, -71.062179795999953 42.306820203000029 NAN))"
2453,Adams Street,4750700.000000000000000,5,2,,2013,SLM,0.000427984029453,"MULTILINESTRING M ((-71.06177164199994 42.306017380000071 NAN, -71.061944039999958 42.306409106000046 NAN))"
2454,Broad Street,5279100.000000000000000,5,2,,2013,SLM,0.000259477849681,"MULTILINESTRING M ((-71.053995694999969 42.357986502000074 NAN, -71.054133143999934 42.358206585000062 NAN))"
2455,Cross Street,45224100.000000000000000,3,2,,2014,SLM,0.000168476467512,"MULTILINESTRING M ((-71.058192599999984 42.364383451000037 NAN, -71.058194298999979 42.364385490000075 NAN, -71.058300538999958 42.364512809000075 NAN))"
2456,Salem Street,5242600.000000000000000,0,2,,2013,SLM,0.000411633334452,"MULTILINESTRING M ((-71.056361181999989 42.362863551000032 NAN, -71.056176483999934 42.363143293000064 NAN, -71.056137152999952 42.363208813000028 NAN))"
2457,Salem Street,5764900.000000000000000,0,2,,2013,SLM,0.000221335641172,"MULTILINESTRING M ((-71.055555690999938 42.364370957000062 NAN, -71.055531096999971 42.364590922000048 NAN))"
2458,Albany Street,4552500.000000000000000,5,2,,2012,BLSL,0.000742103083043,"MULTILINESTRING M ((-71.064943441999958 42.339596336000056 NAN, -71.065542357999959 42.339158139000062 NAN))"
2459,Washington Street,4524600.000000000000000,3,2,,2011,SLM,0.000892242060926,"MULTILINESTRING M ((-71.065317081999979 42.344973958000026 NAN, -71.06487391099995 42.345748358000037 NAN))"
2460,Kneeland Street,4495200.000000000000000,3,2,,2017,SBLBL,0.000669271310529,"MULTILINESTRING M ((-71.060896573999969 42.350473094000051 NAN, -71.060254628999985 42.350283804000071 NAN))"
2461,Kneeland Street,4495800.000000000000000,3,2,,2017,SBLBL,0.000545638881091,"MULTILINESTRING M ((-71.060254628999985 42.350283804000071 NAN, -71.059733607999988 42.350121758000057 NAN))"
2462,Essex Street,4480100.000000000000000,5,2,,2012,SLM,0.000477830392756,"MULTILINESTRING M ((-71.06114237099996 42.352516850000029 NAN, -71.060666212999934 42.352556793000076 NAN))"
2463,Main Street,5829400.000000000000000,5,2,,2012,BL,0.000437800428734,"MULTILINESTRING M ((-71.062629009999966 42.373656435000044 NAN, -71.062608099999977 42.373644478000074 NAN, -71.06228030699998 42.373392069000033 NAN))"
2464,Mount Vernon Street,4674600.000000000000000,6,2,,2013,BFBL,0.000439702338454,"MULTILINESTRING M ((-71.040078284999936 42.317095769000048 NAN, -71.039666293999971 42.316942141000027 NAN))"
2465,Marginal Street,5645100.000000000000000,0,2,,2015,SLM,0.003734732057442,"MULTILINESTRING M ((-71.036831537999944 42.365724563000072 NAN, -71.033579021999969 42.364294587000074 NAN, -71.033407414999942 42.364234724000028 NAN))"
2466,Maverick Street,4430500.000000000000000,5,2,,2015,BL,0.000839510517120,"MULTILINESTRING M ((-71.034754315999976 42.368318582000029 NAN, -71.035516194999957 42.368671170000027 NAN))"
2467,Dorchester Avenue,5853800.000000000000000,3,2,,2011,SLM,0.000543380823198,"MULTILINESTRING M ((-71.058419407999963 42.307587385000033 NAN, -71.058336992999955 42.307964072000061 NAN, -71.058311841999966 42.308119838000039 NAN))"
2468,Dorchester Avenue,4585300.000000000000000,3,2,,2011,BL,0.001396838711455,"MULTILINESTRING M ((-71.057020991999934 42.333641139000065 NAN, -71.057058396999935 42.33468956400003 NAN, -71.057054254999969 42.335037286000045 NAN))"
2469,Dorchester Avenue,4590900.000000000000000,3,2,,2011,BL,0.000592169260679,"MULTILINESTRING M ((-71.057011789999933 42.332897234000029 NAN, -71.05702615499996 42.333489229000065 NAN))"
2470,Dorchester Avenue,4593600.000000000000000,3,2,,2011,BL,0.000479941367343,"MULTILINESTRING M ((-71.057004836999965 42.332417343000031 NAN, -71.057011789999933 42.332897234000029 NAN))"
2471,Dorchester Avenue,5121100.000000000000000,3,2,,2011,BLSL,0.000428116402588,"MULTILINESTRING M ((-71.057122379999953 42.339499637000074 NAN, -71.057112182999958 42.339087149000079 NAN, -71.057112291999942 42.339071647000026 NAN))"
2472,Dorchester Avenue,46178100.000000000000000,3,2,1,2020,SBL,0.001163355205391,"MULTILINESTRING M ((-71.057163967999941 42.342796000000078 NAN, -71.057213366999974 42.342614590000039 NAN, -71.057230734999962 42.34163940500008 NAN))"
2473,A Street,4533700.000000000000000,5,2,,2023,SBL,0.000748671167483,"MULTILINESTRING M ((-71.05428974199998 42.342867607000073 NAN, -71.053959805999966 42.343135854000025 NAN, -71.053824116999976 42.343259117000059 NAN, -71.053729899999951 42.343362847000037 NAN))"
2474,Devonshire Street,5650700.000000000000000,5,2,,2012,SLM,0.000311951888129,"MULTILINESTRING M ((-71.057512587999952 42.354942713000071 NAN, -71.057508843999983 42.355034681000063 NAN, -71.057483269999977 42.355144952000046 NAN, -71.057447038999953 42.355245323000076 NAN))"
2475,Congress Street,5237600.000000000000000,3,2,,2016,SBL,0.001176716322506,"MULTILINESTRING M ((-71.055685850999964 42.35567190200004 NAN, -71.054829918999985 42.354864411000051 NAN))"
2476,Pearl Street,5482400.000000000000000,5,2,,2012,BL,0.000995116654370,"MULTILINESTRING M ((-71.053333172999942 42.354510549000054 NAN, -71.054007408999951 42.355242439000051 NAN))"
2477,Milk Street,5834100.000000000000000,5,2,,2024,SBL,0.000165578223590,"MULTILINESTRING M ((-71.057993791999934 42.356797616000051 NAN, -71.05782828599996 42.356792726000037 NAN))"
2478,Congress Street,5481600.000000000000000,3,2,,2016,SBL,0.000760113868019,"MULTILINESTRING M ((-71.056411428999979 42.357588389000057 NAN, -71.056343784999967 42.356831291000049 NAN))"
2479,Liberty Square,5805700.000000000000000,0,2,,2011,SLM,0.000411532119025,"MULTILINESTRING M ((-71.055075527999975 42.35794889500005 NAN, -71.05547655099997 42.35804130300005 NAN))"
2480,Milk Street,5386700.000000000000000,5,2,,2024,SBL,0.000570763732878,"MULTILINESTRING M ((-71.05484839099995 42.357358516000033 NAN, -71.054524593999986 42.357560168000077 NAN, -71.054370760999973 42.35767050000004 NAN))"
2481,Broad Street,5279300.000000000000000,5,2,,2013,SLM,0.000621110127316,"MULTILINESTRING M ((-71.054357319999951 42.358675893000054 NAN, -71.05463554399995 42.359231203000036 NAN))"
2482,Salem Street,5764800.000000000000000,0,2,,2013,SLM,0.000158136445615,"MULTILINESTRING M ((-71.055531096999971 42.364590922000048 NAN, -71.055527102999974 42.364749008000047 NAN))"
2483,Salem Street,5243100.000000000000000,0,2,,2013,SLM,0.000188611491575,"MULTILINESTRING M ((-71.055502058999934 42.365033062000066 NAN, -71.055486335999944 42.365221017000067 NAN))"
2484,John F. Fitzgerald Surface Road,45230300.000000000000000,3,2,,2014,BL,0.000587406525606,"MULTILINESTRING M ((-71.053697411999963 42.360840712000027 NAN, -71.053325270999949 42.36064353900008 NAN, -71.053182013999958 42.360559164000051 NAN))"
2485,Salem Street,5243200.000000000000000,0,2,,2013,SLM,0.000782160229365,"MULTILINESTRING M ((-71.055486335999944 42.365221017000067 NAN, -71.055398691999983 42.365393733000076 NAN, -71.055089783999961 42.365894616000048 NAN))"
2486,Ashmont Street,4858800.000000000000000,5,2,,2013,SLM,0.000708365838674,"MULTILINESTRING M ((-71.052158417999976 42.28914521400003 NAN, -71.051814278999984 42.289236717000051 NAN, -71.05147263899994 42.289322601000038 NAN))"
2487,Neponset Avenue,4836000.000000000000000,5,2,,2012,BLSL,0.000546600841715,"MULTILINESTRING M ((-71.049417049999988 42.29130929300004 NAN, -71.049762090999934 42.291733226000076 NAN))"
2488,Neponset Avenue,4810200.000000000000000,5,2,,2012,BLSL,0.000644299083248,"MULTILINESTRING M ((-71.052431966999961 42.294484519000036 NAN, -71.052207812999939 42.294324404000065 NAN, -71.05190691699994 42.294111099000077 NAN))"
2489,Columbia Road,5173500.000000000000000,3,1,1,2016,BFBL,0.000303621196592,"MULTILINESTRING M ((-71.052163865999944 42.324066660000028 NAN, -71.052190038999981 42.324369151000042 NAN))"
2490,Berkeley Street,4506000.000000000000000,3,2,,2024,SBL,0.000414017956463,"MULTILINESTRING M ((-71.07181676099998 42.348659511000051 NAN, -71.072000661999937 42.34903044400005 NAN))"
2491,Arlington Street,5317700.000000000000000,3,2,,2024,SBL,0.000181879726119,"MULTILINESTRING M ((-71.069387044999985 42.348611617000074 NAN, -71.069327793999946 42.348439659000064 NAN))"
2492,Tremont Street,5151200.000000000000000,3,2,,2023,SBL,0.000114390474283,"MULTILINESTRING M ((-71.068956329999935 42.346860620000029 NAN, -71.06890133099995 42.346960921000061 NAN))"
2493,Tremont Street,5151201.000000000000000,3,2,,2023,SBLBL,0.000496193459981,"MULTILINESTRING M ((-71.06890133099995 42.346960921000061 NAN, -71.068662763999953 42.34739600000006 NAN))"
2494,Tremont Street,5151202.000000000000000,3,1,,2023,SBLBL,0.000100266129630,"MULTILINESTRING M ((-71.068662763999953 42.34739600000006 NAN, -71.068614558999968 42.34748391800008 NAN))"
2495,Arlington Street,5381900.000000000000000,3,2,,2024,SBL,0.000099081563158,"MULTILINESTRING M ((-71.070704775999957 42.351948747000051 NAN, -71.070656050999958 42.351862474000029 NAN))"
2496,Longfellow Bridge,5338800.000000000000000,2,1,1,,BL,0.000538555850346,"MULTILINESTRING M ((-71.071188192999955 42.361395023000057 NAN, -71.071305291999977 42.361380998000072 NAN, -71.071500427999979 42.361361835000025 NAN, -71.071724749999987 42.361351824000053 NAN))"
2497,Cambridge Street,6236600.000000000000000,3,2,1,2022,SBL,0.001225613600721,"MULTILINESTRING M ((-71.06516058699998 42.361243720000061 NAN, -71.066386127999976 42.361230380000052 NAN))"
2498,New Cypher Street,4541000.000000000000000,0,0,,2024,SBL,0.000883567776585,"MULTILINESTRING M ((-71.048569179999959 42.34185271900003 NAN, -71.047823335999965 42.341379001000064 NAN))"
2499,Summer Street,5613300.000000000000000,3,2,,2019,SBL,0.002040582613973,"MULTILINESTRING M ((-71.050999898999976 42.350576512000032 NAN, -71.052848707999942 42.35144015700007 NAN))"
2500,West Fourth Street,5672400.000000000000000,3,2,,2021,SBLBL,0.000614094074892,"MULTILINESTRING M ((-71.061758186999953 42.342797143000041 NAN, -71.061162602999957 42.342647506000048 NAN))"
2501,West Fourth Street,5672300.000000000000000,3,1,,2021,SBLBL,0.001966408290627,"MULTILINESTRING M ((-71.060593420999965 42.342497018000074 NAN, -71.060138467999934 42.342373585000075 NAN, -71.059932704999937 42.342323282000052 NAN, -71.059900150999965 42.342314718000068 NAN, -71.059839379999971 42.342299855000078 NAN, -71.059694565999962 42.342264416000035 NAN, -71.059606532999965 42.342244950000065 NAN, -71.05943393299998 42.34219702200005 NAN, -71.058823211999936 42.342045466000059 NAN, -71.058687953999936 42.342011989000071 NAN))"
2502,Harrison Avenue,4498800.000000000000000,5,2,,2019,BL,0.000961018059832,"MULTILINESTRING M ((-71.061554109999975 42.350650939000047 NAN, -71.061924507999947 42.349764169000025 NAN))"
2503,Washington Street,5326600.000000000000000,3,2,,2020,BL,0.000427894063409,"MULTILINESTRING M ((-71.062191297999959 42.353872499000033 NAN, -71.061898546999942 42.354184573000055 NAN))"
2504,Washington Street,4467800.000000000000000,3,2,,2020,BL,0.000647800141931,"MULTILINESTRING M ((-71.061733047999951 42.354356405000033 NAN, -71.061254356999939 42.354792868000061 NAN))"
2505,Harrison Avenue,5821000.000000000000000,5,2,,2019,BFBL,0.000531392867861,"MULTILINESTRING M ((-71.061425914999973 42.352492358000063 NAN, -71.061223566999956 42.35200099900004 NAN))"
2506,Harrison Avenue,5466600.000000000000000,5,2,,2019,BL,0.000689154608689,"MULTILINESTRING M ((-71.061187528999938 42.351494751000075 NAN, -71.06124452399996 42.351370614000075 NAN, -71.061463504999949 42.350863299000025 NAN))"
2507,Northern Avenue,6035300.000000000000000,0,2,1,2023,SBL,0.000887459123468,"MULTILINESTRING M ((-71.03575019699997 42.347229919000029 NAN, -71.035479544999987 42.346938952000073 NAN, -71.035346887999935 42.346797817000038 NAN, -71.035244470999942 42.346686932000068 NAN, -71.035182159999977 42.346645249000062 NAN, -71.035112869999978 42.34663241700008 NAN))"
2508,Constitution Road,5342500.000000000000000,0,2,,2018,SLM,0.001411037876007,"MULTILINESTRING M ((-71.061029646999941 42.370875154000032 NAN, -71.060746583999958 42.37100010100005 NAN, -71.060471382999935 42.371127904000048 NAN, -71.060373875999971 42.371182111000053 NAN, -71.060338927999965 42.371269756000061 NAN, -71.06037256999997 42.371370044000059 NAN, -71.060421721999944 42.371476577000067 NAN, -71.06040128799998 42.371550771000045 NAN, -71.060302705999959 42.371622980000041 NAN, -71.060151160999965 42.371700052000051 NAN))"
2509,Columbia Road,4654100.000000000000000,3,1,,2022,BL,0.001971627117026,"MULTILINESTRING M ((-71.058616808999943 42.320078641000066 NAN, -71.058387943999946 42.320113808000031 NAN, -71.05793302099994 42.320221779000065 NAN, -71.057686439999941 42.320298484000034 NAN, -71.057346153999958 42.320439534000059 NAN, -71.057093793999968 42.320556727000053 NAN, -71.056769761999988 42.320730474000072 NAN))"
2510,Summer Street,4468800.000000000000000,3,2,,2020,CFBL,0.000600791652217,"MULTILINESTRING M ((-71.058662450999975 42.354103212000041 NAN, -71.059134196999935 42.354475242000035 NAN))"
2511,Court Street,5423000.000000000000000,3,2,,2020,SBL,0.000396619847019,"MULTILINESTRING M ((-71.058593697999981 42.358995076000042 NAN, -71.058972237999967 42.35911346000006 NAN))"
2512,State Street,5523900.000000000000000,3,2,,2020,SBL,0.000523526348863,"MULTILINESTRING M ((-71.05544667099997 42.359073847000047 NAN, -71.055961998999976 42.358981560000075 NAN))"
2513,D Street,4564600.000000000000000,5,2,,2013,BLSL,0.000492075244955,"MULTILINESTRING M ((-71.052405919999956 42.337496222000027 NAN, -71.052786952999952 42.337184851000075 NAN))"
2514,D Street,4555200.000000000000000,5,2,,2013,BLSL,0.000576778422196,"MULTILINESTRING M ((-71.050840922999953 42.338803424000048 NAN, -71.051009310999973 42.338667912000062 NAN, -71.05128457099994 42.338434911000036 NAN))"
2515,A Street,5815800.000000000000000,5,2,,2013,BLSL,0.000704486828327,"MULTILINESTRING M ((-71.050169738999955 42.348160481000036 NAN, -71.050594758999978 42.347598645000062 NAN))"
2516,A Street,5435700.000000000000000,5,2,,2013,SLM,0.000909371171791,"MULTILINESTRING M ((-71.049017903999982 42.349647082000047 NAN, -71.04846355799998 42.350367954000035 NAN))"
2517,Atlantic Avenue,5652300.000000000000000,3,2,,2011,BL,0.000516285713286,"MULTILINESTRING M ((-71.051408798999944 42.354764326000065 NAN, -71.051224632999947 42.354916720000062 NAN, -71.051060389999975 42.355140077000044 NAN))"
2518,John F. Fitzgerald Surface Road,5586500.000000000000000,3,2,,2011,BL,0.000917360603865,"MULTILINESTRING M ((-71.052156915999944 42.358680387000049 NAN, -71.05189620799996 42.357800852000025 NAN))"
2519,Atlantic Avenue,45230600.000000000000000,3,2,,2011,BFBL,0.000620857255873,"MULTILINESTRING M ((-71.051650938999956 42.359025933000055 NAN, -71.051720975999956 42.359300706000056 NAN, -71.051817986999936 42.359623753000051 NAN))"
2520,Atlantic Avenue,45230500.000000000000000,3,2,,2011,BFBL,0.000264013762511,"MULTILINESTRING M ((-71.051583068999946 42.35877079200003 NAN, -71.051650938999956 42.359025933000055 NAN))"
2521,Atlantic Avenue,5271200.000000000000000,3,2,,2011,BFBL,0.000916855817364,"MULTILINESTRING M ((-71.051339390999942 42.357886911000037 NAN, -71.051583068999946 42.35877079200003 NAN))"
2522,High Street,45232100.000000000000000,3,2,,2011,SLM,0.000721742927936,"MULTILINESTRING M ((-71.051492225999937 42.356687583000053 NAN, -71.050770506999982 42.356681706000074 NAN))"
2523,Commercial Street,5149400.000000000000000,5,2,,2017,SBL,0.000273550449073,"MULTILINESTRING M ((-71.051084167999988 42.364003204000028 NAN, -71.051076465999984 42.364276646000064 NAN))"
2524,Commercial Street,5641200.000000000000000,5,2,,2017,SBL,0.000265159221477,"MULTILINESTRING M ((-71.052090298999985 42.367020671000034 NAN, -71.051882148999937 42.366856406000068 NAN))"
2525,Commercial Street,5727700.000000000000000,5,2,,2017,SBL,0.000814374573081,"MULTILINESTRING M ((-71.051108838999937 42.365398435000031 NAN, -71.051116712999942 42.365507430000036 NAN, -71.051127248999933 42.365646341000058 NAN, -71.051154860999986 42.365815234000081 NAN, -71.051225416999955 42.366022747000045 NAN, -71.051296302999958 42.36618326200005 NAN))"
2526,D Street,4530400.000000000000000,5,2,,2013,BL,0.003029941871398,"MULTILINESTRING M ((-71.045264329999952 42.343575010000052 NAN, -71.042965477999985 42.34554879500007 NAN))"
2527,D Street,5472900.000000000000000,3,2,,2013,BL,0.000106687975791,"MULTILINESTRING M ((-71.042204218999984 42.346241807000069 NAN, -71.042113794999977 42.346298427000079 NAN))"
2528,D Street,5285900.000000000000000,3,5,,2013,BLSL,0.000999138105995,"MULTILINESTRING M ((-71.042113794999977 42.346298427000079 NAN, -71.04136396399997 42.346958753000081 NAN))"
2529,D Street Extension,45263700.000000000000000,3,5,1,2013,SLM,0.000744149045339,"MULTILINESTRING M ((-71.040717541999982 42.347521658000062 NAN, -71.040534298999944 42.347566154000049 NAN, -71.040114241999959 42.347929778000037 NAN))"
2530,Meridian Street,4418700.000000000000000,3,2,,2013,BLSL,0.000755129739907,"MULTILINESTRING M ((-71.039119816999971 42.376390176000029 NAN, -71.039162894999947 42.377144076000036 NAN))"
2531,Maverick Street,5157200.000000000000000,5,2,,2015,BL,0.000810885047717,"MULTILINESTRING M ((-71.032648590999941 42.367408461000025 NAN, -71.032989813999961 42.367563066000059 NAN, -71.03338722899997 42.367743048000079 NAN))"
2532,Bennington Street,5637600.000000000000000,5,2,1,2008,SLM,0.000458134432465,"MULTILINESTRING M ((-71.024015109999937 42.380465684000058 NAN, -71.023653060999948 42.380596418000039 NAN, -71.023584592999953 42.380622323000068 NAN))"
2533,Bennington Street,5124401.000000000000000,5,2,,2008,SLM,0.002105603711803,"MULTILINESTRING M ((-71.020394676999956 42.38188987400008 NAN, -71.018421908999983 42.382625913000027 NAN))"
2534,Bennington Street,4396900.000000000000000,5,2,,2008,SLM,0.002301815959980,"MULTILINESTRING M ((-71.018421908999983 42.382625913000027 NAN, -71.016264295999974 42.383427825000069 NAN))"
2535,Washington Street,4478200.000000000000000,3,2,,2010,SLM,0.000470921562775,"MULTILINESTRING M ((-71.173937009999975 42.353406042000074 NAN, -71.173520778999944 42.353185772000074 NAN))"
2536,Washington Street,4487900.000000000000000,3,2,,2010,SLM,0.000991195367343,"MULTILINESTRING M ((-71.171748380999986 42.352291131000072 NAN, -71.170864862999963 42.351841838000041 NAN))"
2537,Beacon Street,4585800.000000000000000,3,2,,2009,BL,0.000433479115185,"MULTILINESTRING M ((-71.162732259999984 42.333970049000072 NAN, -71.162525765999987 42.33397450800004 NAN, -71.162298829999941 42.333973842000034 NAN))"
2538,Commonwealth Avenue,6291100.000000000000000,3,2,1,2013,BL,0.000917574316986,"MULTILINESTRING M ((-71.160617059999936 42.340137565000077 NAN, -71.161534036999967 42.340170668000042 NAN))"
2539,Baker Street,5688200.000000000000000,6,2,,2014,BL,0.002859952404387,"MULTILINESTRING M ((-71.174271664999935 42.291555944000038 NAN, -71.174382134999973 42.291655487000071 NAN, -71.174630215999969 42.291826126000046 NAN, -71.175126854999974 42.292150509000066 NAN, -71.175445861999947 42.29234778700004 NAN, -71.175701095999955 42.292565708000041 NAN, -71.175898876999952 42.292830166000044 NAN, -71.176096783999981 42.293106439000042 NAN, -71.17623103699998 42.293271123000068 NAN, -71.176407645999973 42.293408451000062 NAN))"
2540,Veterans Of Foreign Wars Parkway,5214800.000000000000000,2,3,1,2013,BL,0.000504353173920,"MULTILINESTRING M ((-71.171822863999978 42.27756295000006 NAN, -71.171675168999968 42.278045193000025 NAN))"
2541,Baker Street,5687901.000000000000000,6,2,,2014,BL,0.000383732535429,"MULTILINESTRING M ((-71.173537746999955 42.290696387000025 NAN, -71.173561416999974 42.290725850000058 NAN, -71.173775766999938 42.290997379000032 NAN))"
2542,Veterans Of Foreign Wars Parkway,6218300.000000000000000,2,3,1,2013,SLM,0.000828360068645,"MULTILINESTRING M ((-71.166712655999959 42.291463337000039 NAN, -71.167464842999948 42.291116357000078 NAN))"
2543,Veterans Of Foreign Wars Parkway,4835500.000000000000000,2,3,1,2013,BL,0.000890162369429,"MULTILINESTRING M ((-71.165736196999944 42.291714669000044 NAN, -71.164938780999933 42.292110291000029 NAN))"
2544,Veterans Of Foreign Wars Parkway,6218500.000000000000000,2,3,1,2013,BL,0.001826648813157,"MULTILINESTRING M ((-71.163451954999971 42.293072085000063 NAN, -71.163458253999977 42.293068986000037 NAN, -71.165086696999936 42.292257061000043 NAN))"
2545,Commonwealth Avenue,6227900.000000000000000,3,2,1,2013,SLM,0.002611642445925,"MULTILINESTRING M ((-71.163522223999962 42.340224313000078 NAN, -71.164288589999956 42.340233870000077 NAN, -71.164897703999941 42.340219891000061 NAN, -71.165558390999934 42.340170613000055 NAN, -71.166127048999954 42.340096864000031 NAN))"
2546,Washington Street,4499300.000000000000000,3,2,,2010,BL,0.000732697868151,"MULTILINESTRING M ((-71.165392293999957 42.350280927000028 NAN, -71.165129983999975 42.350180009000042 NAN, -71.16486042799994 42.350050372000055 NAN, -71.164733245999969 42.349966159000076 NAN))"
2547,Faneuil Street,4484900.000000000000000,6,2,,2017,SLM,0.000449093302864,"MULTILINESTRING M ((-71.163623336999933 42.352343053000027 NAN, -71.163179937999985 42.352414342000031 NAN))"
2548,Veterans Of Foreign Wars Parkway,5107700.000000000000000,2,3,1,2013,SLM,0.003161273802746,"MULTILINESTRING M ((-71.162466969999969 42.293291742000065 NAN, -71.160615448999977 42.294213102000072 NAN, -71.160147361999975 42.294445347000078 NAN, -71.159635469999955 42.294697529000075 NAN))"
2549,Washington Street,5812000.000000000000000,3,2,,2010,BL,0.000633090826439,"MULTILINESTRING M ((-71.158654241999955 42.348986092000075 NAN, -71.158236922999947 42.349041121000027 NAN, -71.158025386999952 42.349057372000061 NAN))"
2550,Washington Street,5811800.000000000000000,3,2,,2010,BL,0.000217265423360,"MULTILINESTRING M ((-71.158025386999952 42.349057372000061 NAN, -71.157808728999953 42.349073607000037 NAN))"
2551,Washington Street,4503900.000000000000000,3,2,,2010,BL,0.000728326527329,"MULTILINESTRING M ((-71.156475347999958 42.349114085000053 NAN, -71.155747077999933 42.349123159000044 NAN))"
2552,Northern Avenue,5652800.000000000000000,6,2,,2018,BLSL,0.001031447981942,"MULTILINESTRING M ((-71.047867826999948 42.353847545000065 NAN, -71.047071918999961 42.353497189000052 NAN, -71.046924665999938 42.35343004300006 NAN))"
2553,Summer Street,6237600.000000000000000,3,2,1,2023,SBL,0.000605301993244,"MULTILINESTRING M ((-71.039493429999936 42.344495663000032 NAN, -71.039345843999968 42.34439885300003 NAN, -71.038982471999987 42.344171195000058 NAN))"
2554,Summer Street,45263000.000000000000000,3,2,1,2023,SBL,0.002097189925050,"MULTILINESTRING M ((-71.040340235999963 42.345179632000054 NAN, -71.040773502999969 42.345455352000045 NAN, -71.041860035999946 42.346151223000049 NAN, -71.042113794999977 42.346298427000079 NAN))"
2555,Summer Street,45423300.000000000000000,3,2,1,2023,SBL,0.001876360348893,"MULTILINESTRING M ((-71.045433830999968 42.347949930000027 NAN, -71.043772960999945 42.347076867000055 NAN))"
2556,Border Street,5614800.000000000000000,5,2,,2017,BL,0.000197919534220,"MULTILINESTRING M ((-71.039978196999982 42.374609545000055 NAN, -71.039915366999935 42.374797227000045 NAN))"
2557,Veterans Of Foreign Wars Parkway,5107900.000000000000000,2,3,1,2013,BL,0.000422357715716,"MULTILINESTRING M ((-71.155923808999944 42.295629165000037 NAN, -71.155501512999933 42.29562194500005 NAN))"
2558,Commonwealth Avenue,6237800.000000000000000,3,2,1,2013,SLM,0.001079658212156,"MULTILINESTRING M ((-71.152588033999962 42.338904379000041 NAN, -71.152688756999964 42.338724066000054 NAN, -71.152820537999958 42.338550593000036 NAN, -71.152962104999972 42.338425542000039 NAN, -71.153082968999968 42.338341506000063 NAN, -71.153365912999959 42.338193811000053 NAN))"
2559,Chestnut Hill Avenue,4531400.000000000000000,5,2,,2013,BL,0.000714397079362,"MULTILINESTRING M ((-71.153436294999949 42.343820670000071 NAN, -71.153464774999975 42.343956737000042 NAN, -71.153482881999935 42.344045477000066 NAN, -71.153474199999948 42.344175516000064 NAN, -71.153436081999985 42.344344883000076 NAN, -71.153368652999973 42.344512726000062 NAN))"
2560,Washington Street,5784101.000000000000000,3,2,,2010,SLM,0.000211559645531,"MULTILINESTRING M ((-71.154649894999977 42.349140068000054 NAN, -71.154438431999949 42.349146462000078 NAN))"
2561,Chestnut Hill Avenue,5656400.000000000000000,5,2,,2013,BLSL,0.000731394918375,"MULTILINESTRING M ((-71.153452388999938 42.34912789200007 NAN, -71.153476965999971 42.348869323000031 NAN, -71.153514969999947 42.348785601000031 NAN, -71.153605810999977 42.34864632700004 NAN, -71.153729627999951 42.34847247600004 NAN))"
2562,Market Street,5789700.000000000000000,5,2,,2013,SLM,0.000559180475880,"MULTILINESTRING M ((-71.153421158999947 42.349466722000045 NAN, -71.153330398999969 42.349590803000069 NAN, -71.153071112999953 42.349902507000024 NAN))"
2563,Market Street,4482700.000000000000000,5,2,,2013,BL,0.000938381866341,"MULTILINESTRING M ((-71.151366826999947 42.352555816000063 NAN, -71.151134844999945 42.352906786000062 NAN, -71.150881821999974 42.353358411000045 NAN))"
2564,Market Street,4476600.000000000000000,5,2,,2013,BL,0.000305958775335,"MULTILINESTRING M ((-71.150881821999974 42.353358411000045 NAN, -71.150707662999935 42.353609965000032 NAN))"
2565,Market Street,4474600.000000000000000,5,2,,2013,BL,0.000333783303203,"MULTILINESTRING M ((-71.150707662999935 42.353609965000032 NAN, -71.150533504999942 42.353894711000066 NAN))"
2566,Belgrade Avenue,5403201.000000000000000,3,2,,2013,SLM,0.000535609491760,"MULTILINESTRING M ((-71.149908603999961 42.286789551000027 NAN, -71.150000906999935 42.287053601000025 NAN, -71.150050280999949 42.287203427000065 NAN, -71.150071920999949 42.28729915100007 NAN))"
2567,Belgrade Avenue,5403200.000000000000000,3,2,,2013,SLM,0.001309862254445,"MULTILINESTRING M ((-71.148970728999984 42.285911579000071 NAN, -71.149196701999983 42.286056317000032 NAN, -71.149367697999935 42.286166589000061 NAN, -71.149570855999968 42.286318682000058 NAN, -71.149677477999944 42.286421702000041 NAN, -71.149794178999969 42.286576101000037 NAN, -71.149901868999962 42.286770269000044 NAN, -71.149908603999961 42.286789551000027 NAN))"
2568,Commonwealth Avenue Frontage Road Wb,5435300.000000000000000,0,2,1,2013,SLM,0.000584973445604,"MULTILINESTRING M ((-71.142791504999934 42.344377383000051 NAN, -71.143109806999973 42.343886590000068 NAN))"
2569,Belgrade Avenue,4899501.000000000000000,3,2,,2009,BL,0.000435958580962,"MULTILINESTRING M ((-71.146938820999935 42.286026033000041 NAN, -71.146502865999935 42.286027800000056 NAN))"
2570,Centre Street,4874500.000000000000000,5,2,,2010,BL,0.000441477168234,"MULTILINESTRING M ((-71.145933095999965 42.287874474000034 NAN, -71.145874593999963 42.287900742000033 NAN, -71.145515494999984 42.288016672000026 NAN))"
2571,Belgrade Avenue,4898600.000000000000000,3,2,,2009,BL,0.000276688839786,"MULTILINESTRING M ((-71.145173195999973 42.286046770000041 NAN, -71.145090571999958 42.286050457000044 NAN, -71.144896725999956 42.286057736000032 NAN))"
2572,Commonwealth Avenue Frontage Road Wb,4540600.000000000000000,0,2,1,2013,BL,0.001627776997260,"MULTILINESTRING M ((-71.147007660999975 42.341790256000024 NAN, -71.147128061999979 42.341791749000038 NAN, -71.147306488999959 42.341792296000051 NAN, -71.14762798299995 42.341810163000048 NAN, -71.148071520999963 42.341840220000051 NAN, -71.148633644999961 42.341822810000053 NAN))"
2573,Commonwealth Avenue Frontage Road Eb,5109500.000000000000000,0,2,1,2013,SLM,0.001966495763567,"MULTILINESTRING M ((-71.144030794999935 42.342234391000034 NAN, -71.143640150999943 42.342515444000071 NAN, -71.143401937999954 42.342734002000043 NAN, -71.14323709699994 42.342894214000069 NAN, -71.143104992999952 42.343056933000071 NAN, -71.142979350999951 42.343231837000076 NAN, -71.142883446999974 42.343367878000038 NAN, -71.142675631999964 42.343637865000062 NAN))"
2574,Cambridge Street,6242000.000000000000000,3,2,1,2010,BL,0.000415590469805,"MULTILINESTRING M ((-71.148620866999977 42.349587760000077 NAN, -71.149016880999966 42.34946171100006 NAN))"
2575,Cambridge Street,5237000.000000000000000,3,2,1,2010,BL,0.000402385983638,"MULTILINESTRING M ((-71.148985051999944 42.349416635000068 NAN, -71.148620866999977 42.349587760000077 NAN))"
2576,Market Street,5442800.000000000000000,5,2,,2013,BLSL,0.000510156584502,"MULTILINESTRING M ((-71.149535738999987 42.355465859000049 NAN, -71.149642679999943 42.355302079000069 NAN, -71.149809350999988 42.355035311000051 NAN))"
2577,Market Street,4456900.000000000000000,5,2,,2013,SLM,0.000505195013105,"MULTILINESTRING M ((-71.148566973999948 42.357002590000036 NAN, -71.148310308999953 42.357437728000036 NAN))"
2578,Market Street,6279600.000000000000000,5,2,1,2013,BL,0.000331661764184,"MULTILINESTRING M ((-71.147604249999972 42.35887555000005 NAN, -71.147639238999943 42.358545739000078 NAN))"
2579,Centre Street,4859100.000000000000000,5,2,,2019,BFBL,0.000388675672963,"MULTILINESTRING M ((-71.142026726999973 42.289410324000073 NAN, -71.141719584999976 42.289648510000063 NAN))"
2580,Commonwealth Avenue Frontage Road Wb,5264000.000000000000000,0,2,1,2013,SLM,0.003006614878938,"MULTILINESTRING M ((-71.140911463999942 42.34772676800003 NAN, -71.140928196999937 42.347659886000031 NAN, -71.140979781999988 42.347491805000061 NAN, -71.141083135999963 42.347189968000066 NAN, -71.141168950999941 42.34697191600003 NAN, -71.141243245999988 42.34681291000004 NAN, -71.141300227999977 42.346695484000065 NAN, -71.141522448999979 42.346299491000025 NAN, -71.141727322999941 42.345985026000051 NAN, -71.142085695999981 42.345453287000055 NAN, -71.142306248999944 42.345082038000044 NAN))"
2581,Commonwealth Avenue Frontage Road Eb,5110200.000000000000000,0,2,1,2013,SLM,0.001142885024995,"MULTILINESTRING M ((-71.140383560999965 42.347459557000036 NAN, -71.140345031999971 42.347598983000069 NAN, -71.140245945999936 42.348049942000046 NAN, -71.140186148999987 42.348193800000047 NAN, -71.140148186999966 42.348266267000042 NAN, -71.140073366999957 42.348350999000047 NAN, -71.139932345999966 42.34847209600008 NAN))"
2582,Cambridge Street,5193600.000000000000000,3,2,,2010,BL,0.000211092195631,"MULTILINESTRING M ((-71.142997212999944 42.351642789000039 NAN, -71.142789706999963 42.351681534000079 NAN))"
2583,Harvard Avenue,5262600.000000000000000,3,2,,2010,BL,0.000185548643299,"MULTILINESTRING M ((-71.130984160999958 42.350345024000035 NAN, -71.131000853999979 42.350376588000074 NAN, -71.131021115999943 42.350414353000076 NAN, -71.131040865999978 42.350441990000036 NAN, -71.131050386999959 42.350468466000052 NAN, -71.131071775999942 42.350507922000077 NAN))"
2584,Harvard Avenue,4477800.000000000000000,3,2,,2010,BLSL,0.000392816956415,"MULTILINESTRING M ((-71.132186822999984 42.353454312000054 NAN, -71.132106748999945 42.353069743000049 NAN))"
2585,Everett Street,5645200.000000000000000,6,2,,2017,BLSL,0.000992887354360,"MULTILINESTRING M ((-71.135706681999977 42.36226453900008 NAN, -71.135332079999955 42.36318404900004 NAN))"
2586,Cambridge Street,5193700.000000000000000,3,2,,2010,BL,0.000689516982214,"MULTILINESTRING M ((-71.138997382999946 42.353000990000055 NAN, -71.138345965999974 42.353227020000077 NAN))"
2587,Western Avenue,4437500.000000000000000,5,2,,2024,SBL,0.002283076847250,"MULTILINESTRING M ((-71.142873479999935 42.362039593000077 NAN, -71.14062854499997 42.362455173000058 NAN))"
2588,Knight Street,5464300.000000000000000,0,2,,0,SUP,0.000583331100449,"MULTILINESTRING M ((-71.133347503999971 42.24588587900007 NAN, -71.133378111999946 42.246027776000062 NAN, -71.133469767999941 42.246456253000076 NAN))"
2589,Knight Street,5914200.000000000000000,0,2,,0,SUP,0.001235477990829,"MULTILINESTRING M ((-71.133469767999941 42.246456253000076 NAN, -71.13349107199997 42.246569802000067 NAN, -71.133543510999971 42.246815799000046 NAN, -71.13356198799994 42.246886165000035 NAN, -71.133568822999962 42.246929504000036 NAN, -71.133589561999941 42.247002462000069 NAN, -71.133667350999986 42.247189226000046 NAN, -71.133827721999978 42.247509149000052 NAN, -71.133878507999952 42.247613179000041 NAN))"
2590,River Street,5078200.000000000000000,5,2,,2012,BLSL,0.000952390599696,"MULTILINESTRING M ((-71.12880211199996 42.25424582100004 NAN, -71.128842367999937 42.25419418000007 NAN, -71.128987588999962 42.254035413000054 NAN, -71.129182639999954 42.253839099000061 NAN, -71.129272736999951 42.253747107000038 NAN, -71.129467886999976 42.253565990000027 NAN))"
2591,Belgrade Avenue,4894400.000000000000000,3,2,,2009,BL,0.002170577688215,"MULTILINESTRING M ((-71.135228137999945 42.28631103400005 NAN, -71.134233069999937 42.286323064000044 NAN, -71.133851446999984 42.286333666000075 NAN, -71.133382405999953 42.286359177000065 NAN, -71.13305926299995 42.286381779000067 NAN))"
2592,Centre Street,4820100.000000000000000,5,2,,2019,BFBL,0.000765861286766,"MULTILINESTRING M ((-71.13730600599996 42.293364713000074 NAN, -71.136704554999937 42.293838844000049 NAN))"
2593,Walter Street,4837700.000000000000000,6,2,,2016,BLSL,0.000376453357180,"MULTILINESTRING M ((-71.131577835999963 42.291349508000053 NAN, -71.131236997999963 42.291509341000051 NAN))"
2594,Centre Street,5822101.000000000000000,5,2,1,2010,SLM,0.000252346684896,"MULTILINESTRING M ((-71.136080795999987 42.294317846000069 NAN, -71.136075950999953 42.294321376000028 NAN, -71.135877939999943 42.294467940000061 NAN))"
2595,Centre Street,5212900.000000000000000,2,3,1,2011,BL,0.000649075698511,"MULTILINESTRING M ((-71.132454206999967 42.29698200100006 NAN, -71.131976350999935 42.297174036000058 NAN, -71.131852504999983 42.297225405000063 NAN))"
2596,Washington Street,4812200.000000000000000,3,2,,2009,BL-PEAKBUS,0.000177249209418,"MULTILINESTRING M ((-71.119916597999975 42.294175600000074 NAN, -71.119786652999949 42.294296147000068 NAN))"
2597,Washington Street,5116900.000000000000000,3,2,,2009,BL-PEAKBUS,0.000464503354897,"MULTILINESTRING M ((-71.118767764999973 42.295253278000075 NAN, -71.118431776999955 42.295574020000061 NAN))"
2598,Washington Street,4909300.000000000000000,3,2,,2023,BL-PEAKBUS,0.000927867220882,"MULTILINESTRING M ((-71.129650436999952 42.285055271000033 NAN, -71.128967397999986 42.285683280000057 NAN))"
2599,Washington Street,4901500.000000000000000,3,2,,2009,BL,0.001141657860066,"MULTILINESTRING M ((-71.128967397999986 42.285683280000057 NAN, -71.128371135999942 42.28624291400007 NAN, -71.128128133999951 42.286457075000044 NAN))"
2600,Washington Street,4893000.000000000000000,3,2,,2009,BL-PEAKBUS,0.000996905212493,"MULTILINESTRING M ((-71.128128133999951 42.286457075000044 NAN, -71.127537819999986 42.286969463000048 NAN, -71.127373500999965 42.287108475000025 NAN))"
2601,Washington Street,4866900.000000000000000,3,2,,2009,BL-PEAKBUS,0.000200867671447,"MULTILINESTRING M ((-71.125965268999948 42.288490922000051 NAN, -71.125814623999986 42.288623790000031 NAN))"
2602,Walter Street,6240000.000000000000000,6,2,,2016,SLM,0.000159722468072,"MULTILINESTRING M ((-71.130396169999983 42.297997799000029 NAN, -71.130276840999954 42.297891630000038 NAN))"
2603,Walter Street,6294700.000000000000000,6,2,,2016,BL,0.000365133018818,"MULTILINESTRING M ((-71.129800957999976 42.29789054500003 NAN, -71.129781368999943 42.298047588000031 NAN, -71.129724875999955 42.298246598000048 NAN))"
2604,Centre Street,6211800.000000000000000,2,3,1,2011,BL,0.002915999143951,"MULTILINESTRING M ((-71.127925974999982 42.300165173000039 NAN, -71.128073019999988 42.30003679400005 NAN, -71.128291641999965 42.299819181000032 NAN, -71.128803824999977 42.299304851000045 NAN, -71.129388288999962 42.298742364000077 NAN, -71.129622556999948 42.298537176000025 NAN, -71.129889297999966 42.298320278000062 NAN, -71.130068544999972 42.298192561000064 NAN))"
2605,Centre Street,6221700.000000000000000,2,3,1,2011,BL,0.001677253654449,"MULTILINESTRING M ((-71.124348705999978 42.306012223000039 NAN, -71.124409237999942 42.305871191000051 NAN, -71.12455166899997 42.30559762300004 NAN, -71.124634284999956 42.305375636000065 NAN, -71.12467320899998 42.305202455000028 NAN, -71.124701456999958 42.305008985000029 NAN, -71.124740887999963 42.304751403000068 NAN, -71.124781008999946 42.304408857000055 NAN))"
2606,Harvard Avenue,5871600.000000000000000,3,2,,2010,BL,0.000402389325543,"MULTILINESTRING M ((-71.129783610999937 42.348911420000036 NAN, -71.12989682999995 42.349065934000066 NAN, -71.130033189999949 42.349226736000048 NAN))"
2607,North Harvard Street,4451700.000000000000000,5,2,,2012,BLSL,0.000570059254289,"MULTILINESTRING M ((-71.126759166999989 42.358432296000046 NAN, -71.126875792999954 42.358660558000054 NAN, -71.127051414999983 42.35892052500003 NAN))"
2608,Cambridge Street,6264900.000000000000000,3,2,1,2022,BL,0.000815379405789,"MULTILINESTRING M ((-71.123932476999983 42.358826527000076 NAN, -71.124707636999972 42.358573603000025 NAN))"
2609,Cambridge Street,5609600.000000000000000,3,2,1,2022,SBL,0.002767870858494,"MULTILINESTRING M ((-71.125783765999984 42.358069574000069 NAN, -71.124890973999982 42.358362072000034 NAN, -71.124868101999937 42.358370483000044 NAN, -71.124640270999976 42.358454282000025 NAN, -71.12386450799994 42.358731548000037 NAN, -71.123756229999969 42.358770245000073 NAN, -71.123322959999939 42.358941009000034 NAN, -71.123180738999963 42.359006909000072 NAN))"
2610,North Harvard Street,5753500.000000000000000,5,2,,2012,BL,0.001118185279768,"MULTILINESTRING M ((-71.129768686999967 42.361081056000046 NAN, -71.130101619999948 42.361396036000031 NAN, -71.130277279999973 42.361619985000061 NAN, -71.130362265999963 42.361780059000068 NAN, -71.130417894999937 42.361965921000035 NAN))"
2611,North Harvard Street,5738800.000000000000000,5,2,,2009,BL,0.000561933051813,"MULTILINESTRING M ((-71.12498478699996 42.367013007000025 NAN, -71.124592723999967 42.367415568000069 NAN))"
2612,Centre Street,4897300.000000000000000,5,2,,2023,SBL,0.001307292661461,"MULTILINESTRING M ((-71.154872979999936 42.286170294000044 NAN, -71.154623500999946 42.286269700000048 NAN, -71.154400941999938 42.286365816000057 NAN, -71.154181914999981 42.28650751400005 NAN, -71.154028232999963 42.286618464000071 NAN, -71.153753516999984 42.28682864700005 NAN))"
2613,Winship Street,5265700.000000000000000,5,2,,2024,SBLSL,0.000223431554916,"MULTILINESTRING M ((-71.152005920999954 42.346809736000068 NAN, -71.151885380999943 42.34699786300007 NAN))"
2614,Centre Street,5373200.000000000000000,3,2,,2023,BL,0.000251717360784,"MULTILINESTRING M ((-71.148687009999946 42.287161002000062 NAN, -71.148556669999948 42.287160603000075 NAN, -71.148435493999955 42.287167581000062 NAN))"
2615,North Beacon Street,4464100.000000000000000,3,2,,2024,BL,0.001257695253759,"MULTILINESTRING M ((-71.147536447999983 42.355758162000029 NAN, -71.146316945999956 42.355450571000063 NAN))"
2616,Washington Street,5281200.000000000000000,3,2,,2016,BFBL,0.000431122784734,"MULTILINESTRING M ((-71.138649288999943 42.276909196000076 NAN, -71.138317927999935 42.277184998000052 NAN))"
2617,Cummins Highway,4995800.000000000000000,3,2,,2020,SBL,0.001028874950527,"MULTILINESTRING M ((-71.111263072999975 42.275590855000075 NAN, -71.110823735999986 42.275356414000044 NAN, -71.110374469999954 42.275073546000044 NAN))"
2618,Windom Street,4445000.000000000000000,0,2,,2022,CFBS,0.001436251302731,"MULTILINESTRING M ((-71.123708490999945 42.359749154000042 NAN, -71.123825604999979 42.35992565600003 NAN, -71.124038651999967 42.360205438000037 NAN, -71.124467067999944 42.360758263000037 NAN, -71.124578757999984 42.36089086100003 NAN))"
2619,Cummins Highway,5540200.000000000000000,3,2,,2012,BL,0.001317724896437,"MULTILINESTRING M ((-71.123542290999978 42.282546718000049 NAN, -71.123468232999983 42.282495199000039 NAN, -71.122966057999975 42.282171695000045 NAN, -71.122433658999967 42.281834583000034 NAN))"
2620,Centre Street,5199200.000000000000000,5,2,,2011,SLM,0.000414247811092,"MULTILINESTRING M ((-71.119540521999966 42.308882237000034 NAN, -71.119130275999964 42.308824796000067 NAN))"
2621,Perkins Street,6228900.000000000000000,5,3,1,2008,BL,0.000137509884458,"MULTILINESTRING M ((-71.123835285999974 42.319383321000032 NAN, -71.12395622799994 42.319317884000043 NAN))"
2622,Washington Street,5705500.000000000000000,3,2,,2009,BL,0.002091090143164,"MULTILINESTRING M ((-71.11721037999996 42.296735845000057 NAN, -71.116829036999945 42.29709807200004 NAN, -71.116631096999981 42.297304478000058 NAN, -71.116367287999935 42.297562436000078 NAN, -71.116138648999936 42.297832325000059 NAN, -71.115955158999952 42.298124870000038 NAN, -71.115835181999955 42.298298612000053 NAN))"
2623,Arborway,5241700.000000000000000,0,3,1,2018,SBL,0.000126880941774,"MULTILINESTRING M ((-71.111710610999978 42.301215419000073 NAN, -71.111584888999971 42.30123252900006 NAN))"
2624,Centre Street,6211200.000000000000000,5,2,1,2011,SLM,0.000808708556183,"MULTILINESTRING M ((-71.116379526999935 42.309179701000062 NAN, -71.11624913199995 42.309211338000068 NAN, -71.116019526999935 42.309258401000079 NAN, -71.115811532999942 42.309273460000043 NAN, -71.115582201999985 42.30930589500008 NAN))"
2625,Centre Street,4717000.000000000000000,5,2,,2010,SLM,0.000720123868725,"MULTILINESTRING M ((-71.114397380999947 42.311629190000076 NAN, -71.114232631999982 42.312166006000041 NAN, -71.114181305999978 42.31231606700004 NAN))"
2626,Western Avenue,5151900.000000000000000,5,2,,2021,SBL,0.000546800209416,"MULTILINESTRING M ((-71.119996430999947 42.364009370000076 NAN, -71.119604336999942 42.364044087000025 NAN, -71.119451925999954 42.36405933900005 NAN))"
2627,Cambridge Street,6283800.000000000000000,3,1,1,2018,WALK,0.000358075579007,"MULTILINESTRING M ((-71.117441031999988 42.360993381000071 NAN, -71.11779833099996 42.360969811000075 NAN))"
2628,American Legion Highway,6232300.000000000000000,5,2,1,2020,SBL,0.000716989614326,"MULTILINESTRING M ((-71.11623842299997 42.280681920000063 NAN, -71.116352046999964 42.280374510000058 NAN, -71.11648648299996 42.28000920900007 NAN))"
2629,Centre Street,5134800.000000000000000,5,2,,2010,BL,0.000681925257091,"MULTILINESTRING M ((-71.114116681999974 42.314647059000038 NAN, -71.114092895999988 42.31522147700008 NAN, -71.114092242999959 42.31532849000007 NAN))"
2630,Centre Street,4701000.000000000000000,5,2,,2010,BL,0.000467504821062,"MULTILINESTRING M ((-71.114095292999934 42.313678043000039 NAN, -71.11410981399996 42.314094478000072 NAN, -71.114113864999979 42.314145133000068 NAN))"
2631,Centre Street,5135100.000000000000000,5,2,,2010,SLM,0.000280459005379,"MULTILINESTRING M ((-71.11324261599998 42.317260999000041 NAN, -71.113085072999979 42.317493028000058 NAN))"
2632,South Huntington Avenue,5127500.000000000000000,5,2,,2023,SBL,0.000990337677221,"MULTILINESTRING M ((-71.112139167999942 42.322144927000068 NAN, -71.112170136999964 42.322659329000032 NAN, -71.112202682999964 42.323133217000077 NAN))"
2633,Centre Street,4665600.000000000000000,5,2,,2010,SLM,0.000417173867621,"MULTILINESTRING M ((-71.112387608999938 42.318473121000068 NAN, -71.112146123999935 42.31881329600003 NAN))"
2634,South Huntington Avenue,4652100.000000000000000,5,2,,2023,SBL,0.000396976727398,"MULTILINESTRING M ((-71.11185987999994 42.320610671000054 NAN, -71.111928315999933 42.320949074000055 NAN, -71.111955537999961 42.320993054000041 NAN))"
2635,South Huntington Avenue,5127400.000000000000000,5,2,,2023,SBL,0.001085587578841,"MULTILINESTRING M ((-71.111669639999946 42.319548804000078 NAN, -71.111653869999941 42.319646657000078 NAN, -71.111668302999988 42.319766557000037 NAN, -71.111697491999962 42.319920835000062 NAN, -71.11185987999994 42.320610671000054 NAN))"
2636,Walk Hill Street,5133200.000000000000000,5,2,,2015,BL,0.000129625324385,"MULTILINESTRING M ((-71.106652205999978 42.287671853000063 NAN, -71.106755731999954 42.287749860000076 NAN))"
2637,Beacon Street,5871100.000000000000000,3,2,1,2018,BFBL,0.000676179503226,"MULTILINESTRING M ((-71.10664873099995 42.346073331000071 NAN, -71.105999908999934 42.34626372200006 NAN))"
2638,Commonwealth Avenue,5589200.000000000000000,3,2,1,2018,SBL,0.000863643502866,"MULTILINESTRING M ((-71.110953042999938 42.35045862000004 NAN, -71.110096916999964 42.350344917000029 NAN))"
2639,Beacon Street,6292400.000000000000000,3,2,1,2018,SBL,0.000071740184153,"MULTILINESTRING M ((-71.106751831999986 42.346278188000042 NAN, -71.106821579999973 42.34626139900007 NAN))"
2640,Park Drive,5655400.000000000000000,2,2,,2015,BL,0.000416641420420,"MULTILINESTRING M ((-71.10572579799998 42.347913057000028 NAN, -71.105533002999948 42.347543706000067 NAN))"
2641,Beacon Street,6292300.000000000000000,3,2,1,2018,SBL,0.001665290788544,"MULTILINESTRING M ((-71.105137479999939 42.346686919000035 NAN, -71.106751831999986 42.346278188000042 NAN))"
2642,Park Drive,5862700.000000000000000,2,2,,2015,BL,0.000507144348986,"MULTILINESTRING M ((-71.105348768999988 42.347147953000047 NAN, -71.105137479999939 42.346686919000035 NAN))"
2643,Mountfort Street,5655600.000000000000000,0,2,,2017,BL,0.001240187850175,"MULTILINESTRING M ((-71.104782863999958 42.348182448000045 NAN, -71.106001507999963 42.348412606000068 NAN))"
2644,Arborway,5763500.000000000000000,0,3,1,2018,SBL,0.000200130879142,"MULTILINESTRING M ((-71.107384739999986 42.300613930000054 NAN, -71.107209614999988 42.30051706100005 NAN))"
2645,James Shea Circle,5489200.000000000000000,2,1,1,2018,SBL,0.000381085972387,"MULTILINESTRING M ((-71.106177748999983 42.300599110000064 NAN, -71.106255600999987 42.30072597800006 NAN, -71.106352498999968 42.300806775000069 NAN, -71.106444259999932 42.300859983000066 NAN))"
2646,Rossmore Street,4766800.000000000000000,0,2,,2017,SLMTC,0.002409058423221,"MULTILINESTRING M ((-71.104335357999958 42.302771504000077 NAN, -71.104653465999945 42.302993732000061 NAN, -71.105147192999937 42.303376932000049 NAN, -71.105699600999969 42.303772147000075 NAN, -71.106278373999942 42.30419502400008 NAN))"
2647,Rossmore Street,4759700.000000000000000,0,2,,2017,SLMTC,0.000772386119815,"MULTILINESTRING M ((-71.106278373999942 42.30419502400008 NAN, -71.106899561999967 42.304654051000057 NAN))"
2648,Centre Street,4653700.000000000000000,5,2,,2010,SLM,0.000561605924136,"MULTILINESTRING M ((-71.111058619999937 42.320334499000069 NAN, -71.110940201999938 42.320480957000029 NAN, -71.110693948999938 42.320761466000079 NAN))"
2649,Centre Street,5315400.000000000000000,5,2,,2010,SLM,0.000686012056801,"MULTILINESTRING M ((-71.110532449999937 42.321007375000079 NAN, -71.110176715999955 42.321428184000069 NAN, -71.110091700999988 42.321533038000041 NAN))"
2650,Longwood Avenue,5745101.000000000000000,5,2,,2015,BLSL,0.000612041350113,"MULTILINESTRING M ((-71.100898524999934 42.336158409000063 NAN, -71.100325737999981 42.335942748000036 NAN))"
2651,Hereford Street,5122000.000000000000000,0,2,,2013,SLM,0.000573761564947,"MULTILINESTRING M ((-71.087003053999979 42.351536467000074 NAN, -71.08724635699997 42.35205608800004 NAN))"
2652,Centre Street,5726300.000000000000000,5,2,,2010,BLSL,0.001606618331010,"MULTILINESTRING M ((-71.108452758999988 42.322398019000047 NAN, -71.107985741999983 42.322449880000079 NAN, -71.107844687999943 42.322453340000038 NAN, -71.106852400999969 42.322534912000037 NAN))"
2653,Huntington Avenue,6235600.000000000000000,3,2,1,2013,SLM,0.000820170995599,"MULTILINESTRING M ((-71.104911094999977 42.33419888700007 NAN, -71.105315490999942 42.333994586000074 NAN, -71.10561710199994 42.33378532100005 NAN))"
2654,Longwood Avenue,4551300.000000000000000,5,2,,2015,BLSL,0.000874262345336,"MULTILINESTRING M ((-71.10904071799996 42.339962495000066 NAN, -71.108993888999976 42.339930262000053 NAN, -71.108284408999964 42.339524305000054 NAN))"
2655,River Street,5730100.000000000000000,5,2,,2013,SLM,0.000606268436266,"MULTILINESTRING M ((-71.100869889999956 42.264159759000052 NAN, -71.100437620999969 42.264404550000052 NAN, -71.10034707899996 42.264466132000052 NAN))"
2656,Blue Hill Avenue,6233300.000000000000000,2,2,1,2010,SLM,0.001046148801004,"MULTILINESTRING M ((-71.093843925999977 42.268688257000065 NAN, -71.093871186999934 42.268158299000049 NAN, -71.093881496999984 42.267642912000042 NAN))"
2657,Blue Hill Avenue,6257500.000000000000000,2,2,1,2010,BL,0.000122412181171,"MULTILINESTRING M ((-71.09370088999998 42.273271433000048 NAN, -71.093696350999949 42.273149105000073 NAN))"
2658,Blue Hill Avenue,5158400.000000000000000,2,2,1,2010,BL,0.001328222011412,"MULTILINESTRING M ((-71.093375428999934 42.277204051000069 NAN, -71.093363502999978 42.277464486000042 NAN, -71.093367885999953 42.277604581000048 NAN, -71.093361582999933 42.277870724000024 NAN, -71.093351214999984 42.278054958000041 NAN, -71.093322216999979 42.278276659000028 NAN, -71.093260904999966 42.278522136000049 NAN))"
2659,American Legion Highway,5707600.000000000000000,5,2,1,2020,SBL,0.001737194226773,"MULTILINESTRING M ((-71.094351866999943 42.293226522000055 NAN, -71.094273944999941 42.293310269000074 NAN, -71.093226905999984 42.294550107000077 NAN))"
2660,Ruggles Street,4572100.000000000000000,5,2,,2010,SLM,0.000847110090645,"MULTILINESTRING M ((-71.092025109999952 42.336333713000045 NAN, -71.09123588999995 42.336025935000066 NAN))"
2661,Centre Street,4638000.000000000000000,5,2,,2010,BLSL,0.000857029447978,"MULTILINESTRING M ((-71.104867621999972 42.322729546000062 NAN, -71.104016254999976 42.322827901000039 NAN))"
2662,Centre Street,5147500.000000000000000,5,2,,2010,BLSL,0.000745807256869,"MULTILINESTRING M ((-71.103606350999939 42.322878073000027 NAN, -71.103506511999967 42.322890290000032 NAN, -71.103218987999981 42.322913494000034 NAN, -71.102862518999984 42.322928018000027 NAN))"
2663,Huntington Avenue,6241600.000000000000000,3,2,1,2013,SLM,0.001193673121675,"MULTILINESTRING M ((-71.098134029999983 42.33679131100007 NAN, -71.099241040999971 42.336375554000028 NAN, -71.099251589999938 42.336371899000028 NAN))"
2664,Granby Street,5428300.000000000000000,0,2,,2023,SBLBL,0.000401041978506,"MULTILINESTRING M ((-71.10342688999998 42.350636368000039 NAN, -71.10351720999995 42.350245629000028 NAN))"
2665,Bay State Road,5653800.000000000000000,6,2,,2019,CFBL,0.002088867675644,"MULTILINESTRING M ((-71.097695005999981 42.35013028700007 NAN, -71.097959485999979 42.350148778000062 NAN, -71.099475970999947 42.350253663000046 NAN, -71.099778517999937 42.350279336000028 NAN))"
2666,Beacon Street,5742800.000000000000000,3,2,1,2020,SBL,0.004961588723109,"MULTILINESTRING M ((-71.101764708999951 42.347505291000061 NAN, -71.099500014999933 42.348130197000046 NAN, -71.096969152999975 42.348777220000045 NAN))"
2667,River Street,5045800.000000000000000,5,2,,2013,SLM,0.000791078200397,"MULTILINESTRING M ((-71.098328238999954 42.265597973000069 NAN, -71.098008409999977 42.26579829800005 NAN, -71.09786236399998 42.265921580000054 NAN, -71.097712271999967 42.266085925000027 NAN))"
2668,River Street,5839900.000000000000000,5,2,,2013,SLM,0.000800728881141,"MULTILINESTRING M ((-71.097712271999967 42.266085925000027 NAN, -71.097489210999981 42.266317536000031 NAN, -71.097336315999939 42.266445855000029 NAN, -71.097192384999971 42.266528054000048 NAN, -71.097086100999945 42.266568767000081 NAN))"
2669,River Street,5868900.000000000000000,5,2,,2013,SLM,0.000211059618102,"MULTILINESTRING M ((-71.095074973999942 42.267036602000076 NAN, -71.094887150999966 42.267132876000062 NAN))"
2670,Jewish War Veterans Drive,4756300.000000000000000,5,2,,2009,BL,0.001473699587149,"MULTILINESTRING M ((-71.095289701999945 42.304934478000064 NAN, -71.095128617999933 42.305022815000029 NAN, -71.094986758999937 42.305098843000053 NAN, -71.09477970599994 42.305175198000029 NAN, -71.094452598999965 42.305237065000028 NAN, -71.09421109699997 42.305246907000026 NAN, -71.09387748499995 42.305237515000044 NAN))"
2671,Seaver Street,5149000.000000000000000,3,2,1,2016,BFBL,0.000371908428532,"MULTILINESTRING M ((-71.094732644999965 42.313178684000036 NAN, -71.094919843999946 42.313307074000079 NAN, -71.095038141999964 42.313390770000069 NAN))"
2672,Walnut Avenue,4696800.000000000000000,6,2,,2011,SLM,0.000483155369364,"MULTILINESTRING M ((-71.094088448999969 42.314150422000068 NAN, -71.093938143999935 42.314328261000071 NAN, -71.093859170999963 42.314465281000025 NAN, -71.09382186199997 42.314549549000049 NAN))"
2673,Walnut Avenue,5206200.000000000000000,6,2,,2011,SLM,0.000676615587483,"MULTILINESTRING M ((-71.093559735999975 42.315523196000072 NAN, -71.093472677999955 42.315798039000072 NAN, -71.09333331199997 42.316160482000043 NAN))"
2674,Marcella Street,5716000.000000000000000,6,2,,2011,SLM,0.000885273328808,"MULTILINESTRING M ((-71.093910391999941 42.321254261000036 NAN, -71.093318799999963 42.320927499000049 NAN, -71.093146315999945 42.320808700000043 NAN))"
2675,Valentine Street,4645000.000000000000000,0,2,,2011,SLM,0.000855052675880,"MULTILINESTRING M ((-71.091941433999978 42.321700251000038 NAN, -71.092112059999977 42.321814518000053 NAN, -71.092629491999958 42.32220742100003 NAN))"
2676,Commonwealth Avenue,5126900.000000000000000,3,2,1,2009,BL,0.000726246212525,"MULTILINESTRING M ((-71.098064361999946 42.34889492700006 NAN, -71.09734313499996 42.348809691000042 NAN))"
2677,Commonwealth Avenue,6224800.000000000000000,3,2,1,2009,BL,0.000888818817271,"MULTILINESTRING M ((-71.097134941999968 42.348992377000059 NAN, -71.097384907999981 42.349009589000048 NAN, -71.097687933999964 42.349042722000036 NAN, -71.098019587999943 42.349077080000029 NAN))"
2678,Commonwealth Avenue,5127000.000000000000000,3,2,1,2009,BL,0.000375389001109,"MULTILINESTRING M ((-71.09734313499996 42.348809691000042 NAN, -71.096969152999975 42.348777220000045 NAN))"
2679,Commonwealth Avenue,5145700.000000000000000,3,2,1,2009,BL,0.001994242763192,"MULTILINESTRING M ((-71.096969152999975 42.348777220000045 NAN, -71.096836001999975 42.34876969700008 NAN, -71.096538535999969 42.348773107000056 NAN, -71.09573420299995 42.348784349000027 NAN, -71.094975452999961 42.348803126000064 NAN))"
2680,South Street,4771800.000000000000000,5,2,,,SLM,0.000259804236337,"MULTILINESTRING M ((-71.114476592999949 42.301917472000071 NAN, -71.114447747999975 42.302175670000054 NAN))"
2681,Eliot Street,5219500.000000000000000,0,2,,2023,CFBL,0.000312170373150,"MULTILINESTRING M ((-71.117549590999943 42.31172637800006 NAN, -71.11732236499995 42.311512325000081 NAN))"
2682,Green Street,5212400.000000000000000,6,2,,2023,BFBL,0.000214484927406,"MULTILINESTRING M ((-71.110712146999958 42.312069730000076 NAN, -71.110909068999945 42.312154733000057 NAN))"
2683,Canterbury Street,5289900.000000000000000,0,2,,2021,SLMTC,0.001802117161891,"MULTILINESTRING M ((-71.115183531999946 42.280013877000044 NAN, -71.115069630999983 42.280116445000033 NAN, -71.114469720999978 42.280640549000054 NAN, -71.114194450999946 42.280861886000025 NAN, -71.114027179999937 42.281017750000046 NAN, -71.113933620999944 42.281137852000029 NAN, -71.113851832999956 42.281223107000073 NAN))"
2684,Cummins Highway,5733800.000000000000000,3,2,,2020,SBL,0.000635563714142,"MULTILINESTRING M ((-71.110374469999954 42.275073546000044 NAN, -71.109814067999935 42.274773728000071 NAN))"
2685,Park Drive,4520100.000000000000000,2,3,,2018,SLM,0.000969066868223,"MULTILINESTRING M ((-71.105066858999976 42.346564475000037 NAN, -71.104624032999936 42.345702503000041 NAN))"
2686,Essex Street,5589300.000000000000000,2,2,,2018,BL,0.000198051145528,"MULTILINESTRING M ((-71.110919915999943 42.350653881000028 NAN, -71.110953042999938 42.35045862000004 NAN))"
2687,Forest Hills Entrance Drive,5311200.000000000000000,5,2,1,,BL,0.000386637735323,"MULTILINESTRING M ((-71.106067202999952 42.300945345000059 NAN, -71.106267951999939 42.300902704000066 NAN, -71.106444259999932 42.300859983000066 NAN))"
2688,Washington Street,4746300.000000000000000,3,2,,2016,SLM,0.000592595640484,"MULTILINESTRING M ((-71.10702361999995 42.306955299000037 NAN, -71.106603332999953 42.307373065000036 NAN))"
2689,Seaverns Avenue,5529600.000000000000000,6,2,,2023,BL,0.000322279167660,"MULTILINESTRING M ((-71.111532866999937 42.311927598000068 NAN, -71.111399313999982 42.311864424000078 NAN, -71.111244909999982 42.311783042000059 NAN))"
2690,Gordon Street,5508500.000000000000000,6,2,,2023,CFBL,0.000793956891335,"MULTILINESTRING M ((-71.108068000999936 42.310266338000076 NAN, -71.107882553999957 42.31019030300007 NAN, -71.107702730999961 42.310122731000035 NAN, -71.107630883999946 42.310095478000051 NAN, -71.107549892999941 42.310074944000064 NAN, -71.107320844999947 42.30999988700006 NAN))"
2691,Boylston Street,5765900.000000000000000,6,2,,2023,CFBL,0.000199425109098,"MULTILINESTRING M ((-71.107647649999933 42.317743786000051 NAN, -71.107831875999977 42.317820148000067 NAN))"
2692,Cummins Highway,5730300.000000000000000,3,2,1,,SLM,0.002253439432846,"MULTILINESTRING M ((-71.096071805999941 42.268817032000072 NAN, -71.094260411999983 42.267476569000053 NAN))"
2693,Babson Street,5205500.000000000000000,5,2,,2022,SBL,0.000672870843865,"MULTILINESTRING M ((-71.093610582999986 42.269515715000068 NAN, -71.093507884999951 42.269787692000079 NAN, -71.093421072999945 42.269944941000062 NAN, -71.093353934999982 42.270136019000063 NAN))"
2694,Franklin Park Service Road,5921400.000000000000000,0,2,,,SUP,0.001071584013656,"MULTILINESTRING M ((-71.099164789999975 42.295949566000047 NAN, -71.099050892999969 42.296012185000052 NAN, -71.098968950999961 42.29608505300007 NAN, -71.098836118999941 42.296265208000079 NAN, -71.098735406999936 42.296460676000038 NAN, -71.09867731199995 42.296687797000061 NAN, -71.098669134999966 42.296841381000036 NAN))"
2695,Washington Street,4729000.000000000000000,3,2,,2016,SLM,0.000813779741007,"MULTILINESTRING M ((-71.103995228999963 42.310008167000035 NAN, -71.103713232999951 42.310308796000072 NAN, -71.10342624499998 42.310589711000034 NAN))"
2696,Fenway Connector To Park Drive,4546100.000000000000000,3,3,1,2019,BL,0.000181174374919,"MULTILINESTRING M ((-71.099899085999937 42.340534244000025 NAN, -71.099850636999975 42.340615525000032 NAN, -71.099852510999938 42.340702054000076 NAN))"
2697,Brookline Avenue,4522000.000000000000000,3,2,,2019,BLSL,0.000857306390745,"MULTILINESTRING M ((-71.100318759999936 42.345478864000029 NAN, -71.099703050999949 42.346075418000055 NAN))"
2698,Overland Street,4517900.000000000000000,0,2,,,SLM,0.001429896623359,"MULTILINESTRING M ((-71.100952507999978 42.346770732000039 NAN, -71.099703050999949 42.346075418000055 NAN))"
2699,Brookline Avenue,5626600.000000000000000,3,2,,2019,BLSL,0.001553814854906,"MULTILINESTRING M ((-71.09857531199998 42.347181658000068 NAN, -71.09760406099997 42.348126381000043 NAN, -71.097460763999948 42.348264301000029 NAN))"
2700,Cummins Highway,6282100.000000000000000,3,2,1,,SLM,0.000803170873697,"MULTILINESTRING M ((-71.09671558399998 42.269297275000042 NAN, -71.096071805999941 42.268817032000072 NAN))"
2701,Washington Street,4674400.000000000000000,3,2,,2016,SLM,0.000413461073361,"MULTILINESTRING M ((-71.097086348999937 42.31703686000003 NAN, -71.09695052099994 42.317173680000053 NAN, -71.096799567999938 42.31733463900008 NAN))"
2702,Norfolk Street,5723400.000000000000000,5,2,,2017,BL,0.001357510079161,"MULTILINESTRING M ((-71.091049522999981 42.277812501000028 NAN, -71.090386210999952 42.278243408000037 NAN, -71.090122357999974 42.278444472000047 NAN, -71.089939550999986 42.278591809000034 NAN))"
2703,Blue Hill Avenue,5124300.000000000000000,2,2,1,2010,BL,0.000794175144073,"MULTILINESTRING M ((-71.092204887999969 42.28165978100003 NAN, -71.09195111799994 42.282412320000049 NAN))"
2704,Blue Hill Avenue,4910300.000000000000000,3,2,1,2010,BL,0.000541004106777,"MULTILINESTRING M ((-71.091165299999943 42.284821217000058 NAN, -71.090988842999934 42.285332635000032 NAN))"
2705,Blue Hill Avenue,6218900.000000000000000,3,2,1,2010,BL,0.000653648468472,"MULTILINESTRING M ((-71.090548904999935 42.287243083000078 NAN, -71.090756200999976 42.286623176000035 NAN))"
2706,Blue Hill Avenue,6219500.000000000000000,3,2,1,2010,BL,0.000826191389479,"MULTILINESTRING M ((-71.089233993999983 42.291230667000036 NAN, -71.089494738999974 42.290446700000075 NAN))"
2707,Blue Hill Avenue,6211900.000000000000000,3,2,1,2012,SLM,0.001767343842269,"MULTILINESTRING M ((-71.087025191999942 42.298156627000026 NAN, -71.087154975999965 42.297673622000048 NAN, -71.087529186999973 42.296462929000029 NAN))"
2708,Blue Hill Avenue,5167400.000000000000000,3,2,1,2012,SLM,0.001112709652602,"MULTILINESTRING M ((-71.087279184999943 42.296656761000065 NAN, -71.086948753999934 42.297719276000066 NAN))"
2709,Jewish War Veterans Drive,5190400.000000000000000,5,2,,2009,BL,0.001209546116338,"MULTILINESTRING M ((-71.088908953999976 42.301898865000055 NAN, -71.088657442999988 42.301876918000062 NAN, -71.088472838999962 42.301881885000057 NAN, -71.088259486999959 42.301907564000032 NAN, -71.088010596999936 42.301948874000061 NAN, -71.087725819999946 42.302058703000057 NAN))"
2710,Seaver Street,6228500.000000000000000,3,2,1,2016,BL,0.001813160078462,"MULTILINESTRING M ((-71.089079862999938 42.307538499000032 NAN, -71.088819933999957 42.307378891000042 NAN, -71.088593969999977 42.307241911000062 NAN, -71.088457244999972 42.307168275000038 NAN, -71.088225652999938 42.307052095000074 NAN, -71.08791690299995 42.306910877000064 NAN, -71.087483650999957 42.306681999000034 NAN))"
2711,Martin Luther King Boulevard,6239800.000000000000000,5,2,1,2011,BL,0.003836229461480,"MULTILINESTRING M ((-71.09209003999996 42.32158430100003 NAN, -71.092024355999968 42.321540176000042 NAN, -71.091718773999958 42.321395610000025 NAN, -71.091304278999985 42.321209010000075 NAN, -71.090823045999969 42.32099573000005 NAN, -71.090527407999957 42.320866948000059 NAN, -71.090239225999937 42.320729751000044 NAN, -71.090006573999972 42.32062313800003 NAN, -71.089424588999975 42.320367849000036 NAN, -71.088965130999952 42.320160264000037 NAN, -71.088605944999983 42.319982295000045 NAN))"
2712,Martin Luther King Boulevard,5221100.000000000000000,5,2,1,2011,BL,0.003917873353094,"MULTILINESTRING M ((-71.088396477999936 42.320042318000048 NAN, -71.088727442999982 42.320188112000039 NAN, -71.089517244999968 42.320548805000044 NAN, -71.090412744999981 42.320952631000068 NAN, -71.091642409999963 42.32150843900007 NAN, -71.091778803999944 42.32158094600004 NAN, -71.091941433999978 42.321700251000038 NAN))"
2713,Forsyth Street,5729200.000000000000000,0,2,,2012,BL,0.000521079982843,"MULTILINESTRING M ((-71.090971582999941 42.340459192000026 NAN, -71.091208235999943 42.340923433000057 NAN))"
2714,Huntington Avenue,6261800.000000000000000,3,2,1,2012,SLM,0.000418382402985,"MULTILINESTRING M ((-71.090645998999946 42.33979157300007 NAN, -71.091026147999969 42.339616843000044 NAN))"
2715,Forsyth Street,4549600.000000000000000,0,2,,2012,BL,0.000742778614497,"MULTILINESTRING M ((-71.090645998999946 42.33979157300007 NAN, -71.090971582999941 42.340459192000026 NAN))"
2716,Columbus Avenue,5194400.000000000000000,3,2,,2018,SBL,0.000582569910622,"MULTILINESTRING M ((-71.086173496999947 42.337384988000053 NAN, -71.085753355999941 42.337651602000051 NAN, -71.085682107999958 42.337697909000042 NAN))"
2717,Massachusetts Avenue,4534600.000000000000000,3,2,,2022,SBLBL,0.000905728779046,"MULTILINESTRING M ((-71.085796889999983 42.343340479000062 NAN, -71.085259224999959 42.342977298000051 NAN, -71.085046271999943 42.342833609000024 NAN))"
2718,Commonwealth Avenue,6270101.000000000000000,3,1,1,2010,BL,0.000194362569576,"MULTILINESTRING M ((-71.091736630999947 42.349198594000029 NAN, -71.091930909999974 42.349192895000044 NAN))"
2719,Commonwealth Avenue,5145800.000000000000000,3,2,1,2010,BL,0.000960835459847,"MULTILINESTRING M ((-71.091589671999941 42.348866484000041 NAN, -71.090628844999969 42.348870516000034 NAN))"
2720,Beacon Street,4495900.000000000000000,3,2,,2016,SBL,0.002226209833545,"MULTILINESTRING M ((-71.089497742999981 42.350856557000043 NAN, -71.091110474999937 42.350418911000077 NAN, -71.091648917999976 42.350283739000076 NAN))"
2721,Washington Street,6245400.000000000000000,3,2,1,2008,SLM,0.000083209560490,"MULTILINESTRING M ((-71.081076347999954 42.332987077000041 NAN, -71.081126592999965 42.332920750000028 NAN))"
2722,Washington Street,5271900.000000000000000,3,2,1,2008,SLM,0.000087831780538,"MULTILINESTRING M ((-71.081000929999959 42.332843923000041 NAN, -71.080957266999974 42.332920133000073 NAN))"
2723,Columbus Avenue,5669000.000000000000000,3,2,,2009,BL,0.000484405754556,"MULTILINESTRING M ((-71.082496654999943 42.340011528000048 NAN, -71.082130193999944 42.340328317000058 NAN))"
2724,Commonwealth Avenue,6220200.000000000000000,3,2,1,2010,BL,0.000745687071844,"MULTILINESTRING M ((-71.086216046999937 42.349931752000032 NAN, -71.086934234999944 42.349731115000054 NAN))"
2725,Hereford Street,5269800.000000000000000,5,2,,2013,BL,0.000481637406068,"MULTILINESTRING M ((-71.086216046999937 42.349931752000032 NAN, -71.086439784999982 42.350358268000036 NAN))"
2726,Norfolk Street,5217300.000000000000000,5,2,,2017,BL,0.000576874669299,"MULTILINESTRING M ((-71.081691035999938 42.284071362000077 NAN, -71.081365786999982 42.284181027000045 NAN, -71.081147194999971 42.284263507000048 NAN))"
2727,Norfolk Street,4916900.000000000000000,5,2,,2017,BL,0.000589602451149,"MULTILINESTRING M ((-71.081147194999971 42.284263507000048 NAN, -71.081051947999981 42.284313243000042 NAN, -71.080917136999972 42.284416848000035 NAN, -71.080866136999987 42.284508380000034 NAN, -71.080775483999957 42.284694860000059 NAN))"
2728,Commonwealth Avenue,6208800.000000000000000,3,2,1,2010,BL,0.002221200747515,"MULTILINESTRING M ((-71.078319978999957 42.352064596000048 NAN, -71.080462954999973 42.351480313000025 NAN))"
2729,Cambridge Street,45701300.000000000000000,3,2,,2011,BL,0.000072963052350,"MULTILINESTRING M ((-71.080931938999981 42.382142673000033 NAN, -71.080859653999937 42.382152597000072 NAN))"
2730,Blue Hill Avenue,5139000.000000000000000,3,2,1,2012,SLM,0.000611640259530,"MULTILINESTRING M ((-71.085760900999958 42.301304720000076 NAN, -71.08556714499997 42.30188486000003 NAN))"
2731,Blue Hill Avenue,4762400.000000000000000,3,2,1,2010,BL,0.001814011424860,"MULTILINESTRING M ((-71.085033298999974 42.303492865000067 NAN, -71.084955202999936 42.303755920000071 NAN, -71.084821850999958 42.304180835000068 NAN, -71.084693540999979 42.304673845000025 NAN, -71.08465414799997 42.30487233100007 NAN, -71.084614164999948 42.305131584000037 NAN, -71.084591978999981 42.305249669000034 NAN))"
2732,Old Road,5384100.000000000000000,0,2,,2009,BL,0.000243222199890,"MULTILINESTRING M ((-71.084348746999979 42.303271507000034 NAN, -71.084223174999977 42.303348142000061 NAN, -71.084151874999975 42.303412593000076 NAN))"
2733,Columbia Road,6255100.000000000000000,5,2,1,2010,SLM,0.000333931978005,"MULTILINESTRING M ((-71.084055236999973 42.30352646700004 NAN, -71.084389098999964 42.303533303000052 NAN))"
2734,Columbia Road,5402200.000000000000000,5,2,1,2010,BL,0.000723816893408,"MULTILINESTRING M ((-71.084151874999975 42.303412593000076 NAN, -71.083878779999964 42.30341554000006 NAN, -71.083679504999964 42.303431699000043 NAN, -71.083430672999953 42.303462871000079 NAN))"
2735,Columbia Road,6246500.000000000000000,5,2,1,2010,BL,0.000738063001739,"MULTILINESTRING M ((-71.080563210999969 42.30544829400003 NAN, -71.080707437999934 42.305361603000051 NAN, -71.081185158999972 42.305051055000035 NAN))"
2736,Columbia Road,5776500.000000000000000,5,2,1,2010,BL,0.000894101009787,"MULTILINESTRING M ((-71.081211262999943 42.304886280000062 NAN, -71.080665851999981 42.305230910000034 NAN, -71.080454811999971 42.305362930000058 NAN))"
2737,Columbia Road,6246600.000000000000000,5,2,1,2010,BL,0.002290459806277,"MULTILINESTRING M ((-71.078407530999982 42.306161209000038 NAN, -71.078657944999975 42.306122176000031 NAN, -71.079284805999976 42.305986615000052 NAN, -71.079708675999939 42.305881815000077 NAN, -71.079917912999974 42.305793676000064 NAN, -71.080151231999935 42.305674676000081 NAN, -71.080563210999969 42.30544829400003 NAN))"
2738,Blue Hill Avenue,5223400.000000000000000,5,2,1,2012,SLM,0.000650372938069,"MULTILINESTRING M ((-71.082941577999975 42.308696342000076 NAN, -71.08285275999998 42.308859197000061 NAN, -71.082756647999986 42.309064231000036 NAN, -71.082666684999936 42.309285037000052 NAN))"
2739,Warren Street,4695700.000000000000000,5,2,,2010,SLM,0.000572095027701,"MULTILINESTRING M ((-71.083715446999975 42.314221355000029 NAN, -71.083703035999974 42.314264072000071 NAN, -71.083673697999984 42.314401823000026 NAN, -71.083543367999937 42.314765974000068 NAN))"
2740,Warren Street,6263600.000000000000000,5,2,1,2011,SLM,0.000285569219293,"MULTILINESTRING M ((-71.082952663999947 42.316392805000078 NAN, -71.083008716999984 42.31611279100008 NAN))"
2741,Warren Street,5601800.000000000000000,5,2,1,2011,SLM,0.001378329240820,"MULTILINESTRING M ((-71.082850836999967 42.316371057000026 NAN, -71.082778713999971 42.31652947200007 NAN, -71.08266365999998 42.316730495000058 NAN, -71.082563136999966 42.316913004000071 NAN, -71.082346264999956 42.317277715000046 NAN, -71.082172509999964 42.317569926000033 NAN))"
2742,Warren Street,6286500.000000000000000,5,2,1,2011,BL,0.000247285951835,"MULTILINESTRING M ((-71.083450782999932 42.32610293700003 NAN, -71.083456157999933 42.326057414000047 NAN, -71.083497646999945 42.325860286000079 NAN))"
2743,Washington Street,4609500.000000000000000,3,2,,2011,SLM,0.000560989273355,"MULTILINESTRING M ((-71.084052030999942 42.33032268900007 NAN, -71.084216282999932 42.330196117000071 NAN, -71.084323558999984 42.330085091000058 NAN, -71.08444536199994 42.329927417000079 NAN))"
2744,Harrison Avenue,5601000.000000000000000,5,2,,2011,BLSL,0.000697450787569,"MULTILINESTRING M ((-71.082747197999936 42.328614714000025 NAN, -71.08286239499995 42.328308465000077 NAN, -71.082959947999939 42.328119198000024 NAN, -71.083011441999986 42.328043420000029 NAN, -71.083061956999984 42.32800140300003 NAN))"
2745,Washington Street,5394100.000000000000000,3,2,,2011,SLM,0.000360433125296,"MULTILINESTRING M ((-71.082986382999934 42.330839874000048 NAN, -71.082714848999956 42.331076900000028 NAN))"
2746,Massachusetts Avenue,5843800.000000000000000,3,2,,2022,SBL,0.000229061303223,"MULTILINESTRING M ((-71.085046271999943 42.342833609000024 NAN, -71.08492636699998 42.342757216000052 NAN, -71.084901245999959 42.342741932000081 NAN, -71.084852916999978 42.342710809000039 NAN))"
2747,Belvidere Street,4517700.000000000000000,5,2,,2013,BL,0.000232533570247,"MULTILINESTRING M ((-71.084634433999952 42.346095682000055 NAN, -71.084406808999972 42.346048156000052 NAN))"
2748,Belvidere Street,5661800.000000000000000,5,2,,2013,BL,0.000619983548016,"MULTILINESTRING M ((-71.083413715999939 42.345902207000051 NAN, -71.08301161199995 42.34585798300003 NAN, -71.082984733999979 42.345854607000035 NAN, -71.082797836999987 42.345831130000079 NAN))"
2749,Dartmouth Street,5238500.000000000000000,5,2,,2011,BL,0.000908780286512,"MULTILINESTRING M ((-71.076933570999984 42.34928840300006 NAN, -71.077061887999946 42.349469493000072 NAN, -71.077368797999952 42.350083945000051 NAN))"
2750,Dorchester Avenue,4700800.000000000000000,3,2,,2011,BL,0.000480262094712,"MULTILINESTRING M ((-71.057087335999938 42.313487664000036 NAN, -71.056988713999942 42.313957691000041 NAN))"
2751,Norfolk Street,5752600.000000000000000,5,2,,2017,BL,0.000487354876777,"MULTILINESTRING M ((-71.079186825999955 42.286776888000077 NAN, -71.078858490999949 42.28713704200004 NAN))"
2752,New England Avenue,4849100.000000000000000,0,2,,2018,SLMTC,0.000683761966020,"MULTILINESTRING M ((-71.078103754999972 42.290147670000067 NAN, -71.07805702099995 42.290451351000058 NAN, -71.077999235999982 42.290734732000033 NAN, -71.077954025999986 42.290809406000051 NAN))"
2753,Talbot Avenue,5817600.000000000000000,5,2,,2010,SLM,0.001590487276921,"MULTILINESTRING M ((-71.078705842999966 42.292202571000075 NAN, -71.077996693999978 42.291983750000043 NAN, -71.077181942999971 42.29174738100005 NAN))"
2754,Talbot Avenue,5759600.000000000000000,5,2,,2010,SLM,0.000672085280946,"MULTILINESTRING M ((-71.075840468999957 42.291352394000057 NAN, -71.075405909999972 42.29123160000006 NAN, -71.07519393299998 42.291168919000029 NAN))"
2755,Norfolk Street,4861500.000000000000000,5,2,,2017,BL,0.000871544961722,"MULTILINESTRING M ((-71.074738951999962 42.288865835000081 NAN, -71.073887960999969 42.289053997000053 NAN))"
2756,Columbia Road,5217800.000000000000000,5,2,1,2010,BL,0.001994859880827,"MULTILINESTRING M ((-71.078258939999955 42.306049252000037 NAN, -71.077957720999962 42.306147175000035 NAN, -71.077563680999958 42.306324103000065 NAN, -71.077542730999937 42.306335080000053 NAN, -71.07723619799998 42.306495642000073 NAN, -71.076874832999977 42.306745835000072 NAN, -71.076520997999978 42.307002242000067 NAN))"
2757,Columbia Road,6239300.000000000000000,5,2,1,2010,BL,0.000778673252149,"MULTILINESTRING M ((-71.073954067999978 42.309164162000059 NAN, -71.074162330999968 42.309025951000081 NAN, -71.074603789999969 42.308734986000047 NAN))"
2758,Washington Street,4571500.000000000000000,3,2,,2011,SLM,0.000767157088799,"MULTILINESTRING M ((-71.077632699999981 42.336017286000072 NAN, -71.077021171999945 42.336480496000036 NAN))"
2759,Washington Street,5132800.000000000000000,3,2,,2011,SLM,0.000881704206220,"MULTILINESTRING M ((-71.071826612999985 42.340064310000059 NAN, -71.071089523999945 42.340548151000064 NAN))"
2760,Washington Street,5715300.000000000000000,3,2,,2011,SLM,0.000456566507295,"MULTILINESTRING M ((-71.071089523999945 42.340548151000064 NAN, -71.070707755999933 42.340798563000078 NAN))"
2761,Monsignor Reynolds Way,5671400.000000000000000,5,2,,2011,SLM,0.000430913083555,"MULTILINESTRING M ((-71.070028174999948 42.340551636000043 NAN, -71.069617560999973 42.340420937000033 NAN))"
2762,Albany Street,4555300.000000000000000,5,2,,2012,BL,0.001179074338920,"MULTILINESTRING M ((-71.066511883999965 42.338487143000066 NAN, -71.065542357999959 42.339158139000062 NAN))"
2763,Dartmouth Street,4534500.000000000000000,5,2,,2011,SLM,0.000807699798781,"MULTILINESTRING M ((-71.07375596199995 42.342839574000038 NAN, -71.074108697999975 42.343566180000039 NAN))"
2764,Dartmouth Street,5269100.000000000000000,5,2,,2024,SBL,0.000423291621257,"MULTILINESTRING M ((-71.078532698999936 42.352471348000051 NAN, -71.078671721999967 42.352749648000042 NAN, -71.078723021999963 42.352849433000074 NAN))"
2765,Commonwealth Avenue,6208700.000000000000000,3,2,1,2010,BL,0.002238977919639,"MULTILINESTRING M ((-71.07615838199996 42.352648135000038 NAN, -71.077171055999941 42.352373896000074 NAN, -71.078319978999957 42.352064596000048 NAN))"
2766,Commonwealth Avenue,4478500.000000000000000,3,2,1,2010,BL,0.002443590424732,"MULTILINESTRING M ((-71.073842628999955 42.352864418000081 NAN, -71.071478432999982 42.353482246000056 NAN))"
2767,Longfellow Bridge,6273800.000000000000000,2,1,1,2018,SBL,0.004222932763738,"MULTILINESTRING M ((-71.075604660999943 42.36145719600006 NAN, -71.071977290999939 42.361175840000044 NAN, -71.071572645999936 42.361136133000059 NAN, -71.071397353999942 42.361104751000028 NAN))"
2768,Dorchester Avenue,5002300.000000000000000,3,2,,2010,SLM,0.000703140035077,"MULTILINESTRING M ((-71.06762151099997 42.273906021000073 NAN, -71.067439013999945 42.274585065000053 NAN))"
2769,Adams Street,5014700.000000000000000,5,2,,2017,BL,0.001643482768007,"MULTILINESTRING M ((-71.068018240999947 42.272225049000042 NAN, -71.067790503999959 42.272235466000041 NAN, -71.067030158999955 42.272298999000043 NAN, -71.066745062999985 42.272331122000026 NAN, -71.06649319099995 42.272380250000026 NAN, -71.066386952999949 42.272404607000055 NAN))"
2770,Dorchester Avenue,4992000.000000000000000,3,2,,2010,SLM,0.001336120930927,"MULTILINESTRING M ((-71.067189649999989 42.275513128000057 NAN, -71.06697711299995 42.276262958000075 NAN, -71.066819459999977 42.276796922000074 NAN))"
2771,Talbot Avenue,4872700.000000000000000,5,2,,2010,BL,0.002173445204966,"MULTILINESTRING M ((-71.065326205999952 42.287731673000053 NAN, -71.065570301999969 42.288024068000027 NAN, -71.06586456399998 42.288295834000053 NAN, -71.066081298999961 42.28849021700006 NAN, -71.066342627999973 42.288674079000032 NAN, -71.066698884999937 42.288912881000044 NAN, -71.067010367999956 42.289077795000026 NAN))"
2772,Geneva Avenue,4766300.000000000000000,5,2,,2016,SLM,0.000800720044314,"MULTILINESTRING M ((-71.070860058999983 42.303080686000044 NAN, -71.070475078999948 42.302844045000029 NAN, -71.070172678999938 42.302670167000031 NAN))"
2773,Washington Street,5672000.000000000000000,3,2,,2011,SLM,0.001275336643270,"MULTILINESTRING M ((-71.066815879999979 42.343029863000027 NAN, -71.066584593999949 42.343208116000028 NAN, -71.06635851599998 42.343405597000071 NAN, -71.066260997999962 42.343500083000038 NAN, -71.066182715999958 42.343614764000051 NAN, -71.066100483999946 42.343740928000045 NAN, -71.065967227999977 42.343961751000052 NAN))"
2774,Washington Street,4623000.000000000000000,3,2,,2016,SLM,0.001067490800358,"MULTILINESTRING M ((-71.087695637999957 42.326192205000041 NAN, -71.087392741999963 42.326883781000049 NAN, -71.087262928999962 42.327168034000067 NAN))"
2775,Gallivan Boulevard,5201100.000000000000000,2,1,1,2020,BL,0.000535850954807,"MULTILINESTRING M ((-71.079896919999953 42.278740078000055 NAN, -71.079751790999978 42.278715353000052 NAN, -71.079369020999934 42.278648114000077 NAN))"
2776,Morton Street,6281100.000000000000000,2,1,1,2020,BL,0.000520045971512,"MULTILINESTRING M ((-71.082099060999951 42.28017228200008 NAN, -71.082350430999952 42.280345940000075 NAN, -71.082526019999989 42.280469183000037 NAN))"
2777,Selden Street,5716700.000000000000000,0,2,,2021,SLMTC,0.000944673553345,"MULTILINESTRING M ((-71.082526019999989 42.280469183000037 NAN, -71.081815449999965 42.280578638000065 NAN, -71.081595555999968 42.280629603000079 NAN))"
2778,Boylston Street,5184200.000000000000000,3,2,,2024,SBL,0.000403041140033,"MULTILINESTRING M ((-71.081793812999933 42.348903463000056 NAN, -71.081404763999956 42.349008739000055 NAN))"
2779,Huntington Avenue,5984300.000000000000000,3,2,1,2022,SBL,0.000496331430011,"MULTILINESTRING M ((-71.084852916999978 42.342710809000039 NAN, -71.084468303999984 42.343024525000033 NAN))"
2780,Milton Avenue,4928000.000000000000000,6,2,,2021,SLMTC,0.000721412735143,"MULTILINESTRING M ((-71.076257703999943 42.28316858800008 NAN, -71.076299812999935 42.283273966000081 NAN, -71.076631722999934 42.28378329700007 NAN))"
2781,Milton Avenue,4930700.000000000000000,6,2,,2021,SLMTC,0.000255957384285,"MULTILINESTRING M ((-71.076209939999956 42.28291745000007 NAN, -71.076245288999985 42.283070069000075 NAN, -71.076257703999943 42.28316858800008 NAN))"
2782,Fuller Street,4948800.000000000000000,0,2,,2021,SLMTC,0.004578134410422,"MULTILINESTRING M ((-71.071264570999972 42.282017925000048 NAN, -71.071513755999945 42.281951896000066 NAN, -71.072426010999948 42.281767921000039 NAN, -71.073511882999981 42.281541254000047 NAN, -71.074236477999989 42.281402143000037 NAN, -71.074958432999949 42.28125908100003 NAN, -71.075333561999969 42.281168747000038 NAN, -71.075523949999933 42.28111149700004 NAN, -71.075736172999939 42.281046447000051 NAN))"
2783,Ferndale Street,4868600.000000000000000,0,2,,2018,SLMTC,0.001508203164126,"MULTILINESTRING M ((-71.077654934999941 42.289576018000048 NAN, -71.077269769999987 42.288637725000058 NAN, -71.077077093999947 42.288182923000079 NAN))"
2784,Norwell Street,4808700.000000000000000,0,2,,2020,SLMTC,0.001392058459243,"MULTILINESTRING M ((-71.078086275999965 42.294448798000076 NAN, -71.078242863999947 42.29529003500005 NAN, -71.078316586999961 42.295714573000055 NAN, -71.07832934399994 42.295819279000057 NAN))"
2785,Washington Street,4903000.000000000000000,5,2,,,SLM,0.000925413031585,"MULTILINESTRING M ((-71.071177557999988 42.285356609000075 NAN, -71.071166071999983 42.285402702000056 NAN, -71.071153735999985 42.285573154000076 NAN, -71.071152523999956 42.285752083000034 NAN, -71.071150817999978 42.286004160000061 NAN, -71.071171309999954 42.286279395000065 NAN))"
2786,Massachusetts Avenue,46807100.000000000000000,3,2,1,2023,SBL,0.000209629715979,"MULTILINESTRING M ((-71.072290517999988 42.332623296000065 NAN, -71.072087291999935 42.332571878000067 NAN))"
2787,Berkeley Street,5170400.000000000000000,3,2,,2024,SBL,0.000425061734258,"MULTILINESTRING M ((-71.073456402999966 42.35205970800007 NAN, -71.073643968999988 42.352441148000025 NAN))"
2788,Berkeley Street,5170200.000000000000000,3,2,,2024,SBL,0.000459451131910,"MULTILINESTRING M ((-71.073067951999974 42.351251943000079 NAN, -71.073226506999958 42.351587890000076 NAN, -71.073265037999988 42.351666970000053 NAN))"
2789,Washington Street,4919700.000000000000000,5,2,,,SLM,0.000605237050845,"MULTILINESTRING M ((-71.071550750999961 42.283904008000036 NAN, -71.071566713999971 42.284008165000046 NAN, -71.071571143999961 42.284193869000035 NAN, -71.071564357999989 42.284356460000026 NAN, -71.071541182999965 42.284506050000061 NAN))"
2790,Washington Street,4924200.000000000000000,5,2,,,SLM,0.000362238043799,"MULTILINESTRING M ((-71.071477560999938 42.28354924100006 NAN, -71.071550750999961 42.283904008000036 NAN))"
2791,Washington Street,4938500.000000000000000,5,2,,,SLM,0.000546433873440,"MULTILINESTRING M ((-71.071264570999972 42.282017925000048 NAN, -71.071315506999952 42.282329283000081 NAN, -71.071348437999973 42.282557860000054 NAN))"
2792,Massachusetts Avenue,6264400.000000000000000,3,2,1,2023,SBL,0.000519993452530,"MULTILINESTRING M ((-71.066985578999947 42.326841916000035 NAN, -71.066620146999981 42.326471980000065 NAN))"
2793,Massachusetts Avenue,4612700.000000000000000,3,2,,2023,SBL,0.000564969649477,"MULTILINESTRING M ((-71.068793672999959 42.329104519000055 NAN, -71.069046519999972 42.329418881000038 NAN, -71.06914708499994 42.329545301000053 NAN))"
2794,Tremont Street,5151000.000000000000000,3,2,,2023,SBL,0.000285364599440,"MULTILINESTRING M ((-71.070205705999967 42.344872274000068 NAN, -71.070011170999976 42.345081054000048 NAN))"
2795,Marginal Road,5758700.000000000000000,5,2,,2024,CFSBL,0.000503615439688,"MULTILINESTRING M ((-71.068689967999944 42.348049697000079 NAN, -71.069192474999966 42.348083092000024 NAN))"
2796,Albany Street,5672100.000000000000000,5,2,,2012,BLSL,0.000684410865906,"MULTILINESTRING M ((-71.064384315999973 42.339990941000053 NAN, -71.064580459999945 42.339847167000073 NAN, -71.064943441999958 42.339596336000056 NAN))"
2797,Kneeland Street,5233400.000000000000000,3,2,,2017,SBLBL,0.000463869615396,"MULTILINESTRING M ((-71.062004805999948 42.350760703000049 NAN, -71.061554109999975 42.350650939000047 NAN))"
2798,Boylston Street,5861800.000000000000000,3,2,,2020,SBL,0.000287902164535,"MULTILINESTRING M ((-71.063556450999954 42.352320256000041 NAN, -71.063268579999942 42.352324492000037 NAN))"
2799,Essex Street,5650200.000000000000000,5,2,,2012,SLM,0.000556072528220,"MULTILINESTRING M ((-71.062595678999969 42.352408621000052 NAN, -71.062413109999966 42.35241602900004 NAN, -71.06204086799994 42.35244481400008 NAN))"
2800,Main Street,4411100.000000000000000,5,2,,2011,BL,0.000381390483118,"MULTILINESTRING M ((-71.068471702999943 42.378801072000044 NAN, -71.068493197999942 42.378820844000074 NAN, -71.068747672999962 42.379064312000025 NAN))"
2801,Main Street,5760100.000000000000000,5,2,,2011,BL,0.000198329219074,"MULTILINESTRING M ((-71.06768292299995 42.378089880000061 NAN, -71.067527239999947 42.377967009000031 NAN))"
2802,Main Street,5173400.000000000000000,5,2,,2014,BFBL,0.000343566589424,"MULTILINESTRING M ((-71.072369352999942 42.383818399000063 NAN, -71.072087779999947 42.383621537000067 NAN))"
2803,Main Street,5173300.000000000000000,5,2,,2011,BL,0.000771731850839,"MULTILINESTRING M ((-71.071775004999949 42.382713172000081 NAN, -71.071819080999944 42.382876207000038 NAN, -71.071832239999935 42.382949315000076 NAN, -71.071844927999962 42.383044225000049 NAN, -71.071841617999951 42.383139076000077 NAN, -71.071825090999937 42.38321806600004 NAN, -71.071797557999957 42.383300293000048 NAN, -71.071734625999966 42.38345873600008 NAN))"
2804,Main Street,5173200.000000000000000,5,2,,2011,BL,0.001625025790984,"MULTILINESTRING M ((-71.070968908999987 42.381320517000063 NAN, -71.071113597999954 42.381472980000069 NAN, -71.071132357999943 42.381499933000043 NAN, -71.071213745999955 42.381616837000081 NAN, -71.071406598999943 42.381885956000076 NAN, -71.071529732999977 42.382110921000049 NAN, -71.071617353999955 42.382284551000055 NAN, -71.071703701999979 42.382479871000044 NAN, -71.071769415999938 42.382692496000061 NAN, -71.071775004999949 42.382713172000081 NAN))"
2805,Dorchester Avenue,5194800.000000000000000,3,2,,2010,SLM,0.001159656517007,"MULTILINESTRING M ((-71.066819459999977 42.276796922000074 NAN, -71.066606783999987 42.277537748000043 NAN, -71.066503438999973 42.27791267300006 NAN))"
2806,Dorchester Avenue,5743500.000000000000000,3,2,,2010,SLM,0.000486090390218,"MULTILINESTRING M ((-71.064303424999935 42.285707180000031 NAN, -71.064252801999942 42.285877482000046 NAN, -71.06417969499995 42.286177116000033 NAN))"
2807,Dorchester Avenue,5192600.000000000000000,3,2,,2010,SLM,0.000795177600433,"MULTILINESTRING M ((-71.06417969499995 42.286177116000033 NAN, -71.064143318999982 42.286287829000059 NAN, -71.064039861999959 42.286675694000053 NAN, -71.063965272999951 42.286942687000078 NAN))"
2808,Dorchester Avenue,5192801.000000000000000,3,2,,2011,SLM,0.000106395096617,"MULTILINESTRING M ((-71.06366927299996 42.288017564000029 NAN, -71.063643796999941 42.288120864000064 NAN))"
2809,Dorchester Avenue,5192900.000000000000000,3,2,,2011,SLM,0.000453333189666,"MULTILINESTRING M ((-71.063643796999941 42.288120864000064 NAN, -71.063515283999948 42.288555600000052 NAN))"
2810,Columbia Road,6242500.000000000000000,5,2,1,2010,BL,0.000704695733313,"MULTILINESTRING M ((-71.063172294999958 42.319206360000067 NAN, -71.063572265999937 42.318626171000062 NAN))"
2811,Essex Street,5293500.000000000000000,5,2,,2012,SLM,0.000284599820811,"MULTILINESTRING M ((-71.061425914999973 42.352492358000063 NAN, -71.06114237099996 42.352516850000029 NAN))"
2812,Summer Street,4464900.000000000000000,0,2,,0,PED,0.000868380905098,"MULTILINESTRING M ((-71.060463308999942 42.355520462000072 NAN, -71.059756688999983 42.355015711000078 NAN))"
2813,William Day Boulevard,4608100.000000000000000,3,3,,2018,BL,0.004315216522626,"MULTILINESTRING M ((-71.044099092999943 42.330220596000061 NAN, -71.043735183999956 42.330232519000049 NAN, -71.042193269999984 42.330255788000045 NAN, -71.04203592999994 42.330245694000041 NAN, -71.041528619999951 42.330243109000037 NAN, -71.040903741999955 42.33021754400005 NAN, -71.040119402999949 42.330144072000053 NAN, -71.039791953999952 42.330096621000052 NAN))"
2814,Winter Street,5419300.000000000000000,0,2,,0,PED,0.000119753997356,"MULTILINESTRING M ((-71.061313496999958 42.355819937000035 NAN, -71.061205196999936 42.355768828000066 NAN))"
2815,Main Street,5792300.000000000000000,5,2,,2012,BL,0.000491319681268,"MULTILINESTRING M ((-71.063529009999968 42.37431358300006 NAN, -71.063198984999985 42.373949607000043 NAN))"
2816,Warren Street,5830300.000000000000000,5,2,,2012,BL,0.000740022270862,"MULTILINESTRING M ((-71.063092943999948 42.374697966000042 NAN, -71.063316530999941 42.374875496000072 NAN, -71.063702510999974 42.37511552400008 NAN))"
2817,Adams Street,46216000.000000000000000,0,2,,2017,BL,0.000596177258703,"MULTILINESTRING M ((-71.058868296999947 42.281712326000047 NAN, -71.058770581999966 42.281868657000075 NAN, -71.058660577999945 42.281998655000052 NAN, -71.05850800099995 42.282102216000055 NAN, -71.058462347999978 42.28213654800004 NAN))"
2818,Ashmont Street,4880200.000000000000000,5,2,,2013,SLM,0.000836776918373,"MULTILINESTRING M ((-71.058958201999985 42.287156526000047 NAN, -71.058748288999936 42.287210864000031 NAN, -71.058146112999964 42.287358227000027 NAN))"
2819,Adams Street,5687400.000000000000000,5,2,,2013,SLM,0.000479243680405,"MULTILINESTRING M ((-71.059909145999939 42.301744185000075 NAN, -71.059981525999945 42.30187083800007 NAN, -71.060149123999963 42.30215901300005 NAN))"
2820,Dorchester Avenue,5441700.000000000000000,3,2,,2011,SLM,0.000809484210217,"MULTILINESTRING M ((-71.060015528999941 42.300768102000063 NAN, -71.059906680999973 42.30118043300007 NAN, -71.059869365999987 42.301321790000031 NAN, -71.059796552999956 42.301547148000054 NAN))"
2821,Dorchester Avenue,4754400.000000000000000,3,2,,2011,SLM,0.000840156925390,"MULTILINESTRING M ((-71.058980902999963 42.30519924500004 NAN, -71.058791567999947 42.306017790000055 NAN))"
2822,Freeport Street,5605900.000000000000000,3,2,,2013,BL,0.001177457245973,"MULTILINESTRING M ((-71.057607531999963 42.306771744000059 NAN, -71.057734912999933 42.307012500000042 NAN, -71.057815962999939 42.307102841000074 NAN, -71.058122121999986 42.307388741000068 NAN, -71.058285184999988 42.307540169000049 NAN, -71.058419407999963 42.307587385000033 NAN))"
2823,Dorchester Avenue,4723800.000000000000000,3,2,,2011,BL,0.000889570609054,"MULTILINESTRING M ((-71.057771999999943 42.31049399300008 NAN, -71.057585299999971 42.311363751000044 NAN))"
2824,Dorchester Avenue,5710200.000000000000000,3,2,,2011,BL,0.000766279302399,"MULTILINESTRING M ((-71.056715689999976 42.317732832000047 NAN, -71.056731486999979 42.318400238000038 NAN, -71.056727014999979 42.318498823000027 NAN))"
2825,Dorchester Avenue,5628200.000000000000000,3,2,,2024,BFBL,0.000903781942232,"MULTILINESTRING M ((-71.056880651999961 42.325972660000048 NAN, -71.056903144999978 42.326876162000076 NAN))"
2826,Constitution Road,5569600.000000000000000,0,2,,2018,SBL,0.001520854974427,"MULTILINESTRING M ((-71.059486094999954 42.371999437000056 NAN, -71.05870867699997 42.372370870000054 NAN, -71.05825198399998 42.372597563000056 NAN, -71.058133427999962 42.372688477000054 NAN))"
2827,Dorchester Avenue,4629900.000000000000000,3,2,,2011,SLM,0.000716488800833,"MULTILINESTRING M ((-71.056843305999962 42.324104202000058 NAN, -71.056856297999957 42.324820573000068 NAN))"
2828,Dorchester Avenue,5267300.000000000000000,3,2,,2011,BL,0.000151997712710,"MULTILINESTRING M ((-71.05702615499996 42.333489229000065 NAN, -71.057020991999934 42.333641139000065 NAN))"
2829,Dorchester Avenue,4545400.000000000000000,3,2,1,2011,BL,0.001015252358082,"MULTILINESTRING M ((-71.057102326999939 42.34057709800004 NAN, -71.05702776399994 42.340838450000035 NAN, -71.057073935999938 42.341580487000044 NAN))"
2830,A Street,5398800.000000000000000,5,2,,2013,BL,0.000516379442145,"MULTILINESTRING M ((-71.056743457999971 42.340791564000028 NAN, -71.056510900999967 42.340985018000026 NAN, -71.056342726999958 42.341117159000078 NAN))"
2831,A Street,4542400.000000000000000,5,2,,2013,BL,0.000516968032798,"MULTILINESTRING M ((-71.056342726999958 42.341117159000078 NAN, -71.055963495999947 42.34146849900003 NAN))"
2832,A Street,4538200.000000000000000,5,2,,2013,BL,0.000633645689436,"MULTILINESTRING M ((-71.055529304999936 42.341841568000063 NAN, -71.055024879999962 42.342225055000029 NAN))"
2833,Essex Street,5787700.000000000000000,5,2,,2012,SLM,0.000766525949889,"MULTILINESTRING M ((-71.059397440999987 42.352521314000057 NAN, -71.058636045999947 42.352432772000043 NAN))"
2834,Devonshire Street,5524200.000000000000000,5,2,,2012,SLM,0.000376383012651,"MULTILINESTRING M ((-71.057447038999953 42.355245323000076 NAN, -71.05756618099997 42.355131558000039 NAN, -71.057723082999985 42.354989512000031 NAN))"
2835,Franklin Street,4462200.000000000000000,5,2,,2011,SLM,0.000782330636273,"MULTILINESTRING M ((-71.056571505999955 42.355537514000048 NAN, -71.057351816999983 42.355481336000025 NAN))"
2836,Purchase Street,5652100.000000000000000,3,2,,2011,BL,0.000412928282350,"MULTILINESTRING M ((-71.055890855999962 42.353121653000073 NAN, -71.056018480999967 42.353044987000033 NAN, -71.056111245999944 42.352988267000057 NAN, -71.056246388999966 42.352911722000044 NAN))"
2837,Atlantic Avenue,4478900.000000000000000,3,2,,2011,BL,0.002068544382312,"MULTILINESTRING M ((-71.055392648999941 42.352629960000058 NAN, -71.055293346999974 42.352718438000068 NAN, -71.055057112999975 42.352912888000048 NAN, -71.054952714999956 42.352983789000064 NAN, -71.054840684999988 42.353051870000058 NAN, -71.054632026999968 42.353156758000068 NAN, -71.054150745999948 42.353399413000034 NAN, -71.053612376999979 42.353663726000036 NAN))"
2838,Washington Street,5646900.000000000000000,5,2,,0,PED,0.000570082688368,"MULTILINESTRING M ((-71.05916306499995 42.35663517100005 NAN, -71.058917836999967 42.35685180400003 NAN, -71.058754121999982 42.357031204000066 NAN))"
2839,Devonshire Street,5493401.000000000000000,5,2,,2012,SLM,0.000423409371165,"MULTILINESTRING M ((-71.057227701999977 42.358871461000035 NAN, -71.057273501999987 42.358450536000078 NAN))"
2840,Kilby Street,5805500.000000000000000,0,2,,2011,BL,0.000213472970871,"MULTILINESTRING M ((-71.055359052999961 42.357793645000072 NAN, -71.05545121199998 42.357986200000028 NAN))"
2841,Pearl Street,4459400.000000000000000,3,2,,2012,BL,0.001219592991775,"MULTILINESTRING M ((-71.054877421999947 42.356079234000049 NAN, -71.055167652999955 42.356353228000046 NAN, -71.055718727999988 42.356885068000054 NAN, -71.055759634999959 42.356921236000062 NAN))"
2842,Franklin Street,5647700.000000000000000,5,2,,2011,BL,0.000527240506335,"MULTILINESTRING M ((-71.053454491999958 42.356845336000049 NAN, -71.053672370999948 42.356748139000047 NAN, -71.053929315999937 42.35661658500004 NAN))"
2843,North Washington Street,45225100.000000000000000,3,2,,2014,SLM,0.000398040935494,"MULTILINESTRING M ((-71.058413425999959 42.364219114000036 NAN, -71.058393864999971 42.363821554000026 NAN))"
2844,Cross Street,45224000.000000000000000,3,2,,2014,SLM,0.000739534512079,"MULTILINESTRING M ((-71.057718797999939 42.363815628000054 NAN, -71.058192599999984 42.364383451000037 NAN))"
2845,North Washington Street,45225900.000000000000000,3,2,,2014,BL,0.000169334207752,"MULTILINESTRING M ((-71.057638615999963 42.362885942000048 NAN, -71.057507164999947 42.362779196000076 NAN))"
2846,Salem Street,4434600.000000000000000,0,2,,2013,SLM,0.000247141712208,"MULTILINESTRING M ((-71.055583341999977 42.364125367000042 NAN, -71.055555690999938 42.364370957000062 NAN))"
2847,Ashmont Street,4860000.000000000000000,5,2,,2013,SLM,0.000598148067224,"MULTILINESTRING M ((-71.052738257999977 42.288998358000072 NAN, -71.052158417999976 42.28914521400003 NAN))"
2848,Neponset Avenue,4819600.000000000000000,5,2,,2012,BLSL,0.000683124420827,"MULTILINESTRING M ((-71.051328778999959 42.293609733000039 NAN, -71.051122455999973 42.293393417000061 NAN, -71.050880720999942 42.293094810000071 NAN))"
2849,Neponset Avenue,4843400.000000000000000,5,2,,2012,BLSL,0.001128449596276,"MULTILINESTRING M ((-71.04871206699994 42.290428165000037 NAN, -71.049066454999945 42.290868456000055 NAN, -71.049417049999988 42.29130929300004 NAN))"
2850,Neponset Avenue,4862200.000000000000000,5,2,,2012,BL,0.000645896450370,"MULTILINESTRING M ((-71.047348783999951 42.288716162000071 NAN, -71.04774337799995 42.289227511000036 NAN))"
2851,Freeport Street,5331600.000000000000000,3,2,,2013,SLM,0.002167411465823,"MULTILINESTRING M ((-71.048407735999945 42.298618609000073 NAN, -71.048452387999987 42.298734133000039 NAN, -71.048592198999984 42.299243917000069 NAN, -71.048750017999964 42.299806102000048 NAN, -71.048906563999935 42.300255178000043 NAN, -71.049035380999953 42.300526901000069 NAN, -71.049147370999947 42.300633688000062 NAN))"
2852,Old Colony Avenue,5203300.000000000000000,3,3,1,2016,BFBL,0.000955178424500,"MULTILINESTRING M ((-71.052474594999978 42.325318291000031 NAN, -71.052446005999968 42.324761759000069 NAN, -71.052425755999934 42.32436436200004 NAN))"
2853,Columbia Road,5737000.000000000000000,3,1,1,2016,BFBL,0.002461448698515,"MULTILINESTRING M ((-71.052190038999981 42.324369151000042 NAN, -71.052210697999953 42.324803024000062 NAN, -71.052223277999985 42.325324439000042 NAN, -71.052254378999976 42.325985915000047 NAN, -71.052290702999983 42.326828443000068 NAN))"
2854,Arlington Street,5272600.000000000000000,3,2,,2020,SBL,0.000485839809511,"MULTILINESTRING M ((-71.072122910999951 42.354649842000072 NAN, -71.071873209999978 42.354233081000075 NAN))"
2855,Boylston Street,6246800.000000000000000,3,2,1,2024,SBL,0.000378963138611,"MULTILINESTRING M ((-71.071058069999935 42.351811647000034 NAN, -71.070704775999957 42.351948747000051 NAN))"
2856,Cambridge Street,6283400.000000000000000,3,2,1,2022,SBL,0.000531141353942,"MULTILINESTRING M ((-71.066386127999976 42.361230380000052 NAN, -71.066917224999941 42.361237244000051 NAN))"
2857,Charles River Dam,5621100.000000000000000,2,3,1,2019,SBL,0.002530591456788,"MULTILINESTRING M ((-71.068225716999962 42.366751373000056 NAN, -71.068344041999978 42.366829782000025 NAN, -71.068483886999957 42.366902694000032 NAN, -71.06863076999997 42.366976439000041 NAN, -71.069070972999953 42.36721099600004 NAN, -71.069525519999956 42.367442813000025 NAN, -71.070467496999981 42.367923503000043 NAN))"
2858,Washington Street,5172000.000000000000000,3,2,,,SLM,0.000600859203116,"MULTILINESTRING M ((-71.064297132999968 42.34783088000006 NAN, -71.064237455999944 42.348079613000039 NAN, -71.064178836999986 42.348302773000057 NAN, -71.064150383999959 42.348413513000025 NAN))"
2859,Massachusetts Avenue,6231400.000000000000000,3,2,1,2023,SBL,0.000090147917283,"MULTILINESTRING M ((-71.065265383999986 42.324826636000068 NAN, -71.065201340999977 42.324763192000034 NAN))"
2860,Massachusetts Avenue,6246700.000000000000000,3,2,1,2023,SBL,0.002252669111255,"MULTILINESTRING M ((-71.065201340999977 42.324763192000034 NAN, -71.064965284999971 42.324469885000042 NAN, -71.064521257999957 42.323928023000065 NAN, -71.064380398999958 42.323764312000037 NAN, -71.064170900999954 42.32354857100006 NAN, -71.064140846999976 42.323519015000045 NAN, -71.063701125999955 42.323086515000057 NAN))"
2861,Tremont Street,5227800.000000000000000,3,2,,2020,SBL,0.000221201022600,"MULTILINESTRING M ((-71.061820443999977 42.356670472000076 NAN, -71.061982341999965 42.356519744000025 NAN))"
2862,Cambridge Street,46179900.000000000000000,3,2,1,2022,SBL,0.002153717911484,"MULTILINESTRING M ((-71.059487726999976 42.359276758000078 NAN, -71.059673554999961 42.359493503000067 NAN, -71.059730311999942 42.359619574000078 NAN, -71.059821703999944 42.35982888500007 NAN, -71.059922820999986 42.360021617000029 NAN, -71.060043097999937 42.360221544000069 NAN, -71.06019883099998 42.360388357000033 NAN, -71.060354655999959 42.360540927000045 NAN, -71.060644693999961 42.360732002000077 NAN, -71.06086815499998 42.360858925000059 NAN))"
2863,Lomasney Way,5484100.000000000000000,3,2,1,2017,BL,0.001107008932101,"MULTILINESTRING M ((-71.063425950999942 42.364501636000057 NAN, -71.064033332999941 42.365132057000039 NAN, -71.064247054999953 42.365221280000071 NAN))"
2864,Dorchester Avenue,4527900.000000000000000,0,2,,2020,SBL,0.000695463129283,"MULTILINESTRING M ((-71.057247717999985 42.344186711000077 NAN, -71.05725208299998 42.344294767000065 NAN, -71.057255446999989 42.344545733000075 NAN, -71.057237550999957 42.344881587000032 NAN))"
2865,Broadway,6243100.000000000000000,3,2,1,2021,SBL,0.000864733749197,"MULTILINESTRING M ((-71.057807896999975 42.343355797000072 NAN, -71.057640809999953 42.343180121000046 NAN, -71.057536773999971 42.343037637000066 NAN, -71.057407250999972 42.342931982000039 NAN, -71.057293724999965 42.342869648000033 NAN, -71.057163967999941 42.342796000000078 NAN))"
2866,Beach Street,4493400.000000000000000,0,2,,,SLM,0.000892924451718,"MULTILINESTRING M ((-71.05656782799997 42.350432172000069 NAN, -71.057430930999942 42.350661011000057 NAN))"
2867,State Street,5330100.000000000000000,3,2,,2020,SBL,0.000869320516095,"MULTILINESTRING M ((-71.055961998999976 42.358981560000075 NAN, -71.056825832999948 42.358884046000071 NAN))"
2868,Atlantic Avenue,45234100.000000000000000,3,2,,2011,BL,0.001612691040017,"MULTILINESTRING M ((-71.052845584999943 42.354035268000075 NAN, -71.051723829999958 42.354587115000072 NAN, -71.051534558999947 42.354677668000079 NAN, -71.051408798999944 42.354764326000065 NAN))"
2869,Atlantic Avenue,5652600.000000000000000,3,2,,2011,BL,0.000464052954249,"MULTILINESTRING M ((-71.051060389999975 42.355140077000044 NAN, -71.051009631999989 42.355296892000069 NAN, -71.050957515999983 42.355457302000048 NAN, -71.050922632999971 42.355583120000063 NAN))"
2870,Seaport Boulevard,5320100.000000000000000,3,2,1,2012,BFBL,0.003399771932351,"MULTILINESTRING M ((-71.048403256999961 42.353189025000063 NAN, -71.050771450999946 42.354379944000073 NAN, -71.050897332999966 42.354446246000066 NAN, -71.051073871999961 42.354557217000036 NAN, -71.051208187999976 42.354658464000067 NAN, -71.051285696999969 42.35472066300008 NAN, -71.051408798999944 42.354764326000065 NAN))"
2871,High Street,5326100.000000000000000,3,2,,2011,BL,0.000485150863743,"MULTILINESTRING M ((-71.053137679999963 42.356064913000068 NAN, -71.053117933999943 42.356163701000071 NAN, -71.053019303999974 42.35627977200005 NAN, -71.052936301999978 42.356369182000037 NAN, -71.052845768999987 42.356431828000041 NAN))"
2872,John F. Fitzgerald Surface Road,45231800.000000000000000,3,2,,2011,BL,0.000492919810884,"MULTILINESTRING M ((-71.051603543999988 42.357166708000079 NAN, -71.05153297399994 42.356933437000066 NAN, -71.051492225999937 42.356687583000053 NAN))"
2873,Atlantic Avenue,5284600.000000000000000,5,2,,2017,SBL,0.001183439942467,"MULTILINESTRING M ((-71.051005313999951 42.362530854000056 NAN, -71.051068945999987 42.363712582000062 NAN))"
2874,Neponset Avenue,4888500.000000000000000,5,2,,2012,BL,0.000339328980890,"MULTILINESTRING M ((-71.044462449999969 42.286596911000061 NAN, -71.044198596999934 42.286483890000056 NAN, -71.04415023699994 42.286464005000028 NAN))"
2875,Chelsea Street,5281900.000000000000000,5,2,,2010,BL,0.000548009140766,"MULTILINESTRING M ((-71.035480856999982 42.372736314000065 NAN, -71.035682856999983 42.372561011000073 NAN, -71.035896266999941 42.372378902000037 NAN))"
2876,Meridian Street,4414200.000000000000000,3,2,,2013,BLSL,0.000775718806040,"MULTILINESTRING M ((-71.039191796999944 42.377867690000073 NAN, -71.03920829599997 42.37846757300008 NAN, -71.039211946999956 42.37864314400008 NAN))"
2877,Stuart Street,0.000000000000000,0, ,1,2020,SBL,0.001124051269116,"MULTILINESTRING M ((-71.066038228999957 42.351104617000033 NAN, -71.065915023999935 42.35111425100007 NAN, -71.065754609999942 42.351106148000042 NAN, -71.065390770999954 42.351091255000028 NAN, -71.064915163999956 42.351081454000052 NAN))"
2878,Stuart Street,0.000000000000000,0, ,1,2020,BL,0.001130506029557,"MULTILINESTRING M ((-71.064913814999954 42.35111745100005 NAN, -71.065388758999973 42.351127238000061 NAN, -71.065751622999983 42.351142092000032 NAN, -71.065915926999935 42.351150391000033 NAN, -71.06604331799997 42.351140430000044 NAN))"
2879,Stuart Street,0.000000000000000,0, ,1,2020,SBL,0.000511610527432,"MULTILINESTRING M ((-71.06440194299995 42.351074494000045 NAN, -71.064911755999958 42.351117343000055 NAN))"
2880,Stuart Street,0.000000000000000,0, ,1,2020,SBL,0.000511668742429,"MULTILINESTRING M ((-71.064917222999952 42.351081561000058 NAN, -71.064407351999932 42.351038707000043 NAN))"
2881,Mount Vernon Street,4664400.000000000000000,6,2,,2013,BFBL,0.000844430955671,"MULTILINESTRING M ((-71.044902701999945 42.318741702000068 NAN, -71.04414325099998 42.318493921000027 NAN, -71.044100139999955 42.318479120000063 NAN))"
2882,Seaport Boulevard,45264200.000000000000000,3,2,,2012,BL,0.000691866352628,"MULTILINESTRING M ((-71.042810332999977 42.350464287000079 NAN, -71.042812030999983 42.350464999000053 NAN, -71.042943754999953 42.350513019000061 NAN, -71.043427290999944 42.350774737000052 NAN))"
2883,Seaport Boulevard,5653000.000000000000000,3,2,,2012,BL,0.000584749037053,"MULTILINESTRING M ((-71.043427290999944 42.350774737000052 NAN, -71.043945380999958 42.351045872000043 NAN))"
2884,Drydock Avenue,5278700.000000000000000,0,2,,2013,BL,0.002217580559355,"MULTILINESTRING M ((-71.03434120299994 42.344681566000077 NAN, -71.032123946999945 42.344719505000057 NAN))"
2885,Northern Avenue,45263900.000000000000000,5,5,,2017,SLM,0.000817830150091,"MULTILINESTRING M ((-71.038974071999974 42.348860896000076 NAN, -71.038664180999945 42.348736100000053 NAN, -71.038216347999935 42.34855316800008 NAN))"
2886,Maverick Street,5621700.000000000000000,5,2,,2015,BL,0.000281859005529,"MULTILINESTRING M ((-71.037701918999971 42.369618499000069 NAN, -71.037962074999939 42.369726958000058 NAN))"
2887,Maverick Street,4429500.000000000000000,5,2,,2015,BL,0.000920685753786,"MULTILINESTRING M ((-71.036183608999977 42.368959406000045 NAN, -71.036983577999933 42.369317767000041 NAN, -71.03702384099995 42.369335800000044 NAN))"
2888,Meridian Street,5228700.000000000000000,5,2,,2013,BLSL,0.000406493078054,"MULTILINESTRING M ((-71.038992051999969 42.370830679000051 NAN, -71.039001249999956 42.371237068000028 NAN))"
2889,Maverick Street,4428200.000000000000000,5,2,,2015,BL,0.000728208099470,"MULTILINESTRING M ((-71.03895371599998 42.37014358700003 NAN, -71.039617712999984 42.370442577000063 NAN))"
2890,Chelsea Street,5281600.000000000000000,5,2,,2010,BL,0.000401526209872,"MULTILINESTRING M ((-71.037790388999952 42.370776885000055 NAN, -71.038097564999987 42.370518300000072 NAN))"
2891,Maverick Street,4432800.000000000000000,5,2,,2015,BL,0.001498536492565,"MULTILINESTRING M ((-71.028866346999962 42.365759732000072 NAN, -71.030240584999945 42.366357295000057 NAN))"
2892,Chelsea Street,4419800.000000000000000,5,2,,2010,BL,0.001923432164869,"MULTILINESTRING M ((-71.031992486999968 42.375779781000062 NAN, -71.030528097999934 42.377026840000042 NAN))"
2893,Saratoga Street,5838000.000000000000000,5,2,,2012,BLSL,0.002478839055410,"MULTILINESTRING M ((-71.005270107999934 42.386177713000052 NAN, -71.004617522999979 42.385914387000071 NAN, -71.002950019999957 42.385305686000038 NAN))"
2894, ,0.000000000000000,0, ,,2012,SLM,0.000000000000000,
2895, ,0.000000000000000,0, ,,2012,SLM,0.000000000000000,
2896, ,0.000000000000000,0, ,,2012,SLM,0.000000000000000,
2897, ,0.000000000000000,0, ,,2012,SLM,0.000000000000000,
2898, ,0.000000000000000,0, ,,2012,SLM,0.000000000000000,
2899,Stuart Street,0.000000000000000,0, ,1,2020,SBL,0.001369302128274,"MULTILINESTRING M ((-71.064407351999932 42.351038707000043 NAN, -71.063560895999956 42.350968300000034 NAN, -71.063043898999979 42.350913218000073 NAN))"
2900,Stuart Street,0.000000000000000,0, ,1,2020,SBL,0.001370801872357,"MULTILINESTRING M ((-71.063036996999983 42.350948864000031 NAN, -71.063554737999937 42.351004025000066 NAN, -71.06440194299995 42.351074494000045 NAN))"
2901,Stuart Street,0.000000000000000,0, ,1,2017,BL,0.000803953334459,"MULTILINESTRING M ((-71.063044605999949 42.350913301000048 NAN, -71.062413525999943 42.350831916000061 NAN, -71.062246598999934 42.350816393000059 NAN))"
2902,Stuart Street,0.000000000000000,0, ,1,2017,SBL,0.000802956378394,"MULTILINESTRING M ((-71.062246598999934 42.350816393000059 NAN, -71.062402878999933 42.350867095000069 NAN, -71.063036290999946 42.350948781000056 NAN))"
2903,Tremont Street,0.000000000000000,3,2,1,2023,SBL,0.000806880817052,"MULTILINESTRING M ((-71.080258643999969 42.339285305000033 NAN, -71.079551776999949 42.339674401000025 NAN))"
2904,Tremont Street,0.000000000000000,3,2,1,2023,SBL,0.000809602674666,"MULTILINESTRING M ((-71.079623058999971 42.339743892000058 NAN, -71.080334360999984 42.339357232000054 NAN))"
2905,Tremont Street,0.000000000000000,3,2,1,2023,SBL,0.000793638955960,"MULTILINESTRING M ((-71.079551776999949 42.339674401000025 NAN, -71.078858802999946 42.340061247000051 NAN))"
2906,Tremont Street,0.000000000000000,3,2,1,2023,SBL,0.000058417974821,"MULTILINESTRING M ((-71.078858802999946 42.340061247000051 NAN, -71.078836606999971 42.340115284000035 NAN))"
2907,Tremont Street,0.000000000000000,3,2,1,2023,SBL,0.000799337337882,"MULTILINESTRING M ((-71.078913292999971 42.340111550000074 NAN, -71.079623058999971 42.339743892000058 NAN))"
2908,Tremont Street,0.000000000000000,3,2,1,2023,SBL,0.000076776854271,"MULTILINESTRING M ((-71.078836606999971 42.340115284000035 NAN, -71.078913292999971 42.340111550000074 NAN))"
2909,Albany Street,0.000000000000000,5,2,1,2012,SLM,0.001098729468951,"MULTILINESTRING M ((-71.074357858999974 42.332855291000044 NAN, -71.074216838999973 42.332922815000074 NAN, -71.073532611999951 42.333411653000041 NAN, -71.073501466999971 42.333508222000034 NAN))"
2910,Albany Street,0.000000000000000,5,2,1,2012,SLM,0.001104161473559,"MULTILINESTRING M ((-71.073501466999971 42.333508222000034 NAN, -71.073622723999961 42.33348021200004 NAN, -71.073982088999969 42.333218945000056 NAN, -71.074301914999978 42.332978393000076 NAN, -71.074357858999974 42.332855291000044 NAN))"
2911,Ruggles Street,0.000000000000000,0, ,,2023,BLSL,0.000820590687275,"MULTILINESTRING M ((-71.083375270999966 42.331563944000038 NAN, -71.082714848999956 42.331076900000028 NAN))"
2912,Dartmouth Street,5874800.000000000000000,5,2,,2011,SLM,0.001067481892745,"MULTILINESTRING M ((-71.07597569099994 42.347340842000051 NAN, -71.076452840999934 42.348295748000055 NAN))"
2913,Causeway Street,5287600.000000000000000,5,2,,2017,SLM,0.000400839055068,"MULTILINESTRING M ((-71.05979328899997 42.366221905000032 NAN, -71.059437740999954 42.366406993000055 NAN))"
2914,Causeway Street,5621300.000000000000000,5,2,,2017,SBL,0.000472355816158,"MULTILINESTRING M ((-71.060222855999939 42.366025456000045 NAN, -71.05979328899997 42.366221905000032 NAN))"
2915,Commercial Street,5640700.000000000000000,5,2,,2017,SBL,0.000210597283220,"MULTILINESTRING M ((-71.055738922999979 42.368225904000042 NAN, -71.055534684999941 42.368174542000077 NAN))"
2916,Commonwealth Avenue,6227000.000000000000000,3,2,1,2013,BL,0.001761709063368,"MULTILINESTRING M ((-71.153365912999959 42.338193811000053 NAN, -71.153503708999949 42.338168343000063 NAN, -71.153710182999987 42.338168964000033 NAN, -71.15393011599997 42.338205642000048 NAN, -71.154259905999936 42.338298911000038 NAN, -71.154678768999986 42.338468974000079 NAN, -71.155040938999946 42.33863240800008 NAN))"
2917,Staniford Street,4438300.000000000000000,3,2,,2017,SBL,0.000914331886283,"MULTILINESTRING M ((-71.063755977999961 42.361298634000036 NAN, -71.063764038999977 42.361348110000051 NAN, -71.063858649999986 42.362207119000061 NAN))"
2918,Staniford Street,5641400.000000000000000,3,2,,2017,SBL,0.000128395694236,"MULTILINESTRING M ((-71.06338253399997 42.364014631000032 NAN, -71.063359433999949 42.364121313000055 NAN, -71.063354296999933 42.364139856000065 NAN))"
2919,Causeway Street,5287100.000000000000000,5,2,,2017,SBL,0.000342464381270,"MULTILINESTRING M ((-71.06240909099995 42.364843764000057 NAN, -71.06211553199995 42.365020130000062 NAN))"
2920,Staniford Street,5641400.000000000000000,3,2,,2017,SBL,0.000666757268770,"MULTILINESTRING M ((-71.063718611999946 42.36329007900008 NAN, -71.063438050999935 42.363894935000076 NAN))"
2921,Causeway Street,5287100.000000000000000,5,2,,2017,SBL,0.000605295422930,"MULTILINESTRING M ((-71.062941187999968 42.364555224000071 NAN, -71.06240909099995 42.364843764000057 NAN))"
2922,Causeway Street,5287101.000000000000000,5,2,,2017,SBL,0.000308898497225,"MULTILINESTRING M ((-71.06211553199995 42.365020130000062 NAN, -71.061850741999933 42.365179204000071 NAN))"
2923,Causeway Street,5287200.000000000000000,5,2,,2017,SBL,0.000741933818485,"MULTILINESTRING M ((-71.061850741999933 42.365179204000071 NAN, -71.061200042999985 42.365535654000041 NAN))"
2924,Causeway Street,46183400.000000000000000,5,2,,2017,SBL,0.000358801652293,"MULTILINESTRING M ((-71.063354296999933 42.364139856000065 NAN, -71.063305594999974 42.364259863000029 NAN, -71.063231799999983 42.364344048000078 NAN, -71.063171050999983 42.364444437000031 NAN))"
2925,Staniford Street,5641500.000000000000000,3,2,,2017,SBL,0.001098417841216,"MULTILINESTRING M ((-71.063858649999986 42.362207119000061 NAN, -71.063864021999962 42.36230786200008 NAN, -71.063854148999951 42.362419235000061 NAN, -71.063835587999961 42.362800659000072 NAN, -71.063790861999962 42.363042446000065 NAN, -71.063718611999946 42.36329007900008 NAN))"
2926,Causeway Street,5819100.000000000000000,5,2,,2017,SBL,0.000255168097837,"MULTILINESTRING M ((-71.063171050999983 42.364444437000031 NAN, -71.062941187999968 42.364555224000071 NAN))"
2927,Staniford Street,5641400.000000000000000,3,2,,2017,SBL,0.000131944191576,"MULTILINESTRING M ((-71.063438050999935 42.363894935000076 NAN, -71.06338253399997 42.364014631000032 NAN))"
2928,Truman Highway,6231900.000000000000000,5,3,,2010,BL,0.003290664414100,"MULTILINESTRING M ((-71.126387134999959 42.242680892000067 NAN, -71.126385016999961 42.242161487000033 NAN, -71.126353141999971 42.241694363000079 NAN, -71.126329271999964 42.241499604000069 NAN, -71.12628643499994 42.241198920000045 NAN, -71.126233661999947 42.240868448000072 NAN, -71.126145990999987 42.240542989000062 NAN, -71.126058230999945 42.240232639000055 NAN, -71.125911029999941 42.239803598000037 NAN, -71.125802365999959 42.239465345000042 NAN))"
2929,Truman Highway,6233200.000000000000000,5,3,,2018,BFBL,0.002454280677433,"MULTILINESTRING M ((-71.11609599999997 42.255146860000025 NAN, -71.11623115499998 42.254992816000026 NAN, -71.116687039999988 42.254474982000033 NAN, -71.117169711999964 42.253940343000068 NAN, -71.117710484999975 42.253349068000034 NAN, -71.117733709999982 42.253319150000038 NAN))"
2930,Old Trail Road,5778500.000000000000000,5,2,,0,SUP,0.000208723579325,"MULTILINESTRING M ((-71.091563789999952 42.307888303000027 NAN, -71.091538366999941 42.307903447000058 NAN, -71.091391028999965 42.308005328000036 NAN))"
2931,New Cypher Street,5452000.000000000000000,0,0,,2024,SBL,0.002436600198791,"MULTILINESTRING M ((-71.051408496999954 42.343731167000044 NAN, -71.051017691999959 42.343467540000063 NAN, -71.049388532999956 42.342368535000048 NAN))"
2932,Border Street,5580500.000000000000000,5,2,,2017,BL,0.000537541487722,"MULTILINESTRING M ((-71.039915366999935 42.374797227000045 NAN, -71.039744517999964 42.375306895000051 NAN))"
2933,Stuart Street,5508100.000000000000000,3,2,1,2020,SBL,0.000788623268284,"MULTILINESTRING M ((-71.066813375999971 42.35096336600003 NAN, -71.066433354999958 42.351043743000048 NAN, -71.066144678999933 42.351096294000058 NAN, -71.066038228999957 42.351104617000033 NAN))"
2934,Stuart Street,5508100.000000000000000,3,2,1,2020,SLM,0.000801778159684,"MULTILINESTRING M ((-71.06604331799997 42.351140430000044 NAN, -71.066153047999933 42.351131850000058 NAN, -71.066445801999976 42.351078557000051 NAN, -71.066831418999982 42.350996996000049 NAN))"
2935,University Of Massachusetts Access Road,6256600.000000000000000,0,B,,2019,BL,0.001707365793197,"MULTILINESTRING M ((-71.043812767999952 42.314532790000044 NAN, -71.044047597999963 42.314589616000035 NAN, -71.04440537499994 42.314598912000065 NAN, -71.044668928999954 42.314559443000064 NAN, -71.045046097999943 42.314428709000026 NAN, -71.04545329299998 42.314256319000037 NAN))"
2936,Summer Street,4557200.000000000000000,3,2,,2023,BLSL,0.001080067742119,"MULTILINESTRING M ((-71.035508435999986 42.338151640000035 NAN, -71.035526952999987 42.339231549000033 NAN))"
2937,Summer Street,5750400.000000000000000,3,2,1,2023,SBL,0.001074074136477,"MULTILINESTRING M ((-71.038047136999978 42.343635599000038 NAN, -71.038178308999989 42.343786875000035 NAN, -71.03834904699994 42.343919688000028 NAN, -71.038903412999957 42.344273287000078 NAN))"
2938,Northern Avenue,4516100.000000000000000,0,2,,2023,SBL,0.001242955919860,"MULTILINESTRING M ((-71.035112869999978 42.34663241700008 NAN, -71.035057450999943 42.346574446000034 NAN, -71.035000188999959 42.346536555000057 NAN, -71.034003349999978 42.346085609000056 NAN))"
2939,Dorchester Avenue,,,2,,2020,SBL,0.000580255223093,"MULTILINESTRING M ((-71.057142588999966 42.345450274000029 NAN, -71.057186485999978 42.345324516000062 NAN, -71.057208966999951 42.345232180000039 NAN, -71.057232214999942 42.345030273000077 NAN, -71.057237550999957 42.344881587000032 NAN))"
2940,Staniford,,,2,1,2017,BL,0.000377382665622,"MULTILINESTRING M ((-71.063354296999933 42.364139856000065 NAN, -71.063352546999965 42.364209490000064 NAN, -71.063351013999977 42.36427051700008 NAN, -71.06334998899996 42.36431131300003 NAN, -71.063406135999969 42.364426149000053 NAN, -71.063425950999942 42.364501636000057 NAN))"
2941,Lomasney Way,46183700.000000000000000,3,2,1,2017,BL,0.000196564195726,"MULTILINESTRING M ((-71.063466300999949 42.364301388000058 NAN, -71.063416924999956 42.364230178000071 NAN, -71.063354296999933 42.364139856000065 NAN))"
2942,Staniford,,,2,1,2017,BL,0.000265665871770,"MULTILINESTRING M ((-71.063171050999983 42.364444437000031 NAN, -71.063279880999971 42.364449805000049 NAN, -71.063348946999952 42.364462131000039 NAN, -71.063425950999942 42.364501636000057 NAN))"
2943,Pierpoint Road,5331000.000000000000000,0,2,,,SUP,0.001037416667991,"MULTILINESTRING M ((-71.09710576599997 42.310161346000029 NAN, -71.097061675999953 42.310360166000066 NAN, -71.097035624999933 42.310444816000029 NAN, -71.096982884999989 42.310564188000058 NAN, -71.096920777999969 42.31066512700005 NAN, -71.096767338999939 42.310819189000028 NAN, -71.096546217999958 42.310988904000055 NAN))"
2944,Pierpoint Road,5331000.000000000000000,0,2,,,SUP,0.000635461352438,"MULTILINESTRING M ((-71.097224851999954 42.309537388000081 NAN, -71.097213473999943 42.30960301600004 NAN, -71.097169086999941 42.309875805000047 NAN, -71.09710576599997 42.310161346000029 NAN))"
2945,Pier Point Road,,,,,,SUP,0.000920575559790,"MULTILINESTRING M ((-71.097866872999987 42.310446041000034 NAN, -71.097596176999957 42.310337465000032 NAN, -71.097169086999941 42.309875805000047 NAN))"
2946, ,6073500.000000000000000,0,2,,,SUP,0.002284363062949,"MULTILINESTRING M ((-71.087370882999949 42.300238888000081 NAN, -71.087381273999938 42.300272901000028 NAN, -71.08774157199997 42.300814378000041 NAN, -71.088134885999978 42.301253934000044 NAN, -71.088625621999938 42.301633817000038 NAN, -71.088908953999976 42.301898865000055 NAN))"
2947,Charles River Locks,,,3,,,WALK,0.002119024538602,
2948,Fiedler Shared-Use Bridge,,,3,,,WALK,0.002297907703299,
2949,Dartmouth Street Shared-Use Bridge,,,3,,,WALK,0.001513067726255,"MULTILINESTRING M ((-71.079429159999961 42.354541594000068 NAN, -71.078931221999937 42.354677284000047 NAN, -71.078791187999968 42.354378127000075 NAN, -71.079271562999963 42.354248158000075 NAN, -71.079248097999937 42.354199815000072 NAN, -71.079359260999979 42.354169283000033 NAN))"
2950,Draw Seven Path,,,M,,2021,SUP,0.003484866223995,"MULTILINESTRING M ((-71.072415112999977 42.387730479000027 NAN, -71.072425967999948 42.387777425000024 NAN, -71.072713246999967 42.388253212000052 NAN, -71.074023540999974 42.390485372000057 NAN, -71.074118474999977 42.390539366000041 NAN, -71.074299691999954 42.390567288000057 NAN))"
2951,Arnold Arboretum Trails,,,2,,,SUP,0.007088685008737,
2952,,,,3,,,SUP,0.000180973995759,"MULTILINESTRING M ((-71.068253151999954 42.366925147000075 NAN, -71.068212697999968 42.366850957000054 NAN, -71.068290864999938 42.36679441800004 NAN))"
2953,Silber Way Shared-Use Bridge,,,,,,WALK,0.001343163998010,
2954,Arnold Arboretum Trails,,,2,,,SUP,0.003468649607329,
2955,Emerald Necklace Trail,,,2,,,SUP,0.024274098205241,
2956,East Boundary Path,,,3,,,SUP,0.012377066317586,
2957,Neponset River Trail,,,3,,,SUP,0.003132147527254,
2958,Tenean Beach Path,,,3,,,SUP,0.003999480326873,
2959,,,,3,,,SUP,0.009920538301455,
2960,Boston Harborwalk,,,,,,SUPM,0.014818874155819,
2961,Southwest Corridor,,,3,,,SUPM,0.009742160111794,
2962,Southwest Corridor,,,3,,,SUP,0.042955585494374,
2963,Stony Brook Path,,,3,,,SUP,0.013494923038987,
2964,Gavin Path,,,3,,,SUP,0.004584949440557,
2965,Rooney Rock Path,,,3,,,SUP,0.013107294226396,
2966,Millenium Park Path,,,2,,,SUPM,0.024784258960363,
2967,Arnold Arboretum Trails,,,2,,,SUP,0.016844584269444,
2968,Emerald Necklace Trail,,,2,,,SUPM,0.005771343590636,
2969,Blossom Street Shared-Use Bridge,,,3,,,WALK,0.001862830074495,"MULTILINESTRING M ((-71.070077603999948 42.364734867000038 NAN, -71.070221755999967 42.364429868000059 NAN, -71.070188986999938 42.364421071000038 NAN, -71.07008557599994 42.364633433000051 NAN, -71.069797427999958 42.364559178000036 NAN, -71.069543328999941 42.36449168300004 NAN, -71.069436681999946 42.364700029000062 NAN, -71.069407499999954 42.364691814000025 NAN, -71.069599991999951 42.364306739000028 NAN))"
2970,,,,3,,,SUP,0.010828587435070,
2971,Blackwell Path,,,2,,,SUPN,0.006723908354825,
2972,Neponset River Trail,,,3,,,SUP,0.005197215892538,
2973,Neponset River Trail,,,3,,,SUP,0.001741289156283,"MULTILINESTRING M ((-71.053722637999954 42.277950313000076 NAN, -71.053608489999988 42.277989471000069 NAN, -71.053386508999949 42.278082105000067 NAN, -71.053096260999951 42.278189360000056 NAN, -71.052789892999954 42.278298197000026 NAN, -71.052557645999968 42.278377828000032 NAN, -71.052277131999972 42.278469040000061 NAN, -71.052082017999965 42.278532032000044 NAN))"
2974,Neponset River Trail,,,3,,,SUP,0.004141387635466,
2975,Neponset River Trail,,,3,,,SUP,0.000364104124597,"MULTILINESTRING M ((-71.047532699999977 42.280833686000051 NAN, -71.047428148999984 42.280906839000068 NAN, -71.047236296999984 42.281045136000046 NAN))"
2976,Neponset River Trail,,,3,,,SUP,0.003346200228819,
2977,Neponset River Trail,,,3,,,SUP,0.006865521237316,
2978,Charles River Bike Path,,,3,,,SUP,0.022976548904226,
2979,Emerald Necklace Trail,,,,,,SUPN,0.010888173544717,
2980,East Boston Greenway,,,2,,,SUP,0.000080961052599,"MULTILINESTRING M ((-71.034203375999937 42.372030361000043 NAN, -71.034177239999963 42.372058529000071 NAN, -71.034146451999959 42.372087878000059 NAN))"
2981,Fenway-Yawkey Multi-Use Path,,,M,,2021,SUP,0.001249420982093,"MULTILINESTRING M ((-71.104055079999966 42.345421428000066 NAN, -71.102964467999982 42.346031033000031 NAN))"
2982,Fenway-Yawkey Multi-Use Path,,,H,,2022,SUP,0.001607671712969,"MULTILINESTRING M ((-71.101286718999972 42.346884411000076 NAN, -71.101347363999935 42.346854351000047 NAN, -71.10186805099994 42.346566372000041 NAN, -71.102385807999951 42.346269532000065 NAN, -71.102679808999937 42.346083053000029 NAN))"
2983,Miller's Creek Path,,,3,,,SUP,0.003879043820823,
2984,Boston Harborwalk,,,,,2020,SUPM,0.002601205690538,"MULTILINESTRING M ((-71.056999649999966 42.368804964000049 NAN, -71.05664577999994 42.368902819000027 NAN, -71.056309172999988 42.368949519000068 NAN, -71.055535268999961 42.368996412000058 NAN, -71.055161286999976 42.368919285000061 NAN, -71.055478564999987 42.368279976000053 NAN, -71.055488939999975 42.368259070000079 NAN))"
2985,East Boston Greenway,,,2,,,SUP,0.000132057025573,"MULTILINESTRING M ((-71.034070374999942 42.372160386000076 NAN, -71.034009821999973 42.372172742000032 NAN, -71.033973335999974 42.372202639000079 NAN, -71.033957677999979 42.372219603000076 NAN))"
2986,East Boston Greenway,,,2,,,SUP,0.000105095765842,"MULTILINESTRING M ((-71.034146451999959 42.372087878000059 NAN, -71.034070374999942 42.372160386000076 NAN))"
2987,East Boston Greenway,,,2,,,SUP,0.004179164808408,
2988,East Boston Greenway,,,2,,,SUP,0.001525849905487,
2989,East Boston Greenway,,,2,,,SUP,0.000602528224577,"MULTILINESTRING M ((-71.03939584799997 42.367084825000063 NAN, -71.039392057999976 42.367144841000027 NAN, -71.039379258999986 42.36724840800008 NAN, -71.039354464999974 42.367350388000034 NAN, -71.039345384999933 42.36742812500006 NAN, -71.039363474999959 42.367474994000077 NAN, -71.03936947699998 42.367513931000076 NAN, -71.039358495999977 42.367588744000045 NAN, -71.039346714999965 42.367638346000035 NAN, -71.039340030999938 42.367676352000046 NAN))"
2990,East Boston Greenway,,,2,,,SUP,0.000098157239835,"MULTILINESTRING M ((-71.03868336499994 42.368439490000071 NAN, -71.038619707999942 42.368514207000032 NAN))"
2991,East Boston Greenway,,,2,,,SUP,0.000913349440951,
2992,East Boston Greenway,,,2,,,SUP,0.000098507806378,"MULTILINESTRING M ((-71.038747247999936 42.368364505000045 NAN, -71.03868336499994 42.368439490000071 NAN))"
2993,Southbay Harbor Trail,,,H,,,SUP,0.004760942994507,
2994,,,,H,,,SUPM,0.001209958682777,"MULTILINESTRING M ((-71.04831539099996 42.353297090000069 NAN, -71.048880609999969 42.353540892000069 NAN, -71.049227516999963 42.353058225000041 NAN))"
2995,Nashua Street Park Path,,,3,,,SUP,0.003187027608442,
2996,Neponset River Trail,,,3,,,SUP,0.002144945211073,
2997,,,,2,,,SUPM,0.010082596462604,
2998,South Street Path,,,M,,,WALK,0.001261234604915,"MULTILINESTRING M ((-71.130595470999936 42.287648950000062 NAN, -71.130523946999972 42.28763557700006 NAN, -71.130415402999972 42.287722840000072 NAN, -71.13032018399997 42.287658243000067 NAN, -71.130272550999962 42.287613513000053 NAN, -71.130207651999967 42.287542125000073 NAN, -71.130104006999943 42.287427247000039 NAN, -71.130050843999982 42.287357928000063 NAN, -71.129971988999955 42.287383252000041 NAN, -71.129555724999989 42.28721923300003 NAN))"
2999,Tenean Beach Path,,,3,,,SUP,0.000551523741928,"MULTILINESTRING M ((-71.044318974999953 42.293276128000059 NAN, -71.044129768999937 42.293152087000067 NAN, -71.043867145999968 42.29296015500006 NAN))"
3000,Fiedler Shared-Use Bridge to Beacon St Connector,,,3,,,SUP,0.000594427216688,"MULTILINESTRING M ((-71.072906792999959 42.355753083000025 NAN, -71.07276238299994 42.355462891000059 NAN, -71.072581586999945 42.355507848000059 NAN, -71.072511146999943 42.35546210900003 NAN))"
3001,Fairfield Street Shared-Use Bridge,,,,,,WALK,0.001803900156580,"MULTILINESTRING M ((-71.084301427999947 42.353168349000043 NAN, -71.084503385999938 42.353127051000058 NAN, -71.084825321999972 42.353039245000048 NAN, -71.084812476999957 42.353014664000057 NAN, -71.084561275999988 42.353083768000033 NAN, -71.084446147999984 42.352853070000037 NAN, -71.083879760999935 42.353002846000038 NAN, -71.083854197999983 42.352944251000054 NAN, -71.083788965999986 42.35296410400008 NAN))"
3002,Emerald Necklace Trail,,,2,,,SUPN,0.010206770120486,
3003,Emerald Necklace Trail,,,2,,,SUP,0.000216093835833,"MULTILINESTRING M ((-71.108228306999933 42.341766068000027 NAN, -71.108400085999961 42.341897173000064 NAN))"
3004,Emerald Necklace Trail,,,2,,,SUPM,0.001052772895891,"MULTILINESTRING M ((-71.098994802999982 42.340539168000078 NAN, -71.099129329999982 42.340529657000047 NAN, -71.099341897999977 42.340519811000036 NAN, -71.099495789999935 42.340510972000061 NAN, -71.099629449999952 42.340496669000061 NAN, -71.099703365999972 42.340485969000042 NAN, -71.099769591999973 42.340472860000034 NAN, -71.099840321999977 42.340450377000025 NAN, -71.100015739999947 42.340354040000079 NAN))"
3005,Emerald Necklace Trail,,,2,,,SUPM,0.002355831249052,"MULTILINESTRING M ((-71.096359592999988 42.341787045000046 NAN, -71.095833001999949 42.341649668000059 NAN, -71.095026201999985 42.341465769000081 NAN, -71.094754200999944 42.341351969000073 NAN, -71.094545000999972 42.341294469000047 NAN, -71.09408640099997 42.341181468000059 NAN))"
3006,Emerald Necklace Trail,,,2,,,SUPM,0.000297749423191,"MULTILINESTRING M ((-71.09408640099997 42.341181468000059 NAN, -71.093846833999976 42.34101413500008 NAN, -71.093842300999938 42.341010969000081 NAN))"
3007,Neponset River Trail,,,3,,,SUPM,0.011317127855463,
3008,Truman Highway Sidepath,,,3,,,SUP,0.009747202248463,"MULTILINESTRING M ((-71.122622357999944 42.250082196000051 NAN, -71.123151477999954 42.249527484000055 NAN, -71.12396691899994 42.248699291000037 NAN, -71.124823681999942 42.247819776000028 NAN, -71.12533207599995 42.247293570000068 NAN, -71.125644569999963 42.24693060900006 NAN, -71.125976113999968 42.246380956000053 NAN, -71.12619738099994 42.245829036000032 NAN, -71.126401499999986 42.245139852000079 NAN, -71.126496896999981 42.242944131000058 NAN, -71.126446415999965 42.241718390000074 NAN))"
3009,,,,2,,,SUP,0.004195458582698,"MULTILINESTRING M ((-71.058281442999942 42.380831992000026 NAN, -71.058276401999933 42.380829376000065 NAN, -71.05802566899996 42.380742571000042 NAN, -71.057642117999933 42.380614202000061 NAN, -71.057274934999953 42.380513608000058 NAN, -71.056893594999963 42.380388160000052 NAN, -71.056798238999988 42.380359456000065 NAN, -71.05499462399996 42.380023067000025 NAN, -71.054793442999937 42.380096674000072 NAN, -71.054206124999951 42.380048351000028 NAN))"
3010,,,,5,,,SUPM,0.004229330752170,
3011,,,,2,,,SUPM,0.003267653623628,"MULTILINESTRING M ((-71.07039810699996 42.386016421000079 NAN, -71.070410443999947 42.386025898000071 NAN, -71.069860286999983 42.386414015000071 NAN, -71.071621629999981 42.387378153000043 NAN), (-71.071621629999981 42.387378153000043 NAN, -71.071816321999961 42.387364090000062 NAN, -71.072041562999971 42.387317288000077 NAN, -71.072179563999953 42.387270842000078 NAN))"
3012,Barry Playground Path,,,2,,,SUP,0.004158917193924,
3013,MassPike Bike-Ped Bridge,,,1,,,SUP,0.001908557644070,"MULTILINESTRING M ((-71.131958517999976 42.35600015600005 NAN, -71.132038760999933 42.356120631000067 NAN, -71.131886824999981 42.356767279000053 NAN, -71.132532492999985 42.356852450000076 NAN, -71.132916175999981 42.356929475000072 NAN, -71.132947754999975 42.356976866000025 NAN))"
3014,Boston Bike Pike,,,1,,,SUP,0.001016570670554,"MULTILINESTRING M ((-71.131958517999976 42.35600015600005 NAN, -71.132787655999948 42.355667177000043 NAN, -71.132766395999965 42.35554595800005 NAN))"
3015,,,,,,,SUPM,0.000544604182839,"MULTILINESTRING M ((-71.125258452999958 42.359457761000044 NAN, -71.125280199999963 42.359491788000071 NAN, -71.12548437099997 42.35959914700004 NAN, -71.12556454099996 42.359689192000076 NAN, -71.12556905699995 42.359757757000068 NAN, -71.125607545999969 42.359788097000035 NAN, -71.125642730999971 42.359785811000052 NAN))"
3016,,,,,,,SUPM,0.005421402764841,
3017,Albany Street Connector,,,1,,,SUP,0.006700190396032,
3018,Charles River Bike Path,,,3,,,SUP,0.005004260310761,
3019,Moss Bank Path,,,,,,SUP,0.002465347604205,
3020,,,,H,,,SUPM,0.002516692278170,
3021,,,,H,,,SUPM,0.000630604008830,"MULTILINESTRING M ((-71.037730365999948 42.341421323000077 NAN, -71.037664389999975 42.341425381000079 NAN, -71.037550751999959 42.341398552000044 NAN, -71.037329131999968 42.341399607000028 NAN, -71.037103252999941 42.341389198000059 NAN))"
3022,,,,H,,,SUPM,0.000543116250331,"MULTILINESTRING M ((-71.037107046999949 42.341386245000081 NAN, -71.036865740999986 42.341500159000077 NAN, -71.03659036099998 42.341522362000035 NAN))"
3023,,,,H,,,SUPM,0.000969079371034,"MULTILINESTRING M ((-71.036590268999987 42.341519479000056 NAN, -71.036558430999946 42.341496965000033 NAN, -71.036399925999945 42.341525745000069 NAN, -71.036183214999937 42.341558444000043 NAN, -71.036042745999964 42.341543630000047 NAN, -71.035835274999954 42.341501158000028 NAN, -71.035638910999978 42.341514295000025 NAN))"
3024,Boston Harborwalk,,,3,,,SUP,0.009014735564287,"MULTILINESTRING M ((-71.013046885999984 42.338276308000047 NAN, -71.013359639999976 42.338328514000068 NAN, -71.013653903999966 42.338288725000041 NAN, -71.014401200999941 42.338310214000046 NAN, -71.015050362999943 42.338668078000069 NAN, -71.016389877999984 42.338725300000078 NAN, -71.018208363999975 42.338681754000049 NAN, -71.019510512999943 42.338543420000065 NAN, -71.02120649699998 42.338075010000068 NAN, -71.021787226999948 42.337715245000027 NAN))"
3025,South Bay Harbor Trail,,,1,,,SUP,0.001592126889452,"MULTILINESTRING M ((-71.061645900999963 42.342768892000038 NAN, -71.061569368999983 42.342916483000067 NAN, -71.061317737999957 42.342854781000028 NAN, -71.060964213999966 42.343552679000027 NAN, -71.06110842399994 42.343614206000041 NAN, -71.061088686999938 42.343645110000068 NAN, -71.06098587799994 42.343806082000071 NAN))"
3026,Ellis Memorial Childrens Park Path,,,,,,SUPM,0.001032904499946,"MULTILINESTRING M ((-71.069598294999935 42.347343279000029 NAN, -71.069550420999974 42.347291536000057 NAN, -71.068823871999939 42.34748945900003 NAN, -71.068614558999968 42.34748391800008 NAN))"
3027,Stony Brook Reservation Trail,,,3,,,SUP,0.000421285993821,"MULTILINESTRING M ((-71.135892005999949 42.258444160000067 NAN, -71.135851980999973 42.258488749000037 NAN, -71.135818161999964 42.25852244400005 NAN, -71.13578513899995 42.258550625000055 NAN, -71.135750465999934 42.258575308000047 NAN, -71.135711097999945 42.258598534000043 NAN, -71.135665382999946 42.25862115700005 NAN, -71.135610776999954 42.258644439000079 NAN, -71.135543859999984 42.258669842000074 NAN))"
3028,,,,3,1,2018,SBL,0.001323073919935,"MULTILINESTRING M ((-71.113985729999968 42.30133096000003 NAN, -71.113862859999983 42.301310550000039 NAN, -71.113688092999951 42.301283206000051 NAN, -71.113503385999934 42.30123227200005 NAN, -71.113319134999983 42.301194914000064 NAN, -71.112678594999977 42.301151258000061 NAN))"
3029,Mass Ave Shared-Use Bridge,,,3,,,WALK,0.001185486227544,"MULTILINESTRING M ((-71.089783499999953 42.352116412000044 NAN, -71.08990946199998 42.352373730000068 NAN, -71.089997389999951 42.35235235500005 NAN, -71.089865208999981 42.352081715000054 NAN, -71.089952480999955 42.352056420000054 NAN, -71.08981632299998 42.351785177000068 NAN, -71.089926029999958 42.35175832200008 NAN))"
3030,MBTA Redline Path,,,M,,,SUPM,0.002251961845056,"MULTILINESTRING M ((-71.066041621999943 42.293969957000058 NAN, -71.066032810999957 42.29393095000006 NAN, -71.065854194999986 42.293211528000029 NAN, -71.06569436999996 42.293230291000043 NAN, -71.065639518999944 42.293024810000077 NAN, -71.065760115999979 42.292951167000069 NAN, -71.065606096999943 42.29222177500003 NAN, -71.065628223999965 42.292175537000048 NAN, -71.065610267999944 42.292104007000034 NAN, -71.065579136999986 42.292094102000078 NAN, -71.065568259999964 42.292042586000036 NAN))"
3031,,,,,,,SUPM,0.002217009213341,"MULTILINESTRING M ((-71.048289400999977 42.292901538000081 NAN, -71.048504413999979 42.293273729000077 NAN, -71.048534183999948 42.293266646000063 NAN, -71.048423161999949 42.293053754000027 NAN, -71.048191576999955 42.293204636000041 NAN, -71.047906343999955 42.293170426000074 NAN, -71.047677214999965 42.293015982000043 NAN, -71.047587125999939 42.293231157000037 NAN, -71.047548069999948 42.293223994000073 NAN, -71.047691140999973 42.292846716000042 NAN))"
3032,Moakley Park Path,,,3,,,SUP,0.009178792858747,
3033,East Boston Greenway,,,2,,,SUP,0.009426079278897,
3034,East Boston Greenway Connector,,,5,,,SUP,0.010870228064498,
3035,East Boston Greenway,,,M,,,SUP,0.004906807488176,"MULTILINESTRING M ((-71.015968448999956 42.380864231000032 NAN, -71.015387854999972 42.381319131000055 NAN, -71.013523324999937 42.382627366000065 NAN, -71.012120493999987 42.383689610000033 NAN, -71.01199543599995 42.383731511000065 NAN))"
3036,Moakley Park Path,,,3,,,SUPM,0.001457589459617,"MULTILINESTRING M ((-71.052153049999959 42.326326294000069 NAN, -71.052158821999967 42.326582487000053 NAN, -71.05213318999995 42.326581046000058 NAN, -71.052129638999986 42.326393161000055 NAN, -71.052651010999966 42.32637623100004 NAN, -71.052642282999955 42.326186539000048 NAN, -71.052616776999969 42.32618889400004 NAN, -71.052624922999939 42.326439348000065 NAN))"
3037,Boston Harborwalk,,,3,,,SUP,0.006562575228049,"MULTILINESTRING M ((-71.043751436999969 42.330146554000066 NAN, -71.043341138999949 42.330155266000077 NAN, -71.041784654999958 42.330188305000036 NAN, -71.041079350999951 42.330160628000044 NAN, -71.040433612999948 42.330110637000075 NAN, -71.039739598999972 42.330023768000046 NAN, -71.038875217999987 42.32985188400005 NAN, -71.038066453999988 42.329652454000041 NAN, -71.037258834999989 42.329469380000035 NAN))"
3038,Boston Harborwalk,,,,,,SUP,0.000190900880853,"MULTILINESTRING M ((-71.048069216999977 42.327728275000027 NAN, -71.047889664999957 42.327663435000034 NAN))"
3039,Metropolitan Ave Footbridge,,,M,,,WALK,0.001890724314682,
3040,Emerald Necklace Trail,,,2,,,SUPM,0.000281874942241,"MULTILINESTRING M ((-71.093842300999938 42.341010969000081 NAN, -71.093783800999972 42.340901768000037 NAN, -71.093707079999945 42.340763655000046 NAN))"
3041,East Boston Greenway,,,2,,,SUP,0.000673050404587,"MULTILINESTRING M ((-71.036553038999955 42.370923250000033 NAN, -71.036457639999981 42.370921733000046 NAN, -71.036371823999957 42.370884228000079 NAN, -71.036228783999945 42.370820606000052 NAN, -71.036070911999957 42.370780594000053 NAN, -71.03592096899996 42.370712765000064 NAN))"
3042,East Boston Greenway,,,2,,,SUP,0.000179185555087,"MULTILINESTRING M ((-71.036239741999964 42.370825480000065 NAN, -71.036284198999965 42.370742859000075 NAN, -71.036233482999933 42.370674195000049 NAN))"
3043,East Boston Greenway,,,2,,,WALK,0.000720400734899,"MULTILINESTRING M ((-71.03636083899994 42.369855425000026 NAN, -71.036676526999941 42.370055380000053 NAN, -71.036647259999938 42.370103855000025 NAN, -71.03685474699995 42.370306590000041 NAN))"
3044,East Boston Greenway,,,2,,,SUP,0.000791297776550,
3045,East Boston Greenway,,,2,,,SUP,0.000985666648483,
3046,East Boston Greenway,,,2,,,SUP,0.000767599393014,
3047,East Boston Greenway,,,2,,,SUP,0.000742987755699,"MULTILINESTRING M ((-71.028583386999969 42.377765066000052 NAN, -71.027956491999987 42.377366276000032 NAN))"
3048,Boston Harborwalk,,,5,,,SUP,0.000285561724627,"MULTILINESTRING M ((-71.027704753999956 42.365196968000078 NAN, -71.027900111999941 42.365266291000069 NAN, -71.027887132999979 42.365343476000078 NAN))"
3049,,,,2,,,SUPM,0.002249200221563,"MULTILINESTRING M ((-71.037515073999941 42.348269146000064 NAN, -71.037420372999975 42.348385953000047 NAN, -71.037221620999958 42.348301691000074 NAN, -71.036542313999973 42.349243059000059 NAN, -71.035873746999982 42.348970275000056 NAN))"
3050,,,,,,,SUPM,0.000621290157822,"MULTILINESTRING M ((-71.034062331999962 42.348228105000032 NAN, -71.033529543999975 42.348547696000026 NAN))"
3051,,,,,,,SUP,0.001934140691709,"MULTILINESTRING M ((-71.094903363999947 42.306463016000066 NAN, -71.095013906999952 42.306458100000043 NAN, -71.095266004999985 42.306468729000073 NAN, -71.095454927999981 42.306489112000065 NAN, -71.095712602999981 42.306527431000063 NAN, -71.095941854999978 42.306602974000043 NAN, -71.09607110099995 42.306671615000027 NAN, -71.096221249999985 42.306778143000031 NAN, -71.096478281999964 42.306938823000053 NAN, -71.096596481999939 42.307040208000046 NAN, -71.096686328999965 42.307035499000051 NAN))"
3052,ConRAC Multi-Use Path,,,5,,,SUP,0.001461506680940,
3053,ConRAC Multi-Use Path,,,5,,,SUP,0.001873555830182,
3054,ConRAC Multi-Use Path,,,5,,,SUP,0.003503382607786,
3055,East Boston Memorial Park Path,,,2,,,SUP,0.000724500057386,
3056,East Boston Memorial Park Path,,,2,,,SUP,0.005386699410353,
3057,East Boston Memorial Park Path,,,2,,,SUP,0.002814213753616,
3058,East Boston Greenway,,,2,,,SUP,0.000714126869757,"MULTILINESTRING M ((-71.032104733999972 42.373681795000039 NAN, -71.032709831999966 42.374061049000034 NAN))"
3059,East Boston Greenway,,,2,,,SUP,0.000574915997427,"MULTILINESTRING M ((-71.030831105999937 42.374863581000056 NAN, -71.030342460999975 42.37456067100004 NAN))"
3060,East Boston Greenway,,,2,,,SUP,0.000782709146649,
3061,East Boston Greenway,,,2,,,SUP,0.000108859313432,"MULTILINESTRING M ((-71.031256402999986 42.375317077000034 NAN, -71.031347957999969 42.375375967000025 NAN))"
3062,Emerald Necklace Trail,,,2,,,SUP,0.001669690169459,
3063,Boston Harborwalk,,,,,2020,SUPM,0.003936695849551,"MULTILINESTRING M ((-71.048060802999942 42.378771158000063 NAN, -71.047547330999976 42.376957969000046 NAN, -71.047643899999969 42.376931551000041 NAN, -71.048992530999953 42.378084308000041 NAN, -71.049169760999973 42.378100009000036 NAN))"
3064,Boston Harborwalk,,,2,,2020,SUPM,0.001620239655776,"MULTILINESTRING M ((-71.049489527999981 42.37786182900004 NAN, -71.049306487999957 42.377714618000027 NAN, -71.049097158999984 42.377483418000054 NAN, -71.049775792999981 42.376651687000049 NAN))"
3065,Boston Harborwalk,,,2,,2020,SUPM,0.000559135580935,"MULTILINESTRING M ((-71.049621065999986 42.377925872000048 NAN, -71.049489527999981 42.37786182900004 NAN, -71.049376710999979 42.37791257300006 NAN, -71.049343079999971 42.377988495000068 NAN, -71.049169760999973 42.378100009000036 NAN))"
3066,Boston Harborwalk,,,2,,2020,SUPM,0.002454431170105,"MULTILINESTRING M ((-71.050149033999958 42.379520752000076 NAN, -71.048189721999961 42.379226385000038 NAN, -71.048060802999942 42.378771158000063 NAN))"
3067,,,,2,,,SUPM,0.000950010275301,"MULTILINESTRING M ((-71.050149017999956 42.379520745000036 NAN, -71.050125610999942 42.379552790000048 NAN, -71.050754507999955 42.37964665100003 NAN, -71.050892339999962 42.379449758000078 NAN, -71.050909661999981 42.37942036000004 NAN))"
3068,Southbay Harbor Trail,,,2,,,SUP,0.009482219376793,
3069,Southbay Harbor Trail,,,2,,,SUP,0.000283792927912,
3070,Franklin Park Path,,,2,,,SUP,0.006538178549445,
3071,,,,3,,,SUP,0.002136108679635,"MULTILINESTRING M ((-71.059491542999979 42.367656050000051 NAN, -71.059468168999956 42.367879684000059 NAN, -71.059075413999949 42.368025663000026 NAN, -71.058877170999949 42.367971623000074 NAN, -71.058678042999986 42.367890492000072 NAN, -71.058376205999934 42.367882360000067 NAN, -71.058221163999974 42.36789192100008 NAN, -71.058095511999966 42.367961944000058 NAN, -71.058152522999933 42.368028687000049 NAN, -71.05782546599994 42.368227696000076 NAN))"
3072,Langone Park Path,,,2,,,SUP,0.000739842995301,"MULTILINESTRING M ((-71.056999649999966 42.368804965000038 NAN, -71.05645240399997 42.368307080000079 NAN))"
3073,Emerald Necklace Trail,,,2,,,SUPM,0.001455974074372,
3074,,,,B,,,SUP,0.001502809847430,"MULTILINESTRING M ((-71.039283456999954 42.316908947000059 NAN, -71.038707525999939 42.317767661000062 NAN, -71.038629886999956 42.317833333000067 NAN, -71.038514034999935 42.317874792000055 NAN, -71.038336713999968 42.317895041000043 NAN, -71.038273479999987 42.317912629000034 NAN))"
3075,,,,3,,,SUP,0.012696367713767,
3076,,,,5,,,SUPM,0.005987063420748,"MULTILINESTRING M ((-71.059968742999956 42.371293354000045 NAN, -71.059680490999938 42.371390715000075 NAN, -71.059301156999936 42.371429756000055 NAN, -71.059102375999942 42.371374209000066 NAN, -71.058567617999984 42.371129192000069 NAN, -71.057651883999938 42.37069929300003 NAN, -71.056101601999956 42.371431746000042 NAN, -71.057715569999971 42.372183924000069 NAN))"
3077,Neponset River Greenway,,,3,,,SUP,0.000665048377576,"MULTILINESTRING M ((-71.062585345999935 42.27248577000006 NAN, -71.062662772999943 42.272528472000033 NAN, -71.063127575999943 42.272567163000076 NAN, -71.063229493999984 42.272525207000058 NAN))"
3078,Readville to Neponset,,,3,,,SUP,0.000781088670327,"MULTILINESTRING M ((-71.12633660399996 42.240945059000069 NAN, -71.126446415999965 42.241718390000074 NAN))"
3079,South Bay Harbor Trail,,,H,,2021,SBLSL,0.002115352790876,
3080,Charles River Dam Sidepath,,,3,,,SUPM,0.002571252424959,
3081,Boston Harborwalk,,,2,,,SUPM,0.003636634877106,
3082,Boston Harborwalk,,,2,,,SUPM,0.009812676167155,"MULTILINESTRING M ((-71.040343365999945 42.382221074000029 NAN, -71.042135019999932 42.382134390000033 NAN, -71.04200620599994 42.380811204000054 NAN, -71.041964775999986 42.380808896000076 NAN, -71.041983006999942 42.380953318000024 NAN, -71.040329380999935 42.381035834000045 NAN, -71.040134368999986 42.37894628500004 NAN, -71.042879654999979 42.378821733000052 NAN))"
3083,Boston Harborwalk,,,2,,,SUPM,0.000718612971525,"MULTILINESTRING M ((-71.041189423999981 42.376540179000074 NAN, -71.041125927999985 42.376435713000035 NAN, -71.041226049999977 42.375847814000053 NAN))"
3084,Boston Harborwalk,,,2,,,SUPM,0.001318505213234,"MULTILINESTRING M ((-71.04114390899997 42.376330138000071 NAN, -71.039826150999943 42.376374521000059 NAN))"
3085,Boston Harborwalk,,,2,,,SUPM,0.002199670523149,"MULTILINESTRING M ((-71.044147304999967 42.370496550000041 NAN, -71.044164835999936 42.37047089400005 NAN, -71.043799741999976 42.370316521000063 NAN, -71.044178941999974 42.369850671000052 NAN, -71.043107917999976 42.369375909000041 NAN))"
3086,Boston Harborwalk,,,,,,SUPM,0.002212127432106,"MULTILINESTRING M ((-71.030559855999968 42.363929140000039 NAN, -71.030259348999948 42.363910763000035 NAN, -71.029941285999939 42.36383419100008 NAN, -71.029071749999957 42.363624352000045 NAN, -71.029029320999939 42.363714695000056 NAN, -71.028899469999942 42.363683196000068 NAN, -71.028660856999977 42.364022849000037 NAN, -71.02868155799996 42.364058116000081 NAN))"
3087,Boston Harborwalk,,,5,,,SUP,0.002481812202866,"MULTILINESTRING M ((-71.02868155799996 42.364058116000081 NAN, -71.027814299999989 42.365173455000047 NAN, -71.027704753999956 42.365196968000078 NAN, -71.026829371999952 42.364810415000079 NAN))"
3088,Boston Harborwalk,,,5,,,SUP,0.001293623456536,
3089,Boston Harborwalk,,,5,,,SUP,0.006125726738474,
3090,Boston Harbor Islands Trails,,,,,,SUP,0.000158407221530,"MULTILINESTRING M ((-70.967496903999972 42.355285335000076 NAN, -70.967495045999954 42.355285683000034 NAN, -70.967492723999953 42.355285890000061 NAN, -70.96749075699995 42.355285895000065 NAN, -70.967375494999942 42.355281654000066 NAN, -70.967375320999963 42.355281646000037 NAN, -70.967338934999987 42.355286471000056 NAN))"
3091,Boston Harbor Islands Trails,,,,,,SUPM,0.000102948084333,"MULTILINESTRING M ((-70.963127465999946 42.351201024000034 NAN, -70.963117520999958 42.351204149000068 NAN, -70.963058850999971 42.351263033000066 NAN, -70.963052214999948 42.351269691000027 NAN))"
3092,Boston Harbor Islands Trails,,,,,,SUPM,0.000118347254259,"MULTILINESTRING M ((-70.961016463999954 42.349660000000029 NAN, -70.961022686999968 42.349652807000041 NAN, -70.961079466999934 42.349587172000042 NAN, -70.961080014999936 42.34958653800004 NAN, -70.961090780999939 42.349568262000048 NAN))"
3093,Boston Harbor Islands Trails,,,,,,SUP,0.000114464598641,"MULTILINESTRING M ((-70.956033401999946 42.34546369800006 NAN, -70.955984043999933 42.345360422000056 NAN))"
3094,Boston Harbor Islands Trails,,,,,,SUP,0.003281611871762,
3095,Boston Harbor Islands Trails,,,,,,SUP,0.001785960470617,
3096,Boston Harbor Islands Trails,,,,,,SUP,0.002188479218364,
3097,Boston Harbor Islands Trails,,,,,,SUP,0.000022088851668,"MULTILINESTRING M ((-70.953622077999967 42.349653875000058 NAN, -70.953623483999934 42.349653029000081 NAN, -70.953637711999988 42.34964377700004 NAN, -70.95364047399994 42.349641666000025 NAN))"
3098,Boston Harbor Islands Trails,,,,,,SUP,0.000211654735269,
3099,Boston Harbor Islands Trails,,,,,,SUPM,0.001227454905486,
3100,Boston Harbor Islands Trails,,,,,,SUPM,0.000451105282863,
3101,Boston Harbor Islands Trails,,,,,,SUPM,0.001454733458708,
3102,Boston Harbor Islands Trails,,,,,,SUPM,0.000850625345903,"MULTILINESTRING M ((-70.962941143999956 42.354221438000025 NAN, -70.962923099999955 42.354217430000062 NAN, -70.962853592999977 42.354201141000033 NAN, -70.962805045999971 42.354192107000074 NAN, -70.962755751999964 42.35418293500004 NAN, -70.962706410999942 42.354173750000029 NAN, -70.962657085999979 42.354164567000055 NAN, -70.962107085999946 42.354054681000036 NAN))"
3103,Boston Harbor Islands Trails,,,,,,SUPM,0.001064119535445,
3104,Boston Harbor Islands Trails,,,,,,SUP,0.000043221459434,"MULTILINESTRING M ((-70.962927413999978 42.354262370000072 NAN, -70.962929549999956 42.354257926000059 NAN, -70.962931904999948 42.354251311000041 NAN, -70.962941143999956 42.354221438000025 NAN))"
3105,Boston Harbor Islands Trails,,,,,,SUPM,0.002119404808849,
3106,Boston Harbor Islands Trails,,,,,,SUP,0.000125388640738,
3107,Boston Harbor Islands Trails,,,,,,SUP,0.002717566058156,
3108,Boston Harbor Islands Trails,,,,,,SUPM,0.001264181436694,
3109,Boston Harbor Islands Trails,,,,,,SUPM,0.001997012895252,
3110,Boston Harbor Islands Trails,,,,,,SUPM,0.002453983011582,
3111,Boston Harbor Islands Trails,,,,,,SUPM,0.002401116920123,
3112,Boston Harbor Islands Trails,,,,,,SUP,0.000739111135686,
3113,Boston Harbor Islands Trails,,,,,,SUP,0.001771102514727,
3114,Boston Harbor Islands Trails,,,,,,SUP,0.004501446136680,
3115,Boston Harbor Islands Trails,,,,,,SUP,0.001710929246231,
3116,Boston Harbor Islands Trails,,,,,,SUP,0.003567774460687,
3117,Boston Harbor Islands Trails,,,,,,SUP,0.003885858740974,
3118,Boston Harbor Islands Trails,,,,,,SUP,0.000233563081439,
3119,Boston Harbor Islands Trails,,,,,,SUP,0.002972272824461,
3120,Boston Harbor Islands Trails,,,,,,SUP,0.000244923948371,"MULTILINESTRING M ((-70.955226907999986 42.345336279000037 NAN, -70.955343366999955 42.345418116000076 NAN, -70.955353387999935 42.34542504500007 NAN, -70.955363949999935 42.345431518000055 NAN, -70.955375016999938 42.345437509000078 NAN, -70.955386545999943 42.345443000000046 NAN, -70.955398497999965 42.34544796800003 NAN, -70.955410829999948 42.345452395000052 NAN, -70.95542349599998 42.345456268000078 NAN, -70.955436451999958 42.34545957000006 NAN))"
3121,Boston Harbor Islands Trails,,,,,,SUP,0.001103457580679,
3122,Boston Harbor Islands Trails,,,,,,SUPM,0.000487856753802,
3123,Boston Harbor Islands Trails,,,,,,SUPM,0.000370279307484,
3124,Boston Harbor Islands Trails,,,,,,SUP,0.000071892562321,"MULTILINESTRING M ((-70.963299348999954 42.351064972000074 NAN, -70.96329054399996 42.35106468500004 NAN, -70.963274356999989 42.351064748000056 NAN, -70.96325819599997 42.351065400000039 NAN, -70.963242094999941 42.351066640000056 NAN, -70.963227615999983 42.351068292000036 NAN))"
3125,Boston Harbor Islands Trails,,,,,,SUPM,0.000112132621791,"MULTILINESTRING M ((-70.963237430999982 42.351188924000041 NAN, -70.963231939999957 42.351187717000073 NAN, -70.963221192999981 42.351186191000068 NAN, -70.963210299999957 42.351185461000057 NAN, -70.963199367999948 42.351185534000081 NAN, -70.96318850199998 42.351186409000036 NAN, -70.963178712999934 42.351187936000031 NAN, -70.963168778999943 42.351189343000044 NAN, -70.963158224999972 42.351191603000075 NAN, -70.963147997999954 42.351194574000033 NAN, -70.963127465999946 42.351201024000034 NAN))"
3126,Boston Harbor Islands Trails,,,,,,SUPM,0.000492532071367,
3127,Boston Harbor Islands Trails,,,,,,SUP,0.000134209294939,"MULTILINESTRING M ((-70.967341179999949 42.355292500000076 NAN, -70.967270686999939 42.355298983000068 NAN, -70.96722656299994 42.355304665000062 NAN, -70.967219066999974 42.355306359000053 NAN, -70.967211884999983 42.35530877900004 NAN, -70.967208555999946 42.355310316000043 NAN))"
3128,Boston Harbor Islands Trails,,,,,,SUP,0.000478165882385,
3129,Boston Harbor Islands Trails,,,,,,SUP,0.003029806250231,
3130,Boston Harbor Islands Trails,,,,,,SUPM,0.003166183783890,
3131,Boston Harbor Islands Trails,,,,,,SUP,0.000079184323157,"MULTILINESTRING M ((-70.953440167999986 42.349917618000063 NAN, -70.953436542999953 42.349902560000032 NAN, -70.953431074999969 42.349839099000064 NAN))"
3132,Boston Harbor Islands Trails,,,,,,SUP,0.000277565139641,
3133,Boston Harbor Islands Trails,,,,,,SUP,0.001245115452616,
3134,Boston Harbor Islands Trails,,,,,,SUPM,0.006232627174750,
3135,Boston Harbor Islands Trails,,,,,,SUP,0.000351960530449,
3136,Boston Harbor Islands Trails,,,,,,SUP,0.000014038695738,"MULTILINESTRING M ((-70.963052214999948 42.351269691000027 NAN, -70.963042481999935 42.351259574000039 NAN))"
3137,Boston Harbor Islands Trails,,,,,,SUP,0.002688777407419,
3138,Boston Harbor Islands Trails,,,,,,SUP,0.003470231429495,"MULTILINESTRING M ((-70.957851779999942 42.347808837000059 NAN, -70.957832477999943 42.347797301000071 NAN, -70.957612155999982 42.34647315400008 NAN, -70.95760047899995 42.346432135000043 NAN, -70.957568628999979 42.346384532000059 NAN, -70.956605908999961 42.345354274000044 NAN, -70.956460146999973 42.345329049000043 NAN, -70.956033401999946 42.34546369800006 NAN))"
3139,Boston Harbor Islands Trails,,,,,,SUP,0.000128944834544,"MULTILINESTRING M ((-70.957962463999934 42.347874987000068 NAN, -70.957851779999942 42.347808837000059 NAN))"
3140,Boston Harbor Islands Trails,,,,,,SUPM,0.000155628312074,"MULTILINESTRING M ((-70.960826202999954 42.350138496000056 NAN, -70.960961039999972 42.35006078400005 NAN))"
3141,Boston Harbor Islands Trails,,,,,,SUP,0.000027607855580,"MULTILINESTRING M ((-70.964430045999961 42.351467668000055 NAN, -70.964443356999936 42.351491855000063 NAN))"
3142,Boston Harbor Islands Trails,,,,,,SUPM,0.000121030631041,"MULTILINESTRING M ((-70.963237430999982 42.351188924000041 NAN, -70.963227615999983 42.351068292000036 NAN))"
3143,Boston Harbor Islands Trails,,,,,,SUP,0.000276582605292,"MULTILINESTRING M ((-70.955436451999958 42.34545957000006 NAN, -70.955168735999962 42.345529040000031 NAN))"
3144,Boston Harbor Islands Trails,,,,,,SUP,0.000201347422892,"MULTILINESTRING M ((-70.955226907999986 42.345336279000037 NAN, -70.955168735999962 42.345529040000031 NAN))"
3145,Boston Harbor Islands Trails,,,,,,SUPM,0.000107344921605,"MULTILINESTRING M ((-70.967310685999962 42.355594146000044 NAN, -70.967203579999989 42.355601304000061 NAN))"
3146,Boston Harbor Islands Trails,,,,,,SUPM,0.000090850352689,"MULTILINESTRING M ((-70.965200326999934 42.353386663000038 NAN, -70.965151157999969 42.353463058000045 NAN))"
3147,Boston Harbor Islands Trails,,,,,,SUP,0.000187263721456,"MULTILINESTRING M ((-70.960473298999943 42.349302109000064 NAN, -70.960557223999956 42.349340381000047 NAN, -70.960644413999944 42.34937816300004 NAN))"
3148,Boston Harbor Islands Trails,,,,,,SUP,0.000485171860824,"MULTILINESTRING M ((-70.960644413999944 42.34937816300004 NAN, -70.960880423999981 42.349480432000064 NAN, -70.960951095999974 42.349509820000037 NAN, -70.961090780999939 42.349568262000048 NAN))"
3149,Boston Harbor Islands Trails,,,,,,SUP,0.000567840997985,
3150,Boston Harbor Islands Trails,,,,,,SUP,0.000006433417914,"MULTILINESTRING M ((-70.967341179999949 42.355292500000076 NAN, -70.967338934999987 42.355286471000056 NAN))"
3151,Boston Harbor Islands Trails,,,,,,SUP,0.003119469141837,
3152,Belle Isle Marsh Path,,,3,,,SUPM,0.001828929762886,
3153,Belle Isle Marsh Path,,,3,,,SUPM,0.000360379273496,"MULTILINESTRING M ((-70.99375645899994 42.391088139000033 NAN, -70.993744762999938 42.391077347000078 NAN, -70.993732408999961 42.391066970000054 NAN, -70.99371918099996 42.391056840000033 NAN, -70.993708475999938 42.391049542000076 NAN, -70.993692854999949 42.391038540000068 NAN, -70.993676575999984 42.391027985000051 NAN, -70.993659463999961 42.391017780000027 NAN, -70.993575557999975 42.390967762000059 NAN, -70.993494099999964 42.390920762000064 NAN, -70.993452091999984 42.390896414000053 NAN))"
3154,Belle Isle Marsh Path,,,3,,,SUPM,0.000844703118199,"MULTILINESTRING M ((-70.993808082999976 42.391378102000033 NAN, -70.993763749999971 42.391528672000049 NAN, -70.99369478899996 42.391710957000043 NAN, -70.993660741999975 42.39181110100003 NAN, -70.993657950999989 42.391820941000049 NAN, -70.993655983999986 42.391830627000047 NAN, -70.993652213999951 42.391852725000035 NAN, -70.993648391999955 42.391884122000079 NAN, -70.993645411999978 42.391915777000065 NAN, -70.993633437999961 42.392036269000073 NAN, -70.99361827499996 42.392195586000071 NAN))"
3155,Belle Isle Marsh Path,,,3,,,SUPM,0.004352907081050,
3156,Belle Isle Marsh Path,,,3,,,SUPM,0.002578051689484,
3157,Belle Isle Marsh Path,,,3,,,SUPM,0.000314078089236,
3158,Belle Isle Marsh Path,,,3,,,SUPM,0.000060915410675,"MULTILINESTRING M ((-70.993808082999976 42.391378102000033 NAN, -70.993849231999945 42.391423018000069 NAN))"
3159,,,,3,1,2018,SBL,0.000609843151218,"MULTILINESTRING M ((-71.114527278999958 42.301603858000078 NAN, -71.114400395999951 42.301518465000072 NAN, -71.114308319999964 42.301462892000075 NAN, -71.114164892999952 42.301409053000043 NAN, -71.114077788999964 42.301380177000055 NAN, -71.113985729999968 42.30133096000003 NAN))"
3160,Morrissey Boulevard Bike/Ped Bridge,,,3,,,SUPM,0.002326110844073,
3161,Moakley Park Path,,,,,,SUP,0.001327028029119,"MULTILINESTRING M ((-71.052042216999951 42.324276292000036 NAN, -71.052084914999966 42.325046643000064 NAN, -71.052110653999989 42.325601541000026 NAN))"
3162,MBTA Redline Path,,,M,,,SUPM,0.000872725068318,"MULTILINESTRING M ((-71.066264265999962 42.294813773000044 NAN, -71.066051569999956 42.294013994000068 NAN, -71.066041621999943 42.293969957000058 NAN))"
3163,,,,2,,,SUPM,0.000755589738047,"MULTILINESTRING M ((-71.05007022999996 42.37596484900007 NAN, -71.049848797999971 42.376429282000061 NAN, -71.049769603999948 42.376590991000057 NAN, -71.049775792999981 42.376651687000049 NAN))"
3164,Overpass,,,3,,,SUP,0.000839306412760,"MULTILINESTRING M ((-71.137423438999974 42.364324159000034 NAN, -71.137374485999942 42.364346873000045 NAN, -71.137312515999952 42.364399081000045 NAN, -71.137293412999952 42.364421857000025 NAN, -71.137280139999973 42.364443761000075 NAN, -71.137282566999943 42.364468542000054 NAN, -71.137333935999948 42.364524887000073 NAN, -71.137601398999948 42.364822529000037 NAN, -71.137617357999943 42.364840206000054 NAN, -71.13764422099996 42.364860776000057 NAN, -71.13770918299997 42.364923090000048 NAN))"
3165,Overpass,,,3,,,WALK,0.001746653158173,"MULTILINESTRING M ((-71.137423438999974 42.364324159000034 NAN, -71.137518697999951 42.364292065000029 NAN, -71.137926585999935 42.364186635000067 NAN, -71.137913879999985 42.364161822000028 NAN, -71.137632102999987 42.364232396000034 NAN, -71.137512802999936 42.363975715000038 NAN, -71.137460419999968 42.363700190000031 NAN, -71.137426993999952 42.363703895000071 NAN, -71.137460628999975 42.363887892000037 NAN, -71.13758215699994 42.363874222000049 NAN))"
3166,,,,H,,,SUPM,0.001992463290326,"MULTILINESTRING M ((-71.049227516999963 42.353058225000041 NAN, -71.049941271999955 42.352131553000049 NAN, -71.050304014999938 42.351632548000055 NAN, -71.050201537999953 42.351592248000031 NAN, -71.050212882999972 42.351577404000068 NAN, -71.050263370999971 42.351519189000044 NAN))"
3167,,,,F,,,SUPM,0.004250168306652,"MULTILINESTRING M ((-71.04551347599994 42.355099906000078 NAN, -71.046253767999985 42.355064310000046 NAN, -71.046876850999979 42.354934851000053 NAN, -71.047329784999988 42.354786227000034 NAN, -71.047698122999975 42.354613450000045 NAN, -71.048033602999965 42.354408552000052 NAN, -71.048255045999952 42.354199599000026 NAN, -71.047872816999984 42.354028020000044 NAN, -71.048032950999982 42.353797503000067 NAN, -71.048401087999935 42.353334055000062 NAN))"
3168,,,,,,,SUP,0.000216528964138,"MULTILINESTRING M ((-71.051598558999956 42.349956916000053 NAN, -71.051468854999939 42.350130299000057 NAN))"
3169,Emerald Necklace Trail,,,2,,,SUP,0.001113920003700,"MULTILINESTRING M ((-71.111767176999933 42.337048219000053 NAN, -71.111624448999976 42.337152308000043 NAN, -71.111501862999944 42.337247175000073 NAN, -71.11135838499996 42.337345544000073 NAN, -71.111119117999976 42.337468690000037 NAN, -71.11080777799998 42.337603323000053 NAN))"
3170,Pearl Street Extension,,,H,,,SUPM,0.001325357531125,"MULTILINESTRING M ((-71.051887760999989 42.353119219000064 NAN, -71.052845584999943 42.354035268000075 NAN))"
3171,Emerald Necklace Trail,,,2,,,SUPN,0.008203407653406,
3172,Boston Harborwalk,,,3,,,SUP,0.008187151615964,
3173,Boston Harborwalk,,,3,,,SUP,0.007267958290518,
3174,,,,3,,,SUP,0.001064281798369,"MULTILINESTRING M ((-71.05782546599994 42.368227696000076 NAN, -71.057650242999955 42.368318937000026 NAN, -71.057583478999959 42.36851327100004 NAN, -71.057261647999951 42.368732514000044 NAN, -71.056999649999966 42.368804964000049 NAN))"
3175,Emerald Necklace,,,,,,SUP,0.001579597418056,
3176,Emerald Necklace Trail/Sears Rotary,,,2,,,SUP,0.001071765975222,"MULTILINESTRING M ((-71.102803507999965 42.343332119000081 NAN, -71.102946275999955 42.343444893000026 NAN, -71.10353142799994 42.34388937500006 NAN), (-71.103670018999935 42.343956644000059 NAN, -71.103612992999956 42.343938245000061 NAN, -71.10353142799994 42.34388937500006 NAN))"
3177,Moakley Park Path,,,,,,SUP,0.000906511125878,"MULTILINESTRING M ((-71.051293275999967 42.322207520000063 NAN, -71.051067094999951 42.322163148000072 NAN, -71.050876266999978 42.322091244000035 NAN, -71.050687185999948 42.322009809000065 NAN, -71.050547620999964 42.32200068800006 NAN, -71.050426991999984 42.322038307000071 NAN))"
3178,Moakley Park Path,,,,,,SUP,0.002874755165854,
3179,North Bank Shared-Use Bridge,,,3,,,SUP,0.003861616177870,
3180,Lovejoy Wharf Harborwalk,,,H,,,SUP,0.001306382301683,"MULTILINESTRING M ((-71.060677650999935 42.367108526000038 NAN, -71.059491542999979 42.367656050000051 NAN))"
3181,,,,,,,SUPM,0.000734647055347,"MULTILINESTRING M ((-71.057444991999944 42.367733160000057 NAN, -71.057508068999937 42.36778795400005 NAN, -71.057427716999939 42.367840526000066 NAN, -71.05782546599994 42.368227696000076 NAN))"
3182,Charles River/Harborwalk Connection,,,3,,,SUP,0.000768910085243,"MULTILINESTRING M ((-71.064676682999959 42.368288601000074 NAN, -71.065445533999934 42.368279069000039 NAN))"
3183,Forsyth Way,5424900.000000000000000,5,2,1,2011,BL,0.000100613297747,"MULTILINESTRING M ((-71.093806665999978 42.340777996000043 NAN, -71.093707079999945 42.340763655000046 NAN))"
3184,Forsyth Way,6256000.000000000000000,5,2,1,2011,BL,0.000084994774707,"MULTILINESTRING M ((-71.093228434999958 42.340868445000069 NAN, -71.093166211999971 42.340926345000071 NAN))"
3185,Constitution Road,5620900.000000000000000,0,0,,2018,SUPM,0.001531991570641,
3186,Columbus Avenue,4554700.000000000000000,3,2,,2018,SBL,0.000076528637484,"MULTILINESTRING M ((-71.083370600999956 42.339272055000038 NAN, -71.083309730999986 42.339318439000067 NAN))"
3187,American Legion Highway,5694900.000000000000000,5,2,1,2009,BFBL,0.000889815915577,"MULTILINESTRING M ((-71.115985045999935 42.275136543000031 NAN, -71.115936524999938 42.275203694000027 NAN, -71.115872345999946 42.275323332000028 NAN, -71.115817496999966 42.27546551000006 NAN, -71.115787209999951 42.275618459000043 NAN, -71.115746000999934 42.275979006000057 NAN))"
3188,American Legion Highway,6271400.000000000000000,5,2,1,2020,SBL,0.000998233228089,"MULTILINESTRING M ((-71.095092180999984 42.292641186000026 NAN, -71.095130549999965 42.292599243000041 NAN, -71.095499877999941 42.292265180000072 NAN, -71.095635669999979 42.292156494000039 NAN, -71.095787148999989 42.292052930000068 NAN, -71.095860190999986 42.292007606000027 NAN))"
3189,American Legion Highway,5707600.000000000000000,5,2,1,2020,SBL,0.001683172719527,"MULTILINESTRING M ((-71.093226905999984 42.294550107000077 NAN, -71.092864662999943 42.295046240000033 NAN, -71.092576962999942 42.295440230000054 NAN, -71.092329302999985 42.295765149000033 NAN, -71.092208189999951 42.29588794600005 NAN))"
3190,Columbus Avenue,5194100.000000000000000,3,2,,2018,SBL,0.000118273186119,"MULTILINESTRING M ((-71.087735469999984 42.336406890000035 NAN, -71.087635180999939 42.336469585000032 NAN))"
3191,Commercial Street,5640800.000000000000000,5,2,,2017,SBL,0.000202246563467,"MULTILINESTRING M ((-71.056640650999952 42.368235796000079 NAN, -71.056574158999979 42.368267585000069 NAN, -71.056478831999982 42.368303540000056 NAN, -71.05645240399997 42.368307080000079 NAN))"
3192,Beacon Street,5113600.000000000000000,3,3,,2019,BFBL,0.000228177107248,"MULTILINESTRING M ((-71.091939959999934 42.350213373000031 NAN, -71.092161746999977 42.350159751000035 NAN))"
3193,Perkins Street,5345800.000000000000000,5,3,,2008,BL,0.000190128980727,"MULTILINESTRING M ((-71.116760196999962 42.321041685000068 NAN, -71.116570431999946 42.321029926000051 NAN))"
3194,Ruggles Street,4581300.000000000000000,5,2,,2010,SLM,0.000115063010357,"MULTILINESTRING M ((-71.090192065999986 42.335343628000032 NAN, -71.090264801999979 42.33543278500008 NAN))"
3195,Massachusetts Avenue,6313400.000000000000000,3,2,1,2011,BL,0.000107066944817,"MULTILINESTRING M ((-71.072152777999975 42.332735717000048 NAN, -71.072240994999959 42.332796389000066 NAN))"
3196,Massachusetts Avenue,46806900.000000000000000,3,2,1,2020,SBL,0.000103847738552,"MULTILINESTRING M ((-71.072374864999972 42.332683876000033 NAN, -71.072290517999988 42.332623296000065 NAN))"
3197,Commonwealth Avenue,6270100.000000000000000,3,2,1,2010,BL,0.000052626625019,"MULTILINESTRING M ((-71.091684026999985 42.349200137000025 NAN, -71.091736630999947 42.349198594000029 NAN))"
3198,Commonwealth Avenue,5859202.000000000000000,3,2,1,2010,BL,0.000023336613306,"MULTILINESTRING M ((-71.091734888999952 42.348863598000037 NAN, -71.09171155699994 42.348864062000075 NAN))"
3199,Longfellow Bridge,6273800.000000000000000,2,3,1,2018,BL,0.000643652171403,"MULTILINESTRING M ((-71.071397353999942 42.361104751000028 NAN, -71.071227072999989 42.361053498000047 NAN, -71.071081116999949 42.361009569000032 NAN, -71.070781929999953 42.360916254000074 NAN))"
3200,Veterans Of Foreign Wars Parkway,4933300.000000000000000,2,3,1,2013,BL,0.000590192168942,"MULTILINESTRING M ((-71.171727869999984 42.287218519000078 NAN, -71.171682426999951 42.287315962000037 NAN, -71.171542722999959 42.287585136000075 NAN, -71.171466983999949 42.287747770000067 NAN))"
3201,Veterans Of Foreign Wars Parkway,6212700.000000000000000,2,3,1,2013,BL,0.000767711062850,"MULTILINESTRING M ((-71.171060205999936 42.288555304000056 NAN, -71.171345732999953 42.288249524000037 NAN, -71.17156922099997 42.287981014000025 NAN))"
3202,Veterans Of Foreign Wars Parkway,6212700.000000000000000,2,3,1,2013,BL,0.000358639688827,"MULTILINESTRING M ((-71.171345732999953 42.288249524000037 NAN, -71.171390946999963 42.288238599000067 NAN, -71.17143331799997 42.288234076000037 NAN, -71.171468451999942 42.288233104000028 NAN, -71.17150320899998 42.28823546700005 NAN, -71.171566549999966 42.288246963000063 NAN, -71.171637164999936 42.288271104000046 NAN, -71.17169015099995 42.288300357000026 NAN))"
3203,Veterans Of Foreign Wars Parkway,5107700.000000000000000,2,3,1,2013,SLM,0.002198636969720,"MULTILINESTRING M ((-71.159635469999955 42.294697529000075 NAN, -71.158841933999952 42.295088454000052 NAN, -71.158509120999952 42.295244074000038 NAN, -71.158179919999952 42.295368893000045 NAN, -71.157864700999937 42.295468084000049 NAN, -71.157611843999973 42.295544351000046 NAN))"
3204,Veterans Of Foreign Wars Parkway,4801700.000000000000000,2,3,1,2013,BL,0.002182975929981,"MULTILINESTRING M ((-71.155501512999933 42.29562194500005 NAN, -71.154827836999971 42.29558223500004 NAN, -71.154236607999962 42.295562484000072 NAN, -71.153742097999952 42.295560994000027 NAN, -71.153321095999956 42.295590853000078 NAN))"
3205,Veterans Of Foreign Wars Parkway,6218700.000000000000000,2,3,1,2013,BL,0.001932949453046,"MULTILINESTRING M ((-71.153572722999968 42.29575688500006 NAN, -71.153921687999969 42.295748305000075 NAN, -71.154349708999973 42.295754655000053 NAN, -71.155284373999962 42.295793477000075 NAN, -71.155504501999985 42.295803140000032 NAN))"
3206,Kilby Street,5805600.000000000000000,0,2,,2011,BL,0.000060649860115,"MULTILINESTRING M ((-71.05545121199998 42.357986200000028 NAN, -71.05547655099997 42.35804130300005 NAN))"
3207,Atlantic Avenue,5424100.000000000000000,3,2,,2011,BL,0.000792896565757,"MULTILINESTRING M ((-71.051817986999936 42.359623753000051 NAN, -71.051875188999986 42.359773969000059 NAN, -71.051932464999936 42.359913919000064 NAN, -71.052023758999951 42.360084521000033 NAN, -71.052108545999943 42.360214494000047 NAN, -71.052185498999961 42.360322068000073 NAN))"
3208,Water Street,5620900.000000000000000,0,3,,0,SUP,0.000197690386036,"MULTILINESTRING M ((-71.062476584999956 42.369755406000024 NAN, -71.062431400999969 42.36980118200006 NAN, -71.062401284999964 42.369839669000044 NAN, -71.062360703999957 42.369913788000076 NAN))"
3209,Water Street,5620900.000000000000000,0,3,,0,SUP,0.000862027000878,
3210,Cambridge Street,5609700.000000000000000,3,2,1,2015,BFBL,0.002382356533011,"MULTILINESTRING M ((-71.12010926399995 42.360394737000036 NAN, -71.119920407999984 42.36043554500003 NAN, -71.119847293999953 42.360447638000039 NAN, -71.119500243999937 42.360505055000033 NAN, -71.119033685999966 42.360592412000074 NAN, -71.118400833999942 42.360749447000046 NAN, -71.118037919999949 42.360839500000054 NAN, -71.117780437999954 42.360891281000079 NAN))"
3211,Saratoga Street Bridge,4396200.000000000000000,5,1,,2012,BL,0.001055022478212,"MULTILINESTRING M ((-70.995036041999981 42.382757428000048 NAN, -70.994731864999949 42.382727700000032 NAN, -70.993985910999982 42.382655955000075 NAN))"
3212,Freeport Street,5629000.000000000000000,3,2,,2013,BL,0.000371317331601,"MULTILINESTRING M ((-71.05597318699995 42.304525940000076 NAN, -71.055869462999965 42.304481088000045 NAN, -71.055625805999966 42.304395321000072 NAN))"
3213,,,,,,,SUPM,0.004523557020536,"MULTILINESTRING M ((-71.055488939999975 42.368259070000079 NAN, -71.054615404999936 42.368034530000045 NAN, -71.054217171999937 42.36793151300003 NAN, -71.054021103999958 42.36785786300004 NAN, -71.053378347999967 42.367629554000075 NAN, -71.052587095999968 42.367323961000068 NAN, -71.052002791999939 42.367098174000034 NAN, -71.051360225999986 42.366550783000037 NAN))"
3214,Emerald Necklace Trail,,,,,,SUPN,0.003525011871539,
3215,,,,3,,,SUP,0.002553915272502,
3216,Arnold Arboretum Trails,,,2,,,SUP,0.007110587333692,
3217,Emerald Necklace Trail/Sears Rotary,,,2,,,SUPM,0.000384534994793,"MULTILINESTRING M ((-71.102803507999965 42.343332119000081 NAN, -71.102580989999979 42.343128893000028 NAN, -71.102520374999983 42.343071931000054 NAN))"
3218,Emerald Necklace Trail,,,2,,,SUP,0.000359788053592,"MULTILINESTRING M ((-71.104311011999982 42.344589521000046 NAN, -71.104313357999956 42.344539937000036 NAN, -71.104324533999943 42.344469813000046 NAN, -71.104338362999954 42.344387551000068 NAN, -71.104354360999935 42.344335011000055 NAN, -71.104366485999947 42.344285697000032 NAN, -71.104387320999933 42.344240224000032 NAN))"
3219,,,,3,,,SUPM,0.002799486967462,
3220,Emerald Necklace Trail,,,3,,,SUPM,0.000535355929869,"MULTILINESTRING M ((-71.09117133899997 42.343678812000064 NAN, -71.091260131999945 42.343588260000047 NAN, -71.091324309999948 42.343521951000071 NAN, -71.091367970999954 42.343461317000049 NAN, -71.091404259999933 42.343410947000052 NAN, -71.09144680299994 42.34338632500004 NAN, -71.091466176999973 42.343383859000028 NAN), (-71.091466607999962 42.343273090000025 NAN, -71.091466176999973 42.343383859000028 NAN))"
3221,,,,H,,,SUPM,0.000865298779020,"MULTILINESTRING M ((-71.051887760999989 42.353119219000064 NAN, -71.051903623999976 42.353091218000031 NAN, -71.051837573999933 42.353003752000063 NAN, -71.052202725999962 42.352598123000064 NAN, -71.052260454999953 42.352540821000048 NAN, -71.052330041999937 42.352474111000049 NAN))"
3222,Boston Harborwalk,,,,,,SUPM,0.000474395790420,"MULTILINESTRING M ((-71.048362141999974 42.326901751000037 NAN, -71.047895087999962 42.326818613000057 NAN))"
3223,Boston Harborwalk,,,,,,SUPM,0.000470146369214,"MULTILINESTRING M ((-71.048714331999975 42.325768923000055 NAN, -71.04863944899995 42.325763055000039 NAN, -71.048620772999982 42.325777450000032 NAN, -71.048254820999944 42.325713754000049 NAN))"
3224,Congress Street,5613200.000000000000000,5,2,,2019,BL,0.000587509285344,"MULTILINESTRING M ((-71.050356624999949 42.351572601000044 NAN, -71.05033027099995 42.35156196500003 NAN, -71.049859242999958 42.35126077700005 NAN))"
3225,Emerald Necklace Trail,,,2,,,SUPM,0.000810740169541,"MULTILINESTRING M ((-71.098994802999982 42.340539168000078 NAN, -71.099065449999955 42.34054844800005 NAN, -71.099167518999934 42.340554164000025 NAN, -71.09931525099995 42.340565686000048 NAN, -71.099484715999949 42.340601737000043 NAN, -71.099672006999981 42.340672135000034 NAN, -71.099778968999942 42.340716336000071 NAN))"
3226,,,,H,,,SUPM,0.000752684103617,
3227,East Boston Greenway,,,2,,,SUP,0.001417603960928,
3228,Boston Harborwalk,,,,,,SUPM,0.001302148958971,"MULTILINESTRING M ((-71.044147304999967 42.370496550000041 NAN, -71.044512410999971 42.37064949300003 NAN, -71.044679562999988 42.370455781000032 NAN, -71.044919679999964 42.370568211000034 NAN, -71.044751427999984 42.370914843000037 NAN))"
3229,Arnold Arboretum Trails,,,2,,,SUP,0.008334459508179,
3230,Arnold Arboretum Trails,,,2,,,SUP,0.002290751384218,"MULTILINESTRING M ((-71.122754142999952 42.29789818900008 NAN, -71.122461417999943 42.29779403100008 NAN, -71.122235386999932 42.297726309000041 NAN, -71.122028283999953 42.29767395600004 NAN, -71.121854900999949 42.297656834000065 NAN, -71.121639830999982 42.297631065000076 NAN, -71.121151386999941 42.297639931000049 NAN, -71.120505836999939 42.297724860000073 NAN))"
3231,Arnold Arboretum Trails,,,2,,,SUP,0.005993370568478,
3232,Arnold Arboretum Trails,,,2,,,SUP,0.002575052233599,
3233,Southwest Corridor,,,3,,,SUP,0.002834726211321,
3234,East First Street Path,,,5,,,SUPM,0.007352155794573,"MULTILINESTRING M ((-71.025133231999973 42.33831861200008 NAN, -71.025291695999954 42.33841741100008 NAN, -71.032341731999963 42.338314817000025 NAN, -71.032345551999981 42.338200248000078 NAN))"
3235,Boston Harborwalk,,,3,,,SUP,0.007320201110142,
3236,Paul Dudley White Charles River Bike Path,,,3,,,SUP,0.005229507897627,
3237,Emerald Necklace Trail,,,2,,,SUPM,0.002435557334503,
3238,Connection to North Station,,,,,,SUPM,0.002116905105185,"MULTILINESTRING M ((-71.063660801999958 42.366121561000057 NAN, -71.063500862999945 42.366206573000056 NAN, -71.063415507999935 42.366198345000043 NAN, -71.063284073999966 42.366260645000068 NAN, -71.062955956999986 42.36593483300004 NAN, -71.06211553199995 42.365020130000062 NAN))"
3239,Paul Revere Landing Park,,,,,,SUP,0.001227736326742,"MULTILINESTRING M ((-71.061653384999943 42.369584382000028 NAN, -71.061513615999957 42.369703147000052 NAN, -71.061399716999972 42.369855523000069 NAN, -71.061358051999946 42.369975297000053 NAN, -71.06133301999995 42.370147559000031 NAN, -71.061390651999943 42.370284285000025 NAN, -71.061479532999954 42.370390990000033 NAN, -71.06158265199997 42.370456111000067 NAN, -71.061691161999988 42.370550758000036 NAN))"
3240,Paul Revere Landing Park,,,2,,,SLM,0.000748046077143,"MULTILINESTRING M ((-71.061707911999974 42.37055967100008 NAN, -71.061029646999941 42.370875154000032 NAN))"
3241,Fifth Street/Bunker Hill Street Connector,,,1,,,SUP,0.000699002172593,
3242,,,,3,,,SUP,0.000839740271542,"MULTILINESTRING M ((-71.038273479999987 42.317912629000034 NAN, -71.038174616999981 42.317940126000053 NAN, -71.038071590999948 42.317983542000036 NAN, -71.038004678999982 42.318004235000046 NAN, -71.037914572999966 42.318036268000071 NAN, -71.037775570999941 42.318083350000052 NAN, -71.037667297999974 42.318141990000072 NAN, -71.037615553999956 42.318195139000068 NAN, -71.037513235999938 42.318141370000035 NAN))"
3243,Southbay Harbor Trail,,,H,,,SUP,0.000502441364466,"MULTILINESTRING M ((-71.057142588999966 42.345450274000029 NAN, -71.05698517899998 42.34546393100004 NAN, -71.056881525999984 42.34559216100007 NAN, -71.056864587999939 42.345607660000042 NAN, -71.056852322999987 42.345616515000074 NAN, -71.056838065999955 42.345623577000026 NAN, -71.056821517999936 42.345628693000037 NAN, -71.056800717999977 42.345632227000067 NAN, -71.056776079999963 42.345633899000063 NAN, -71.056747174999941 42.345633735000035 NAN, -71.056713694999985 42.345631731000026 NAN))"
3244,Emerald Necklace Trail,,,2,,,SUPM,0.000138434231771,"MULTILINESTRING M ((-71.099778968999942 42.340716336000071 NAN, -71.099811133999935 42.340707397000074 NAN, -71.099890184999936 42.340697191000061 NAN, -71.099915252999949 42.340693467000051 NAN))"
3245,Emerald Necklace Trail,,,2,,,SUPM,0.003543676870647,
3246,Fenway Connector To Park Drive,4546100.000000000000000,3,3,1,2019,BL,0.000124798464193,"MULTILINESTRING M ((-71.099852510999938 42.340702054000076 NAN, -71.099795306999965 42.340812970000059 NAN))"
3247,Emerald Necklace Trail,,,2,,,SUP,0.000181998016176,"MULTILINESTRING M ((-71.10452150499998 42.344117269000037 NAN, -71.104387320999933 42.344240224000032 NAN))"
3248,Emerald Necklace Trail,,,2,,,SUPM,0.000374720663126,
3249,,,,,,,SUPM,0.000828852900392,"MULTILINESTRING M ((-71.050637915999971 42.378851435000058 NAN, -71.050149017999956 42.379520745000036 NAN))"
3250,,,,5,,,SUP,0.001670223850109,
3251,Boston Harborwalk,,,2,,,SUPM,0.000073516765381,"MULTILINESTRING M ((-71.028885357999968 42.382627354000078 NAN, -71.028911726999979 42.382558729000039 NAN))"
3252,Moakley Park Path,,,3,,,SUP,0.004071034787891,
3253,South Bay Harbor Trail,,,2,,,SUP,0.003398065221548,"MULTILINESTRING M ((-71.061911965999968 42.341839543000049 NAN, -71.061490417999948 42.342628954000077 NAN, -71.061691408999934 42.342681127000048 NAN, -71.061645900999963 42.342768892000038 NAN), (-71.062973937999971 42.339918517000058 NAN, -71.062890999999979 42.340061719000062 NAN, -71.06275958699996 42.340260715000056 NAN, -71.062501497999961 42.340693569000052 NAN, -71.062224359999959 42.341231765000032 NAN, -71.061911965999968 42.341839543000049 NAN))"
3254,Emerald Necklace Trail,,,2,,,SUP,0.003149376996552,
3255,Southwest Corridor,,,3,,,SUP,0.005103116221326,"MULTILINESTRING M ((-71.083487706999961 42.339365509000061 NAN, -71.084040690999984 42.338919007000072 NAN, -71.084320583999954 42.338736126000072 NAN, -71.08485578899996 42.338396953000029 NAN, -71.085661803999983 42.337887248000072 NAN, -71.086145431999967 42.337577420000059 NAN, -71.086743800999955 42.337199400000031 NAN, -71.086983662999955 42.337047812000037 NAN, -71.087756224999964 42.33657671800006 NAN))"
3256,Boston Harborwalk,,,3,,,SUP,0.003686362620323,
3257,Charles River Bike Path,,,3,,,SUP,0.004074195182822,
3258,,,,,,,SUP,0.005472540204048,
3259,Charles Street Circle,5338900.000000000000000,2,3,1,2022,SBL,0.000150560411280,"MULTILINESTRING M ((-71.070435212999939 42.361361480000028 NAN, -71.070569163999949 42.361378252000065 NAN, -71.070584671999939 42.36137956500005 NAN))"
3260,Paul Revere Park,,,3,,,SUP,0.001287889896189,
3261,Rutherford Trail Project,,,2,,,SUP,0.000196958691728,"MULTILINESTRING M ((-71.061774587999935 42.371062730000062 NAN, -71.061848244999965 42.370979539000075 NAN, -71.061902768999971 42.370913232000078 NAN))"
3262,Belle Isle Marsh Path,,,3,,,SUPM,0.000406416440692,
3263,Belle Isle Marsh Path,,,3,,,SUPM,0.000125700681400,"MULTILINESTRING M ((-70.99361827499996 42.392195586000071 NAN, -70.993722781999963 42.392195112000024 NAN, -70.993743870999936 42.392197205000059 NAN))"
3264,Boston Harborwalk,,,3,,,SUP,0.005589038516958,"MULTILINESTRING M ((-71.021787226999948 42.337715245000027 NAN, -71.022548623999967 42.337243544000046 NAN, -71.023156382999957 42.33679430400008 NAN, -71.023660135999933 42.336012240000059 NAN, -71.023716404999959 42.335341936000077 NAN, -71.02362240399998 42.334835841000029 NAN, -71.023338171999967 42.334217705000071 NAN, -71.022595022999951 42.333353792000025 NAN))"
3265,Readville to Neponset,,,3,,,SUP,0.001521774880994,"MULTILINESTRING M ((-71.125952584999936 42.239472878000072 NAN, -71.126093991999937 42.239955709000071 NAN, -71.12633660399996 42.240945059000069 NAN))"
3266,South Bay Harbor Trail,,,1,,2020,SUP,0.002170650027713,
3267,Charles Street Circle,5338600.000000000000000,3,2,1,2022,SBL,0.000147254269760,"MULTILINESTRING M ((-71.06993973799996 42.361182306000046 NAN, -71.070083866999937 42.361212483000031 NAN))"
3268,Southbay Harbor Trail,,,2,,,SUP,0.002609877878379,
3269,Emerald Necklace Trail,,,2,,,SUP,0.000793688803244,"MULTILINESTRING M ((-71.110685427999954 42.335516429000052 NAN, -71.110509862999947 42.335662868000043 NAN, -71.110349730999985 42.335807152000029 NAN, -71.110261817999969 42.335902135000026 NAN, -71.110123782999949 42.336073569000064 NAN))"
3270,Fenway-Yawkey Multi-Use Path,,,H,,2021,SUP,0.000301203529138,"MULTILINESTRING M ((-71.102964467999982 42.346031033000031 NAN, -71.102857322999967 42.34606044700007 NAN, -71.10275461699996 42.346041378000052 NAN, -71.102679808999937 42.346083053000029 NAN))"
3271,Pappas Sidepath,,,H,,,SUPM,0.008592884232939,
3272,Park Plaza,4486500.000000000000000,3,2,,2020,BL,0.000525706163171,"MULTILINESTRING M ((-71.067908214999989 42.351758906000043 NAN, -71.067924691999963 42.351756587000068 NAN, -71.068429592999962 42.351691595000034 NAN))"
3273,Southbay Harbor Trail,,,H,,,SUP,0.003113887985719,
3274,Emerald Necklace Trail,,,2,,,SUP,0.000253873845839,"MULTILINESTRING M ((-71.119827125999961 42.313935230000027 NAN, -71.119616676999954 42.313793233000069 NAN))"
3275,Charles River Path,,,,,,SUPM,0.002075515093674,"MULTILINESTRING M ((-71.070077468999955 42.364735155000062 NAN, -71.070425794999949 42.364824420000048 NAN, -71.070098385999984 42.365500940000061 NAN, -71.070029424999973 42.365606725000077 NAN, -71.070299172999967 42.365734949000057 NAN, -71.069921164999982 42.366119738000066 NAN))"
3276,Charles River Path,,,,,,SUPM,0.002474564545733,
3277,Charles River Bike Path,,,3,,,SUP,0.006786038452075,
3278,John W. Weeks Bridge,,,3,,,SUP,0.001512796847056,"MULTILINESTRING M ((-71.117710876999979 42.368883413000049 NAN, -71.118567946999974 42.368073778000053 NAN, -71.118812988999935 42.367847141000027 NAN))"
3279,Charles River Bike Path,,,3,,,SUP,0.000100791509412,"MULTILINESTRING M ((-71.146689303999949 42.361700349000046 NAN, -71.14675859099998 42.361627149000071 NAN))"
3280,Charles River Bike Path,,,3,,,SUP,0.000100459794930,"MULTILINESTRING M ((-71.14675859099998 42.361627149000071 NAN, -71.146800251999935 42.361583135000046 NAN, -71.146799168999962 42.361572196000054 NAN, -71.146821710999973 42.361554170000034 NAN))"
3281,Charles River Bike Path,,,3,,,SUP,0.008800465010829,
3282,Charles River Bike Path,,,3,,,SUP,0.000139243453592,"MULTILINESTRING M ((-71.160955227999978 42.358823455000049 NAN, -71.160991875999969 42.358772913000053 NAN, -71.161011181999982 42.358742290000066 NAN, -71.161040004999961 42.358713679000061 NAN))"
3283,Charles River Bike Path,,,3,,,SUP,0.012307422711957,
3284,Charles River Bike Path,,,3,,,SUP,0.002384854920177,
3285,Charles River Bike Path,,,3,,,SUP,0.004868098801054,
3286,Charles River Bike Path,,,3,,,SUP,0.003247810576263,
3287,Paul Dudley White Charles River Bike Path,,,3,,,SUP,0.018617959133592,
3288,Paul Dudley White Charles River Bike Path,,,3,,,SUP,0.005815959750727,
3289,Paul Dudley White Charles River Bike Path,,,3,,,SUP,0.011285021781504,
3290,Paul Dudley White Charles River Bike Path,,,3,,,SUP,0.010650777758360,
3291,Paul Dudley White Charles River Bike Path,,,3,,,WALK,0.000278023103348,"MULTILINESTRING M ((-71.079429159999961 42.354541594000068 NAN, -71.079498268999942 42.354526021000027 NAN, -71.079589626999962 42.354711972000075 NAN))"
3292,Paul Dudley White Charles River Bike Path,,,3,,,SUP,0.005742720896144,
3293,Paul Dudley White Charles River Bike Path,,,3,,,WALK,0.000072859502909,"MULTILINESTRING M ((-71.074046256999964 42.356165332000046 NAN, -71.074079688999973 42.356160450000061 NAN, -71.074091127999964 42.356160048000049 NAN, -71.074102407999987 42.356163103000029 NAN, -71.074116007999976 42.356171418000031 NAN))"
3294,Paul Dudley White Charles River Bike Path,,,3,,,SUP,0.005289940031743,
3295,Charles River Path,,,,,,SUP,0.000067268664093,"MULTILINESTRING M ((-71.070012305999967 42.364718456000048 NAN, -71.070077468999955 42.364735155000062 NAN))"
3296,,,,3,,,SUP,0.000108229173572,"MULTILINESTRING M ((-71.068290864999938 42.36679441800004 NAN, -71.068378557999949 42.366730987000039 NAN))"
3297,,,,3,,,SUP,0.000104195186947,"MULTILINESTRING M ((-71.068378557999949 42.366730987000039 NAN, -71.068462982999961 42.366669921000039 NAN))"
3298,Rutherford Trail Project,,,2,,,SUP,0.000113274587383,"MULTILINESTRING M ((-71.061948371999961 42.370857771000033 NAN, -71.061960245999956 42.370848644000034 NAN, -71.061967004999985 42.370846302000075 NAN, -71.061974488999965 42.370845372000076 NAN, -71.061988895999946 42.37084679600008 NAN, -71.062018542999965 42.370854362000046 NAN, -71.062031440999988 42.370856651000054 NAN, -71.062044661999948 42.370856908000064 NAN, -71.062056631999951 42.37085452000008 NAN))"
3299,Columbia Road,5850100.000000000000000,3,1,1,2022,BL,0.001762174490018,"MULTILINESTRING M ((-71.05979986899996 42.320013440000025 NAN, -71.06004506499994 42.320080121000046 NAN, -71.060298061999958 42.320116820000067 NAN, -71.060462722999944 42.320147697000039 NAN, -71.060686404999956 42.320196785000064 NAN, -71.060888225999975 42.320272480000028 NAN, -71.061082122999949 42.320361356000035 NAN, -71.061255908999954 42.320444961000078 NAN, -71.061481383999933 42.32050828000007 NAN))"
3300,Columbia Road,5850100.000000000000000,3,1,1,2022,BL,0.000526791390986,"MULTILINESTRING M ((-71.061481383999933 42.32050828000007 NAN, -71.061362676999977 42.320335621000027 NAN, -71.061274436999952 42.320291062000081 NAN, -71.061187080999957 42.320254513000066 NAN, -71.061069457999963 42.32021616600008 NAN))"
3301,East Boundary Path,,,3,,,SUP,0.006982407434535,
3302,Bold Knob Path,,,3,,,SUP,0.001949898343584,
3303,Chamberlain Path,,,3,,,SUP,0.004361792635503,
3304,Overbrook Path,,,3,,,SUP,0.006030169596646,
3305,Gavin Path,,,3,,,SUP,0.003016222296851,
3306,Southbay Harbor Trail,,,H,,,SUP,0.000795882211041,"MULTILINESTRING M ((-71.051598558999956 42.349956916000053 NAN, -71.052075298999966 42.349319619000028 NAN))"
3307,Southbay Harbor Trail,,,H,,,SUP,0.002126018847568,
3308,Paul Revere Park,,,3,,,SUP,0.002156103218520,
3309,Paul Revere Park,,,3,,,SUP,0.000102504456566,"MULTILINESTRING M ((-71.062056631999951 42.37085452000008 NAN, -71.062072797999974 42.37084612600006 NAN, -71.062086094999984 42.37083560800005 NAN, -71.062116603999982 42.370798024000067 NAN, -71.062129521999964 42.370784191000041 NAN))"
3310,Rutherford Trail Project,,,2,,,SUP,0.000071802201457,"MULTILINESTRING M ((-71.061902768999971 42.370913232000078 NAN, -71.061948371999961 42.370857771000033 NAN))"
3311,Moakley Park Path,,,,,,SUP,0.002227131682464,"MULTILINESTRING M ((-71.051293275999967 42.322207520000063 NAN, -71.05181168699994 42.323132580000049 NAN, -71.052042216999951 42.324276292000036 NAN))"
3312,Moakley Park Path,,,,,,SUP,0.000436088750248,"MULTILINESTRING M ((-71.051864996999939 42.329031708000059 NAN, -71.051530014999969 42.329310922000047 NAN))"
3313,Moakley Park Path,,,,,,SUP,0.000725992229737,"MULTILINESTRING M ((-71.052110653999989 42.325601541000026 NAN, -71.052152836999937 42.326321820000032 NAN, -71.052153049999959 42.326326294000069 NAN))"
3314,Neponset River Trail,,,3,,,SUP,0.001284190583733,"MULTILINESTRING M ((-71.054900877999955 42.277441014000033 NAN, -71.054728102999945 42.277515856000036 NAN, -71.054448745999935 42.277643082000054 NAN, -71.054186295999955 42.277757678000057 NAN, -71.053999674999943 42.277839730000039 NAN, -71.053830741999946 42.277915300000075 NAN, -71.053722637999954 42.277950313000076 NAN))"
3315,,,,3,,,SUP,0.003546550746191,
3316,East Boston Greenway,,,2,,,SUP,0.000862532062337,"MULTILINESTRING M ((-71.033957677999979 42.372219603000076 NAN, -71.03375314699997 42.372388946000058 NAN, -71.033377612999971 42.372784402000036 NAN, -71.033340296999938 42.37282009900008 NAN))"
3317,East Boston Greenway,,,2,,,SUP,0.001009766567331,
3318,Neponset River Trail,,,3,,,SUP,0.006476277354003,
3319,Neponset River Trail,,,3,,,SUP,0.000261994405660,"MULTILINESTRING M ((-71.090074048999952 42.269956677000039 NAN, -71.089867362999939 42.269795674000079 NAN))"
3320,Southwest Corridor,,,3,,,SUP,0.001494089999744,"MULTILINESTRING M ((-71.087756224999964 42.33657671800006 NAN, -71.087877223999953 42.336499340000046 NAN, -71.088605497999936 42.335890243000051 NAN, -71.088681407999957 42.335868600000026 NAN, -71.088935744999958 42.335670931000038 NAN))"
3321,Neponset River Trail,,,3,,,SUP,0.001006742688447,"MULTILINESTRING M ((-71.052082017999965 42.278532032000044 NAN, -71.051835133999987 42.27860220000008 NAN, -71.051680416999943 42.278651323000076 NAN, -71.051563898999973 42.278685110000026 NAN, -71.05139434199998 42.278734769000039 NAN, -71.051298313999951 42.278762681000046 NAN, -71.051115906999939 42.278814969000052 NAN))"
3322,Neponset River Trail,,,3,,,SUP,0.001113471385566,"MULTILINESTRING M ((-71.052082017999965 42.278532032000044 NAN, -71.052230187999953 42.278643256000066 NAN, -71.052453541999967 42.278810872000065 NAN, -71.052597135999974 42.278917433000061 NAN, -71.052675553999961 42.278941559000032 NAN, -71.052714538999965 42.279098927000064 NAN, -71.052726676999953 42.279156113000056 NAN, -71.052560943999936 42.279180404000044 NAN))"
3323,,,,,,2018,SUP,0.002789156930527,
3324,,,,,,,SUP,0.003631637327541,"MULTILINESTRING M ((-71.100177004999978 42.340479840000057 NAN, -71.100345123999944 42.340547018000052 NAN, -71.100618930999985 42.340610264000077 NAN, -71.100784355999963 42.340690375000065 NAN, -71.101022602999933 42.340731468000058 NAN, -71.101166544999955 42.340833731000032 NAN, -71.101503099999945 42.341179471000032 NAN, -71.101987966999957 42.341643265000073 NAN, -71.102581215999976 42.342241976000025 NAN, -71.102994003999981 42.342636669000058 NAN))"
3325,Southwest Corridor,,,,,,SUP,0.000621122940156,"MULTILINESTRING M ((-71.083487706999961 42.339365509000061 NAN, -71.084012824999945 42.339697239000031 NAN))"
3326,,,,,,,SUP,0.004299880560435,
3327,,,,,,,SUP,0.003193591600771,
3328,,,,,,,SUP,0.000356171680437,"MULTILINESTRING M ((-71.029443795999953 42.36746301900007 NAN, -71.029363935999982 42.367441946000042 NAN, -71.029249849999985 42.367517808000059 NAN, -71.029118650999976 42.367555739000068 NAN))"
3329,,,,,,,SUP,0.001395038722959,"MULTILINESTRING M ((-71.026432133999947 42.364566774000025 NAN, -71.026284612999973 42.364650212000072 NAN, -71.026135293999971 42.364651840000079 NAN, -71.025964163999959 42.364630767000051 NAN, -71.025844372999984 42.364647626000078 NAN, -71.025701765999941 42.364698202000056 NAN, -71.025553452999986 42.364782498000068 NAN, -71.025462183999934 42.364816216000065 NAN, -71.02531387199997 42.364854148000063 NAN, -71.025103351999974 42.364857423000046 NAN))"
3330,Southwest Corridor,,,3,,,SUP,0.000957808090524,"MULTILINESTRING M ((-71.088935744999958 42.335670931000038 NAN, -71.089027478999981 42.33559963600004 NAN, -71.089168880999978 42.33562801000005 NAN, -71.089294987999949 42.335638466000034 NAN, -71.089437602999965 42.335628256000064 NAN, -71.089551402999973 42.335605795000049 NAN, -71.089654644999939 42.335577579000073 NAN, -71.089752131999944 42.335545770000067 NAN, -71.089845825999987 42.335504657000058 NAN))"
3331,Southwest Corridor,,,3,,,SUP,0.000142324042660,"MULTILINESTRING M ((-71.088935744999958 42.335670931000038 NAN, -71.08883121599996 42.335574340000051 NAN))"
3332,,,,,,,SUP,0.000727742374288,"MULTILINESTRING M ((-71.039978143999974 42.36711514600006 NAN, -71.039322093999942 42.366800174000048 NAN))"
3333,,,,,,,SUP,0.000741704888467,"MULTILINESTRING M ((-71.039367065999954 42.367498295000075 NAN, -71.039448010999934 42.36745400500007 NAN, -71.039509993999957 42.367411567000033 NAN, -71.039565919999973 42.367353860000037 NAN, -71.03962413499994 42.367264148000061 NAN, -71.039663649999966 42.367201802000068 NAN, -71.039643424999952 42.367155986000057 NAN, -71.039596364999966 42.367125308000027 NAN, -71.039530769999942 42.367099129000053 NAN, -71.03946097499994 42.367085129000031 NAN, -71.03939584799997 42.367084825000063 NAN))"
3334,,,,,,,SUP,0.000201815724723,"MULTILINESTRING M ((-71.039831086999982 42.367309372000079 NAN, -71.039702397999974 42.367244643000049 NAN, -71.039663649999966 42.367201802000068 NAN))"
3335,,,,,,,SUP,0.000255340201785,"MULTILINESTRING M ((-71.039650907999942 42.367172938000067 NAN, -71.039731909999944 42.367144144000065 NAN, -71.039828839999984 42.367101846000025 NAN, -71.039883832999976 42.367069866000065 NAN))"
3336,,,,,,,SUP,0.000513435775371,"MULTILINESTRING M ((-71.03939584799997 42.367084825000063 NAN, -71.039387867999949 42.366961352000033 NAN, -71.039363842999933 42.366872835000038 NAN, -71.039322093999942 42.366800174000048 NAN, -71.039261025999963 42.366770854000038 NAN, -71.039124907999962 42.366716841000027 NAN))"
3337,,,,,,,SUP,0.000973006831314,"MULTILINESTRING M ((-71.024726967999982 42.37963436800004 NAN, -71.02458887399996 42.37980187200003 NAN, -71.024485099999936 42.379930072000036 NAN, -71.024426823999988 42.379989382000076 NAN, -71.024032449999936 42.380309323000063 NAN))"
3338,,,,,,,SUP,0.001068294462060,"MULTILINESTRING M ((-71.01199543599995 42.383731511000065 NAN, -71.011840831999962 42.383790928000053 NAN, -71.011691075999977 42.383877951000045 NAN, -71.011587672999951 42.38395373600008 NAN, -71.011494079999977 42.38409054300007 NAN, -71.011410974999933 42.384200716000066 NAN, -71.011323141999981 42.384257511000044 NAN, -71.01124594199996 42.384268617000032 NAN, -71.011189512999977 42.384253133000072 NAN, -71.011135739999986 42.384236139000052 NAN))"
3339,,,,,,,SUP,0.002508081523710,"MULTILINESTRING M ((-71.009721966999962 42.384933279000052 NAN, -71.009662363999951 42.384955523000031 NAN, -71.007786169999974 42.385583986000029 NAN, -71.007341913999937 42.385724040000071 NAN))"
3340,,,,,,,SUPM,0.000880636659083,"MULTILINESTRING M ((-71.007341913999937 42.385724040000071 NAN, -71.007255862999955 42.385684619000074 NAN, -71.007158751999953 42.385611790000041 NAN, -71.007045920999985 42.385577006000062 NAN, -71.00694845299995 42.385549910000066 NAN, -71.006923135999955 42.385500256000057 NAN, -71.006977409999934 42.38511442600003 NAN))"
3341,,,,,,,SUPM,0.001673572012565,"MULTILINESTRING M ((-71.006977409999934 42.38511442600003 NAN, -71.007060599999988 42.385013007000055 NAN, -71.007117474999973 42.384971327000073 NAN, -71.007210246999989 42.384941235000042 NAN, -71.007307891999972 42.384945464000054 NAN, -71.007667359999971 42.38499654900005 NAN, -71.007939731999954 42.385009148000051 NAN, -71.008232873999987 42.384995156000059 NAN, -71.008500401999981 42.384969621000039 NAN, -71.00857763199997 42.38495470600003 NAN))"
3342,,,,,,,SUPM,0.000347699060008,"MULTILINESTRING M ((-71.00857763199997 42.38495470600003 NAN, -71.008763055999964 42.384909763000053 NAN, -71.008912403999943 42.384876099000053 NAN, -71.008912433999967 42.384872288000054 NAN))"
3343,,,,,,,SUPM,0.001101464120862,"MULTILINESTRING M ((-71.008912433999967 42.384872288000054 NAN, -71.009066448999988 42.38489962400007 NAN, -71.009256953999966 42.384862325000029 NAN, -71.009869885999933 42.384712488000048 NAN, -71.00997919699995 42.384663127000067 NAN))"
3344,,,,,,,SUP,0.001651466651314,"MULTILINESTRING M ((-71.011135739999986 42.384236139000052 NAN, -71.011097391999954 42.384199384000055 NAN, -71.011050800999953 42.384241110000062 NAN, -71.011004770999989 42.384210424000059 NAN, -71.010622115999979 42.384498450000081 NAN, -71.010410372999957 42.38462332000006 NAN, -71.010126509999964 42.384766938000041 NAN, -71.009904688999939 42.384865086000048 NAN, -71.009721966999962 42.384933279000052 NAN))"
3345,,,,,,,SUPM,0.001090982293317,"MULTILINESTRING M ((-71.00857763199997 42.38495470600003 NAN, -71.008839544999944 42.384990126000048 NAN, -71.009183828999937 42.385010650000027 NAN, -71.009399977999976 42.384981082000024 NAN, -71.009662363999951 42.384955523000031 NAN))"
3346,,,,,,,SUPM,0.000941773805329,"MULTILINESTRING M ((-71.00997919699995 42.384663127000067 NAN, -71.010112356999969 42.38460299500008 NAN, -71.010220843999946 42.384534855000027 NAN, -71.010360676999937 42.384402057000045 NAN, -71.01048508699995 42.384269194000069 NAN, -71.010547631999941 42.384158934000027 NAN, -71.01067186299997 42.384048937000045 NAN))"
3347,Constitution Beach Footbridge,,,,,,WALK,0.001735927119476,"MULTILINESTRING M ((-71.010497831999942 42.38542516800004 NAN, -71.010364849999974 42.385190999000031 NAN, -71.010730936999948 42.385051541000053 NAN, -71.010700386999986 42.385013299000036 NAN, -71.010303336999982 42.385167870000032 NAN, -71.00997919699995 42.384663127000067 NAN))"
3348,,,,,,,SUPM,0.001953183149271,"MULTILINESTRING M ((-71.008912433999967 42.384872288000054 NAN, -71.009324788999947 42.384733032000042 NAN, -71.009855880999964 42.384529489000045 NAN, -71.010253252999973 42.384332998000048 NAN, -71.01067186299997 42.384048937000045 NAN))"
3349,,,,,,,SUPM,0.001270094603312,"MULTILINESTRING M ((-71.01067186299997 42.384048937000045 NAN, -71.010825930999943 42.383986230000062 NAN, -71.010922724999944 42.383934238000052 NAN, -71.010994035999943 42.383853552000062 NAN, -71.011123693999934 42.383706418000031 NAN, -71.011189241999944 42.38353995500006 NAN, -71.011306747999981 42.383302253000068 NAN, -71.011398474999964 42.383073969000066 NAN))"
3350,,,,,,,SUPM,0.000718020690624,"MULTILINESTRING M ((-71.011398474999964 42.383073969000066 NAN, -71.011476835999986 42.382912324000074 NAN, -71.011554312999976 42.382865013000071 NAN, -71.011708714999941 42.382841848000055 NAN, -71.011999296999988 42.382864625000025 NAN))"
3351,,,,,,,SUP,0.002212400498470,"MULTILINESTRING M ((-71.116754508999975 42.32111924600008 NAN, -71.116796108999949 42.321095032000073 NAN, -71.116846671999951 42.321091790000025 NAN, -71.116920165999943 42.321095445000026 NAN, -71.11732189199995 42.321147930000052 NAN, -71.117927835999978 42.321242012000027 NAN, -71.118600251999965 42.321361884000055 NAN, -71.118930629999966 42.321436291000055 NAN))"
3352,,,,,,,SUP,0.001457767949576,"MULTILINESTRING M ((-71.118930629999966 42.321436291000055 NAN, -71.119116448999989 42.321481234000032 NAN, -71.119270043999961 42.321536301000037 NAN, -71.119368502999976 42.321591184000056 NAN, -71.119416460999958 42.321639080000068 NAN, -71.119434480999985 42.321698812000079 NAN, -71.119452284999966 42.321794346000047 NAN, -71.11948300399996 42.322034840000072 NAN, -71.119495434999976 42.32225992900004 NAN, -71.11951204099995 42.322554934000038 NAN))"
3353,,,,,,,SUP,0.001508278058507,
3354,,,,,,,SUP,0.000767404851132,"MULTILINESTRING M ((-71.039304754999989 42.366762189000042 NAN, -71.039178610999954 42.366656292000073 NAN, -71.039066651999974 42.366573000000074 NAN, -71.038913097999966 42.366486632000033 NAN, -71.038657072999968 42.366356976000077 NAN))"
3355,,,,,,2024,SBL,0.001842353130633,"MULTILINESTRING M ((-71.051408496999954 42.343731167000044 NAN, -71.051960061999978 42.344042691000027 NAN, -71.053116577999958 42.344394677000025 NAN))"
3356,Emerald Necklace Trail,,,2,,,SUPM,0.001916935985593,
3357,,,,,,2018,SBL,0.000546153591752,"MULTILINESTRING M ((-71.058133427999962 42.372688477000054 NAN, -71.057624153999939 42.37288576800006 NAN))"
3358,Constitution Road to Navy Yard Connection,,,8,,,SUP,0.000229753451912,"MULTILINESTRING M ((-71.05741197499998 42.372973897000065 NAN, -71.057624153999939 42.37288576800006 NAN))"
3359,,,,,,2018,SLM,0.000899197688594,"MULTILINESTRING M ((-71.043918585999961 42.351109672000064 NAN, -71.043360488999951 42.351814714000056 NAN))"
3360,,,,,,2018,BL,0.002112097463901,"MULTILINESTRING M ((-71.043360488999951 42.351814714000056 NAN, -71.044679465999934 42.352393479000057 NAN, -71.044816796999953 42.352470729000061 NAN, -71.045078569999987 42.352585651000027 NAN, -71.045286077999947 42.352680772000042 NAN))"
3361,,,,,,2018,BL,0.001801771587344,"MULTILINESTRING M ((-71.045286077999947 42.352680772000042 NAN, -71.046006647999945 42.353011079000055 NAN, -71.046028775999957 42.353021222000052 NAN, -71.046152067999969 42.35307774000006 NAN, -71.046924665999938 42.35343004300006 NAN))"
3362,,,,,,2018,SUP,0.000749640131991,"MULTILINESTRING M ((-71.092260757999952 42.297005929000079 NAN, -71.092032424999957 42.29702816300005 NAN, -71.091794059999984 42.297016904000031 NAN, -71.091618875999984 42.296995456000047 NAN, -71.091514804999974 42.29698075400006 NAN))"
3363,,,,,,2018,SUP,0.000582531233784,"MULTILINESTRING M ((-71.092406610999944 42.295910357000025 NAN, -71.092935046999969 42.296155506000048 NAN))"
3364,Emerald Necklace Trail,,,2,,,SUP,0.000154145770476,"MULTILINESTRING M ((-71.116964049999979 42.315667872000063 NAN, -71.117114324999989 42.315702199000043 NAN))"
3365,Emerald Necklace Trail,,,2,,,SUP,0.000173249927674,"MULTILINESTRING M ((-71.117233490999979 42.315564379000079 NAN, -71.117068462999953 42.315511641000057 NAN))"
3366,,,,,,,SUP,0.000694116045480,"MULTILINESTRING M ((-71.119581663999952 42.307297754000047 NAN, -71.119692419999978 42.30727554200007 NAN, -71.119732832999944 42.307407004000027 NAN, -71.119776132999959 42.307461118000049 NAN, -71.119826986999954 42.307468483000036 NAN, -71.119868273999941 42.307454227000051 NAN, -71.119961073999946 42.307337598000061 NAN, -71.120087718999969 42.307307345000027 NAN))"
3367,,,,,,,SLM,0.002555375938516,"MULTILINESTRING M ((-71.098955142999955 42.346823430000029 NAN, -71.099839239999937 42.347321337000039 NAN, -71.099986586999933 42.34735605700007 NAN, -71.100125014999946 42.347342855000079 NAN, -71.100245126999937 42.347309066000037 NAN, -71.10064603099994 42.347149392000063 NAN, -71.101108052999962 42.346972973000049 NAN, -71.101286718999972 42.346884411000076 NAN))"
3368,South Campus Drive,,,,,2016,SBL,0.001387570375461,"MULTILINESTRING M ((-71.131044649999978 42.36309441800006 NAN, -71.131031138999958 42.363184150000052 NAN, -71.130385387999979 42.364308768000058 NAN))"
3369,South Campus Drive,,,,,2016,SUP,0.002975639460931,"MULTILINESTRING M ((-71.130385387999979 42.364308768000058 NAN, -71.130410452999968 42.364411726000071 NAN, -71.12997052999998 42.365159216000052 NAN, -71.129920187999971 42.365199072000053 NAN, -71.129862304999961 42.365210319000028 NAN, -71.129781396999988 42.365204342000027 NAN, -71.129708363999953 42.36516980600004 NAN, -71.128184850999958 42.364377439000066 NAN))"
3370,Beacon Street,5278200.000000000000000,3,2,1,,BL,0.000725430787934,"MULTILINESTRING M ((-71.150191459999974 42.33611245600008 NAN, -71.150400923999939 42.336067935000074 NAN, -71.15090652799995 42.335991911000065 NAN))"
3371,,,,,,2021,SUP,0.002391958632037,"MULTILINESTRING M ((-71.128683618999958 42.360234911000077 NAN, -71.12808341799996 42.360636665000072 NAN, -71.127874252999959 42.36081321100005 NAN, -71.127703560999976 42.361001313000031 NAN, -71.127556395999989 42.361120890000052 NAN, -71.127362981999966 42.361240318000057 NAN, -71.127185218999955 42.361319777000062 NAN, -71.126945956999975 42.361370453000063 NAN, -71.126660646999937 42.361386677000041 NAN))"
3372,,,,,,2014,BL,0.001386643962861,"MULTILINESTRING M ((-71.137820082999951 42.361691782000037 NAN, -71.137399854999956 42.362435971000025 NAN, -71.137306172999956 42.362641482000072 NAN, -71.137295370999936 42.362732917000073 NAN, -71.13737189699998 42.36293284900006 NAN))"
3373,,,,,,2014,BL,0.000673344276081,"MULTILINESTRING M ((-71.138351470999964 42.360596943000075 NAN, -71.138074942999936 42.361210885000048 NAN))"
3374,,,,,,2014,BL,0.000544862299623,"MULTILINESTRING M ((-71.138074942999936 42.361210885000048 NAN, -71.138022856999953 42.361332680000032 NAN, -71.137820082999951 42.361691782000037 NAN))"
3375,,,,,,,SUP,0.007178550317562,
3376,,,,,,2021,SUP,0.001254556715049,"MULTILINESTRING M ((-71.128192148999972 42.364381234000064 NAN, -71.127753589999941 42.364061375000063 NAN, -71.127646812999956 42.363866658000063 NAN, -71.127601636999941 42.36368357300006 NAN, -71.127575651999962 42.363383599000031 NAN))"
3377,,,,,,2021,SUP,0.002512554733110,"MULTILINESTRING M ((-71.12262653099998 42.36305866500004 NAN, -71.12261190299995 42.362926407000032 NAN, -71.122651161999954 42.362806483000043 NAN, -71.122728894999966 42.362698118000026 NAN, -71.122899196999981 42.362578623000047 NAN, -71.124769086999947 42.362180039000066 NAN))"
3378,,,,,,2021,SUP,0.000746615710399,"MULTILINESTRING M ((-71.126660646999937 42.361386677000041 NAN, -71.126498437999942 42.361389833000032 NAN, -71.126328651999984 42.361423582000043 NAN, -71.126065621999942 42.361582799000075 NAN, -71.126043621999941 42.36168424400006 NAN))"
3379,,,,,,2021,SUP,0.002381134634178,"MULTILINESTRING M ((-71.126216916999965 42.361648012000046 NAN, -71.126300556999979 42.361967889000027 NAN, -71.126348163999978 42.362035347000074 NAN, -71.126869065999983 42.362591570000063 NAN, -71.127038314999936 42.362649288000057 NAN, -71.127292222999984 42.362730146000047 NAN, -71.127468642999986 42.362879356000064 NAN, -71.12753711199997 42.363033932000064 NAN, -71.127576401999988 42.363392260000069 NAN))"
3380,,,,,,2019,SBL,0.002800527592476,"MULTILINESTRING M ((-71.03764130199994 42.316387974000065 NAN, -71.035197574999984 42.315020073000028 NAN))"
3381,,,,,,2019,BL,0.003634408305622,
3382,Mount Vernon Street,4674600.000000000000000,6,2,,2019,SBL,0.000358002206638,"MULTILINESTRING M ((-71.039666293999971 42.316942141000027 NAN, -71.039330854999946 42.316817056000048 NAN))"
3383,,,,,,,BL,0.000386559333587,"MULTILINESTRING M ((-71.041857242999981 42.313281096000026 NAN, -71.042078906999961 42.313597787000049 NAN))"
3384,,,,,,2019,BL,0.003369728060251,"MULTILINESTRING M ((-71.039666293999971 42.316942141000027 NAN, -71.040188195999974 42.316144863000034 NAN, -71.04020810999998 42.316054424000072 NAN, -71.040352059999975 42.31567863600003 NAN, -71.040410660999953 42.315564533000043 NAN, -71.040514192999979 42.315450608000049 NAN, -71.041593086999967 42.314497333000077 NAN, -71.041689921999989 42.314421494000044 NAN, -71.041760521999947 42.314391048000061 NAN))"
3385,,,,,,2019,BL,0.000827236149725,"MULTILINESTRING M ((-71.043867794999983 42.314426808000064 NAN, -71.043067544999985 42.314217238000026 NAN))"
3386,,,,,,2019,BL,0.000755657048243,"MULTILINESTRING M ((-71.043812767999952 42.314532790000044 NAN, -71.043080643999986 42.314345675000027 NAN))"
3387,,,,,,2019,SUP,0.001033275849927,
3388,,,,,,2019,SUP,0.001209898213710,"MULTILINESTRING M ((-71.043067544999985 42.314217238000026 NAN, -71.043004646999975 42.31414624100006 NAN, -71.042860533999942 42.314102791000039 NAN, -71.042844812999988 42.314057469000034 NAN, -71.042813045999935 42.314012084000069 NAN, -71.042771547999962 42.313980952000065 NAN, -71.042659632999971 42.313923338000052 NAN, -71.042323748999934 42.313769549000028 NAN, -71.042285460999949 42.313738431000047 NAN, -71.042190023999979 42.313621330000046 NAN, -71.042078906999961 42.313597787000049 NAN))"
3389,,,,,,2019,SUP,0.000902504959184,"MULTILINESTRING M ((-71.042323748999934 42.313769549000028 NAN, -71.042359310999984 42.313733961000025 NAN, -71.042433228999982 42.31371996200005 NAN, -71.042632330999936 42.313704081000026 NAN, -71.042898708999985 42.313705140000025 NAN, -71.04307192999994 42.313717740000072 NAN, -71.043208350999976 42.313732048000077 NAN))"
3390,,,,,,2019,SUP,0.001336279052419,"MULTILINESTRING M ((-71.041760521999947 42.314391048000061 NAN, -71.041905067999949 42.314413417000026 NAN, -71.041987150999944 42.314421887000037 NAN, -71.042049456999962 42.314418756000066 NAN, -71.042248854999968 42.31436238100008 NAN, -71.042406286999949 42.314339188000076 NAN, -71.042570070999943 42.314325548000056 NAN, -71.042743309999935 42.314335766000056 NAN, -71.042938824999965 42.31437227400005 NAN, -71.043078939999987 42.314349348000064 NAN))"
3391,,,,,,2019,BL,0.000766662815441,"MULTILINESTRING M ((-71.036144298999943 42.314222070000028 NAN, -71.036726645999977 42.31372342800006 NAN))"
3392,,,,,,2019,BL,0.001011485250909,"MULTILINESTRING M ((-71.03858106399997 42.315760569000076 NAN, -71.037959473999933 42.316308151000044 NAN, -71.037873308999963 42.316469711000025 NAN))"
3393,,,,,,2019,SUP,0.005044479472848,"MULTILINESTRING M ((-71.034275256999933 42.313132490000044 NAN, -71.03858106399997 42.315760569000076 NAN))"
3394,Beacon Street,6283200.000000000000000,3,2,1,2010,BL,0.001372872623032,"MULTILINESTRING M ((-71.09734313499996 42.348809691000042 NAN, -71.098669926999946 42.348456984000052 NAN))"
3395,Cummins Highway,5161800.000000000000000,3,2,,2020,SBL,0.001047609509534,"MULTILINESTRING M ((-71.11534228499994 42.278047228000048 NAN, -71.114917264999974 42.277695248000043 NAN, -71.114534652999964 42.277379984000049 NAN))"
3396,Cummins Highway,5161800.000000000000000,3,2,,2020,SBL,0.000925135855542,"MULTILINESTRING M ((-71.113566014999947 42.276752940000051 NAN, -71.113233210999965 42.276587278000079 NAN, -71.112797379999961 42.276365801000054 NAN, -71.112744373999988 42.276329045000068 NAN))"
3397,,,,,,,SUPM,0.005076122641139,
3398,,,,,,,SUP,0.000497808849090,"MULTILINESTRING M ((-71.072501736999982 42.359670538000046 NAN, -71.072596957999963 42.359561167000038 NAN, -71.072751408999977 42.35942860800003 NAN, -71.072886307999966 42.359364730000038 NAN))"
3399,,,,,,,SUP,0.005377196482975,
3400,,,,H,,,SUPM,0.002499869880578,"MULTILINESTRING M ((-71.044616791999943 42.353370187000053 NAN, -71.044524559999957 42.353317478000065 NAN, -71.043768068999952 42.352985663000027 NAN, -71.043562584999961 42.352896607000048 NAN, -71.043448812999941 42.352844281000046 NAN, -71.043140264999977 42.353166313000031 NAN, -71.042416009999954 42.352897861000031 NAN))"
3401,Emerald Necklace Trail/Sears Rotary,,,2,,,SUP,0.000440433950975,"MULTILINESTRING M ((-71.10409588999994 42.34391871400004 NAN, -71.104067015999988 42.343914685000072 NAN, -71.103995021999935 42.343947660000026 NAN, -71.103902052999956 42.343975684000043 NAN, -71.103810394999982 42.343981212000074 NAN, -71.103714129999958 42.343970876000071 NAN, -71.103670018999935 42.343956644000059 NAN))"
3402,,,,,,,SUPM,0.003102274856084,
3403,,,,,,,SUPM,0.000310340465200,"MULTILINESTRING M ((-71.038863872999968 42.288580315000047 NAN, -71.038553712999942 42.288569733000031 NAN))"
3404,,,,,,,SUPM,0.000435328713179,"MULTILINESTRING M ((-71.038553712999942 42.288569733000031 NAN, -71.038119012999971 42.288546345000043 NAN))"
3405,,,,,,,SUPM,0.000283250235775,"MULTILINESTRING M ((-71.038119012999971 42.288546345000043 NAN, -71.038039975999936 42.28862235400004 NAN, -71.03797674599997 42.288704210000049 NAN, -71.03797674599997 42.288774372000034 NAN))"
3406,,,,,,,SUPM,0.001372410382264,"MULTILINESTRING M ((-71.03797674599997 42.288774372000034 NAN, -71.038126915999953 42.28890300200004 NAN, -71.038364024999964 42.289160261000063 NAN, -71.038466772999982 42.289388286000076 NAN, -71.038474675999964 42.289598769000065 NAN, -71.038427254999988 42.289768324000079 NAN, -71.038316602999942 42.289920339000048 NAN))"
3407,,,,,,,SUPM,0.000293029801366,"MULTILINESTRING M ((-71.038316602999942 42.289920339000048 NAN, -71.038221759999942 42.290013887000043 NAN, -71.038126915999953 42.29014251500007 NAN))"
3408,,,,,,,SUPM,0.001166812857351,"MULTILINESTRING M ((-71.038316602999942 42.289920339000048 NAN, -71.038585327999954 42.289990500000044 NAN, -71.038798726999971 42.289978807000068 NAN, -71.038940991999937 42.289926186000059 NAN, -71.039099064999959 42.289797558000032 NAN, -71.039178100999948 42.28966308300005 NAN, -71.039186004999976 42.289499374000059 NAN))"
3409,,,,,,,SUPM,0.000569338633406,"MULTILINESTRING M ((-71.039186004999976 42.289499374000059 NAN, -71.039525861999948 42.289487681000026 NAN, -71.039755067999977 42.289493527000047 NAN))"
3410,,,,,,,SUPM,0.001175268994924,"MULTILINESTRING M ((-71.039186004999976 42.289499374000059 NAN, -71.039162293999937 42.289359052000066 NAN, -71.038996316999942 42.289218729000027 NAN, -71.038790821999953 42.289055019000045 NAN, -71.038640653999948 42.288856227000053 NAN, -71.038553712999942 42.288645742000028 NAN, -71.038553712999942 42.288569733000031 NAN))"
3411,,,,,,,SUPM,0.000529223436430,"MULTILINESTRING M ((-71.038119012999971 42.288546345000043 NAN, -71.037893757999939 42.28842940800007 NAN, -71.037794962999953 42.28827410100007 NAN, -71.037794962999953 42.288182744000039 NAN))"
3412,,,,,,,SUPM,0.002057720318030,"MULTILINESTRING M ((-71.037794962999953 42.288182744000039 NAN, -71.037832011999967 42.28802743600005 NAN, -71.037918456999932 42.28792694200007 NAN, -71.038116047999949 42.287780769000051 NAN, -71.038214843999981 42.287643732000049 NAN, -71.038239542999975 42.287442743000042 NAN, -71.038276591999988 42.28726002600007 NAN, -71.038461832999985 42.287132123000049 NAN, -71.038721170999963 42.287040764000039 NAN, -71.039066955999942 42.287086444000067 NAN, -71.039165751999974 42.287141260000055 NAN))"
3413,,,,,,,SUPM,0.000198997210471,"MULTILINESTRING M ((-71.039165751999974 42.287141260000055 NAN, -71.039303966999967 42.286998094000069 NAN))"
3414,,,,,,,SUPM,0.001859852910244,"MULTILINESTRING M ((-71.039165751999974 42.287141260000055 NAN, -71.039289245999953 42.28726916100004 NAN, -71.03935099399996 42.287442743000042 NAN, -71.039301595999973 42.287570645000073 NAN, -71.039178100999948 42.287735090000069 NAN, -71.038968159999968 42.287881263000031 NAN, -71.038758219999977 42.287990893000028 NAN, -71.038585327999954 42.288146201000075 NAN, -71.038535929999966 42.288356323000073 NAN, -71.038553712999942 42.288569733000031 NAN))"
3415,,,,,,,SUPM,0.000808312548081,"MULTILINESTRING M ((-71.037832011999967 42.28802743600005 NAN, -71.037794962999953 42.288182744000039 NAN, -71.037775045999979 42.288377956000033 NAN, -71.037810453999953 42.288523894000036 NAN, -71.037881270999947 42.28865860500008 NAN, -71.03797674599997 42.288774372000034 NAN))"
3416,,,,,,,SUPM,0.000683684713080,"MULTILINESTRING M ((-71.042704713999967 42.283918173000075 NAN, -71.042466019999949 42.283745901000032 NAN, -71.042157286999952 42.283508727000026 NAN))"
3417,,,,,,,SUPM,0.001518924492365,"MULTILINESTRING M ((-71.042157286999952 42.283508727000026 NAN, -71.042015510999988 42.283371673000033 NAN, -71.041936473999954 42.283219642000063 NAN, -71.041881148999948 42.282997443000056 NAN, -71.041857437999965 42.282804480000038 NAN, -71.041920667999989 42.282582279000053 NAN, -71.041983895999977 42.282324993000032 NAN, -71.042047125999943 42.282102790000067 NAN))"
3418,,,,,,,SUPM,0.002245619039545,"MULTILINESTRING M ((-71.042047125999943 42.282102790000067 NAN, -71.042070835999937 42.281868892000034 NAN, -71.042094546999977 42.281442025000047 NAN, -71.042086643999937 42.281167192000055 NAN, -71.042173583999954 42.28100930800008 NAN, -71.042323752999948 42.280904053000029 NAN, -71.042481825999971 42.280851424000048 NAN, -71.042647802999966 42.280863120000049 NAN, -71.042877008999938 42.280915747000051 NAN, -71.043232672999977 42.281038546000048 NAN))"
3419,,,,,,,SUPM,0.001686583197620,"MULTILINESTRING M ((-71.043232672999977 42.281038546000048 NAN, -71.04303508199996 42.281225667000058 NAN, -71.042805875999989 42.281477110000026 NAN, -71.042663609999977 42.281728552000061 NAN, -71.042545055999938 42.28194490900006 NAN, -71.042394886999944 42.282050163000065 NAN, -71.042213102999938 42.282102790000067 NAN, -71.042047125999943 42.282102790000067 NAN))"
3420,,,,,,,SUPM,0.000926961248515,"MULTILINESTRING M ((-71.043232672999977 42.281038546000048 NAN, -71.043580433999978 42.281143802000031 NAN, -71.04414159199996 42.28119643000008 NAN))"
3421,,,,,,,SUPM,0.002829137930122,"MULTILINESTRING M ((-71.04414159199996 42.28119643000008 NAN, -71.04415739999996 42.281325075000041 NAN, -71.044252243999949 42.281512195000062 NAN, -71.044418219999955 42.281652535000035 NAN, -71.044679040999938 42.281816265000032 NAN, -71.044805498999949 42.281915672000025 NAN, -71.044845016999943 42.282096943000056 NAN, -71.044726462999961 42.282254823000073 NAN, -71.044370797999989 42.282529652000051 NAN, -71.044196918999944 42.282693379000079 NAN, -71.043762878999985 42.28328319700006 NAN))"
3422,,,,,,,SUPM,0.000583280541250,"MULTILINESTRING M ((-71.04414159199996 42.28119643000008 NAN, -71.044266074999939 42.280937676000065 NAN, -71.044352520999951 42.280654434000041 NAN))"
3423,,,,,,,SUPM,0.000304269301906,"MULTILINESTRING M ((-71.044352520999951 42.280654434000041 NAN, -71.044241375999945 42.280371191000029 NAN))"
3424,,,,,,,SUPM,0.009913474539711,
3425,,,,,,,SUPM,0.001187254842700,"MULTILINESTRING M ((-71.045303428999944 42.27987779800003 NAN, -71.04492059599994 42.280161043000078 NAN, -71.044550112999957 42.280279823000058 NAN, -71.044241375999945 42.280371191000029 NAN))"
3426,,,,,,,SUPM,0.001348604302317,"MULTILINESTRING M ((-71.045303428999944 42.27987779800003 NAN, -71.044945294999934 42.279722469000035 NAN, -71.044747703999974 42.279475771000079 NAN, -71.044772402999968 42.279293030000076 NAN, -71.04492059599994 42.279055467000035 NAN, -71.045007041999952 42.278900136000061 NAN))"
3427,,,,,,,SUPM,0.000809760848779,"MULTILINESTRING M ((-71.045007041999952 42.278900136000061 NAN, -71.044624208999949 42.278945822000026 NAN, -71.044241375999945 42.279128563000029 NAN))"
3428,,,,,,,SUPM,0.000975179336282,"MULTILINESTRING M ((-71.045007041999952 42.278900136000061 NAN, -71.045451622999963 42.27885445000004 NAN, -71.045723309999971 42.278744805000031 NAN, -71.045871503999933 42.278562062000049 NAN))"
3429,,,,,,,SUPM,0.000405347245640,"MULTILINESTRING M ((-71.045303428999944 42.27987779800003 NAN, -71.045673911999984 42.280042263000041 NAN))"
3430,,,,,,,SUPM,0.001748361074849,"MULTILINESTRING M ((-71.045673911999984 42.280042263000041 NAN, -71.045081137999944 42.280828034000081 NAN, -71.04492059599994 42.280828034000081 NAN, -71.044760052999948 42.280745803000059 NAN, -71.04450071399998 42.280654434000041 NAN, -71.044352520999951 42.280654434000041 NAN))"
3431,,,,,,,SUPM,0.000960769453476,"MULTILINESTRING M ((-71.177293467999959 42.281734990000075 NAN, -71.177400267999985 42.281758024000055 NAN, -71.177440733999958 42.281791705000046 NAN, -71.177567192999959 42.282356803000027 NAN, -71.177612717999978 42.282431650000035 NAN, -71.177743570999951 42.282450370000049 NAN))"
3432,,,,,,,SUPM,0.000172687353034,"MULTILINESTRING M ((-71.177743570999951 42.282450370000049 NAN, -71.17791621799995 42.282454103000077 NAN))"
3433,,,,,,,SUPM,0.002357995265280,"MULTILINESTRING M ((-71.17791621799995 42.282454103000077 NAN, -71.17821971799998 42.282450361000031 NAN, -71.178745784999933 42.282424165000066 NAN, -71.179337609999948 42.282394226000065 NAN, -71.179757451999933 42.282397969000044 NAN, -71.180268342999966 42.282330606000073 NAN))"
3434,,,,,,,SUPM,0.002704450075502,"MULTILINESTRING M ((-71.17791621799995 42.282454103000077 NAN, -71.177906100999962 42.28190397700007 NAN, -71.177946566999935 42.281832872000052 NAN, -71.178098317999968 42.281698146000053 NAN, -71.178265242999942 42.281585874000029 NAN, -71.178452401999948 42.281525995000038 NAN, -71.17883683499997 42.281447405000051 NAN, -71.179312317999972 42.28138378400007 NAN, -71.179585467999971 42.281380041000034 NAN, -71.179911789999949 42.281391892000045 NAN))"
3435,,,,,,,SUPM,0.000660016896189,"MULTILINESTRING M ((-71.179911789999949 42.281391892000045 NAN, -71.180541493999954 42.281589617000066 NAN))"
3436,,,,,,,SUPM,0.002031314697705,"MULTILINESTRING M ((-71.180210468999974 42.281194538000079 NAN, -71.180803577999939 42.280950833000077 NAN, -71.18105649499995 42.28086896700006 NAN, -71.181254085999967 42.280863120000049 NAN, -71.18217881399994 42.280921595000052 NAN))"
3437,,,,,,,SUPM,0.002929940181308,"MULTILINESTRING M ((-71.18217881399994 42.280921595000052 NAN, -71.182653032999951 42.280956680000031 NAN, -71.183032406999985 42.281038546000048 NAN, -71.183372263999956 42.281184734000078 NAN, -71.183712120999985 42.281313380000029 NAN, -71.184083591999979 42.281383550000044 NAN, -71.185032029999945 42.281494653000038 NAN))"
3438,,,,,,,SUPM,0.000578868180968,"MULTILINESTRING M ((-71.185032029999945 42.281494653000038 NAN, -71.185174295999957 42.281541433000029 NAN, -71.185245428999963 42.281652535000035 NAN, -71.185245428999963 42.281769485000041 NAN, -71.185158488999946 42.281927366000048 NAN))"
3439,,,,,,,SUPM,0.002451875003351,"MULTILINESTRING M ((-71.185032029999945 42.281494653000038 NAN, -71.185608996999974 42.281336770000053 NAN, -71.18590143199998 42.281319228000029 NAN, -71.18608321499994 42.281395245000056 NAN, -71.186170155999946 42.281494653000038 NAN, -71.186178058999985 42.281629145000068 NAN, -71.186091119999958 42.281769485000041 NAN, -71.185893527999951 42.281845502000067 NAN, -71.185514152999986 42.281874740000035 NAN, -71.185175262999962 42.281896904000064 NAN))"
3440,,,,,,,SUPM,0.004434257767560,
3441,,,,,,,SUPM,0.010067039681739,
3442,,,,,,,SUPM,0.002439895608128,"MULTILINESTRING M ((-71.181863654999972 42.28390706600004 NAN, -71.182394681999938 42.283733476000066 NAN, -71.183073900999943 42.283468520000042 NAN, -71.183629626999959 42.283185289000073 NAN, -71.184127382999975 42.283007936000047 NAN))"
3443,,,,,,,SUPM,0.000449514108285,"MULTILINESTRING M ((-71.181863654999972 42.28390706600004 NAN, -71.181420062999962 42.283979792000025 NAN))"
3444,,,,,,,SUPM,0.002904018140721,"MULTILINESTRING M ((-71.181420062999962 42.283979792000025 NAN, -71.181032783999967 42.284049960000061 NAN, -71.180811482999957 42.284067501000038 NAN, -71.180669215999956 42.284044112000061 NAN, -71.180384684999979 42.283921319000058 NAN, -71.179815622999968 42.28362895500004 NAN, -71.179499476999979 42.283512009000049 NAN, -71.179135908999967 42.283476925000059 NAN, -71.178645882999945 42.283430146000057 NAN))"
3445,,,,,,,SUPM,0.001371016016869,"MULTILINESTRING M ((-71.178645882999945 42.283430146000057 NAN, -71.178416676999973 42.283354131000067 NAN, -71.178203277999955 42.283231337000075 NAN, -71.178045204999933 42.28309100000007 NAN, -71.177934553999933 42.282903885000053 NAN, -71.177895035999939 42.282705074000035 NAN, -71.17791621799995 42.282454103000077 NAN))"
3446,,,,,,,SUPM,0.001361254120376,"MULTILINESTRING M ((-71.178645882999945 42.283430146000057 NAN, -71.178614267999933 42.283576329000027 NAN, -71.178914605999978 42.283687428000064 NAN, -71.179175426999961 42.283833610000045 NAN, -71.179373017999978 42.284026571000027 NAN, -71.179508563999946 42.284312344000057 NAN))"
3447,,,,,,,SUPM,0.000337325450279,"MULTILINESTRING M ((-71.180268342999966 42.282330606000073 NAN, -71.180455817999984 42.282360077000078 NAN, -71.180582276999985 42.282436094000047 NAN))"
3448,,,,,,,SUPM,0.002090825248636,"MULTILINESTRING M ((-71.180582276999985 42.282436094000047 NAN, -71.180700830999967 42.282605668000031 NAN, -71.181001169999945 42.282833716000027 NAN, -71.181546521999962 42.283266421000064 NAN, -71.181641364999962 42.283465230000047 NAN, -71.181593942999939 42.283693275000076 NAN, -71.181412158999933 42.283892083000069 NAN, -71.181420062999962 42.283979792000025 NAN))"
3449,,,,,,,SUPM,0.000322443056524,"MULTILINESTRING M ((-71.180582276999985 42.282436094000047 NAN, -71.180667141999947 42.282391382000071 NAN, -71.180806347999976 42.282343480000065 NAN, -71.18081282299994 42.282264442000042 NAN))"
3450,,,,,,,SUPM,0.000363943972460,"MULTILINESTRING M ((-71.18081282299994 42.282264442000042 NAN, -71.180686566999952 42.282264442000042 NAN, -71.180589446999988 42.282228515000043 NAN, -71.180495563999955 42.282132711000031 NAN))"
3451,,,,,,,SUPM,0.000302234085622,"MULTILINESTRING M ((-71.180495563999955 42.282132711000031 NAN, -71.180411392999986 42.282221330000027 NAN, -71.180268342999966 42.282330606000073 NAN))"
3452,,,,,,,SUPM,0.000559238361074,"MULTILINESTRING M ((-71.180541493999954 42.281589617000066 NAN, -71.180476139999939 42.281759071000067 NAN, -71.180466427999988 42.281902779000063 NAN, -71.180469665999965 42.282041696000078 NAN, -71.180495563999955 42.282132711000031 NAN))"
3453,,,,,,,SUPM,0.000185394349668,"MULTILINESTRING M ((-71.18081282299994 42.282264442000042 NAN, -71.180926128999943 42.282209354000031 NAN, -71.180985361999944 42.282213891000026 NAN))"
3454,,,,,,,SUPM,0.001319454420804,"MULTILINESTRING M ((-71.180541493999954 42.281589617000066 NAN, -71.180592683999976 42.281471656000065 NAN, -71.180644480999945 42.281402196000045 NAN, -71.18075455099995 42.281256093000025 NAN, -71.180864619999966 42.281148311000038 NAN, -71.181016774999989 42.281057295000039 NAN, -71.181107419999933 42.281014183000025 NAN, -71.181207776999941 42.281002207000029 NAN, -71.181343744999936 42.281050110000081 NAN, -71.181434390999982 42.281102803000067 NAN, -71.181537984999977 42.281196214000033 NAN))"
3455,,,,,,,SUPM,0.000654320761018,"MULTILINESTRING M ((-71.181537984999977 42.281196214000033 NAN, -71.181693377999977 42.28111717400003 NAN, -71.181994449999934 42.281006997000077 NAN, -71.18207861999997 42.28098065000006 NAN, -71.182111116999977 42.280917315000067 NAN))"
3456,,,,,,,SUPM,0.001895761727782,"MULTILINESTRING M ((-71.181537984999977 42.281196214000033 NAN, -71.181280010999956 42.281496056000037 NAN, -71.181153551999955 42.281701888000043 NAN, -71.181138376999968 42.281889007000075 NAN, -71.181173785999988 42.282012506000058 NAN, -71.181239543999936 42.282136004000051 NAN, -71.181406468999967 42.282293183000036 NAN, -71.181563276999952 42.282424165000066 NAN, -71.181689735999953 42.28254766200007 NAN, -71.181846859999951 42.282658295000033 NAN))"
3457,Emerald Necklace Trail,,,2,,,SUP,0.000208395919110,"MULTILINESTRING M ((-71.100015739999947 42.340354040000079 NAN, -71.100032425999984 42.340362520000042 NAN, -71.10005115499996 42.340372038000055 NAN, -71.100094055999989 42.340395585000067 NAN, -71.100129709999976 42.34041893400007 NAN, -71.100177004999978 42.340479840000057 NAN))"
3458,Richard B. Ross Way,,,2,,,BLSL,0.000947149822225,"MULTILINESTRING M ((-71.099303615999986 42.345133193000038 NAN, -71.098870991999945 42.344290620000038 NAN))"
3459,Draw Seven Path,,,,,2021,SUP,0.000314981124656,"MULTILINESTRING M ((-71.074299691999954 42.390567288000057 NAN, -71.074421265999945 42.390609074000054 NAN, -71.074510014999987 42.390681176000044 NAN, -71.074551431999964 42.390740169000026 NAN))"
3460,,,,,,,CFSBL,0.000713769256389,"MULTILINESTRING M ((-71.118380722999973 42.363990423000075 NAN, -71.118293414999982 42.364072665000037 NAN, -71.118160197999941 42.36408061000003 NAN, -71.117824408999979 42.36410359100006 NAN, -71.117701534999981 42.364118685000051 NAN))"
3461,Western Avenue,4435000.000000000000000,3,1,,2021,BL,0.000123863758925,"MULTILINESTRING M ((-71.117702292999979 42.364192630000048 NAN, -71.117825833999973 42.364183694000076 NAN))"
3462,,,,,,2021,SUP,0.000000000000000,
3463,,,,,,2021,SUP,0.000000000000000,
3464,,,,,,,SUP,0.000424169087515,"MULTILINESTRING M ((-71.125669870999957 42.359414278000031 NAN, -71.125248318999979 42.359461324000051 NAN))"
3465,,,,,,,SUP,0.000266350659639,"MULTILINESTRING M ((-71.12511501399996 42.359233333000077 NAN, -71.125258452999958 42.359457761000044 NAN))"
3466,,,,,,,SUPM,0.000303462280796,"MULTILINESTRING M ((-71.125248318999979 42.359461324000051 NAN, -71.125149427999986 42.359600455000077 NAN, -71.125028248999968 42.359654702000057 NAN))"
3467,,,,,,,SUPM,0.001412026257495,"MULTILINESTRING M ((-71.091525735999937 42.267888503000052 NAN, -71.09067276899998 42.267965245000028 NAN, -71.090701369999977 42.268123019000029 NAN, -71.090636367999934 42.268123019000029 NAN, -71.090615567999976 42.267976790000034 NAN, -71.090433350999945 42.267988067000033 NAN))"
3468,,,,,,,WALK,0.002024469672565,
3469,,,,,,,WALK,0.001543217061510,
3470,Summer Street,5610600.000000000000000,3,2,,2023,BL,0.001208242028420,"MULTILINESTRING M ((-71.035551662999978 42.339895054000067 NAN, -71.035589321999964 42.34110270900004 NAN))"
3471,Neponset River Trail,,,3,,,SUP,0.004852935705437,"MULTILINESTRING M ((-71.116229180999937 42.255108369000027 NAN, -71.114602514999945 42.256850881000048 NAN, -71.114244407999934 42.257208419000051 NAN, -71.113934962999963 42.257473216000051 NAN, -71.113515700999983 42.257761942000059 NAN, -71.113029282999946 42.258020425000041 NAN, -71.112575879999952 42.258221409000043 NAN))"
3472,Neponset River Trail,,,3,,,SUP,0.004032801417327,"MULTILINESTRING M ((-71.065325730999973 42.270871764000049 NAN, -71.065157202999956 42.270928519000051 NAN, -71.064484943999958 42.271211816000061 NAN, -71.063879292999957 42.271614094000029 NAN, -71.063283657999989 42.272018096000068 NAN, -71.062672824999936 42.272427098000037 NAN, -71.062062171999969 42.272836663000078 NAN, -71.061979848999954 42.27289034100005 NAN, -71.061902108999959 42.272964075000061 NAN, -71.061900034999951 42.27296601200004 NAN))"
3473,Neponset River Trail,,,3,,,SUP,0.005476155950327,"MULTILINESTRING M ((-71.08489813999995 42.268980622000072 NAN, -71.084773712999947 42.269231467000054 NAN, -71.088730442999974 42.26996433100004 NAN, -71.089468090999958 42.269966970000041 NAN, -71.089867362999939 42.269795674000079 NAN))"
3474,Boylston Street,4529600.000000000000000,2,2,,2022,SBLBL,0.001034535960846,"MULTILINESTRING M ((-71.098870992999935 42.344290622000074 NAN, -71.098332889999938 42.344444489000068 NAN, -71.097874161999982 42.344567236000046 NAN))"
3475,Charles River Dam,6250900.000000000000000,2,3,1,2019,SBL,0.001058103955966,"MULTILINESTRING M ((-71.070540448999964 42.367835299000035 NAN, -71.069596900999954 42.367356445000041 NAN))"
3476,Cambridge Street,6236600.000000000000000,3,2,1,2022,BL,0.000766522339608,"MULTILINESTRING M ((-71.064394109999967 42.361252057000058 NAN, -71.06516058699998 42.361243720000061 NAN))"
3477,Ipswich Street,4523600.000000000000000,0,2,,2022,BL,0.000396725485345,"MULTILINESTRING M ((-71.095608112999969 42.345725729000037 NAN, -71.095677647999935 42.345942044000026 NAN, -71.095692501999963 42.346110901000031 NAN))"
3478,Commonwealth Avenue,6224900.000000000000000,3,2,1,2023,SBL,0.001377637590574,"MULTILINESTRING M ((-71.102256796999939 42.349574503000042 NAN, -71.10362422299994 42.349741929000061 NAN))"
3479,Commonwealth Avenue,6233700.000000000000000,3,2,1,2018,SBL,0.001013267142661,"MULTILINESTRING M ((-71.108662934999984 42.350368011000057 NAN, -71.109666226999934 42.350509840000029 NAN))"
3480,,,,,,2023,SBL,0.001429765000210,"MULTILINESTRING M ((-71.092155808999962 42.268780443000026 NAN, -71.091416455999934 42.26833134900005 NAN, -71.091313850999938 42.268213660000072 NAN, -71.091339279999943 42.268061666000051 NAN, -71.091525735999937 42.267888503000052 NAN))"
3481,Guest Street,,,,,2024,SBLSL,0.002988531152413,
3482,Chestnut Hill Reservoir Multi-Use Path,,,,,,SUPN,0.002287108105386,
3483,Chestnut Hill Reservoir Multi-Use Path,,,,,,SUPN,0.011882362804631,
3484,Chestnut Hill Reservoir Multi-Use Path,,,,,,SUPN,0.012894379614542,
